0 verbose cli /data/data/com.termux/files/usr/bin/node /data/data/com.termux/files/usr/bin/npm
1 info using npm@11.13.0
2 info using node@v25.8.2
3 silly config load:file:/data/data/com.termux/files/usr/lib/node_modules/npm/npmrc
4 silly config load:file:/data/data/com.termux/files/home/nexus-ai/frontend/canvas/.npmrc
5 silly config load:file:/data/data/com.termux/files/home/.npmrc
6 silly config load:file:/data/data/com.termux/files/usr/etc/npmrc
7 verbose title npm install
8 verbose argv "install" "--legacy-peer-deps"
9 verbose logfile logs-max:10 dir:/data/data/com.termux/files/home/.npm/_logs/2026-05-04T21_41_45_860Z-
10 verbose logfile /data/data/com.termux/files/home/.npm/_logs/2026-05-04T21_41_45_860Z-debug-0.log
11 silly logfile start cleaning logs, removing 1 files
12 silly packumentCache heap:1089470464 maxSize:272367616 maxEntrySize:136183808
13 silly logfile done cleaning log files
14 silly idealTree buildDeps
15 silly fetch manifest react@^18.2.0
16 silly packumentCache full:https://registry.npmjs.org/react cache-miss
17 http cache https://registry.npmjs.org/react 149ms (cache hit)
18 silly packumentCache full:https://registry.npmjs.org/react set size:6637568 disposed:false
19 silly fetch manifest react-dom@^18.2.0
20 silly packumentCache full:https://registry.npmjs.org/react-dom cache-miss
21 http cache https://registry.npmjs.org/react-dom 124ms (cache hit)
22 silly packumentCache full:https://registry.npmjs.org/react-dom set size:8846320 disposed:false
23 silly fetch manifest react-scripts@5.0.1
24 silly packumentCache full:https://registry.npmjs.org/react-scripts cache-miss
25 http cache https://registry.npmjs.org/react-scripts 47ms (cache hit)
26 silly packumentCache full:https://registry.npmjs.org/react-scripts set size:485610 disposed:false
27 silly placeDep ROOT react@18.3.1 OK for: nexus-canvas@1.0.0 want: ^18.2.0
28 silly placeDep ROOT react-dom@18.3.1 OK for: nexus-canvas@1.0.0 want: ^18.2.0
29 silly placeDep ROOT react-scripts@5.0.1 OK for: nexus-canvas@1.0.0 want: 5.0.1
30 silly fetch manifest loose-envify@^1.1.0
31 silly packumentCache full:https://registry.npmjs.org/loose-envify cache-miss
32 silly fetch manifest scheduler@^0.23.2
33 silly packumentCache full:https://registry.npmjs.org/scheduler cache-miss
34 silly fetch manifest loose-envify@^1.1.0
35 silly packumentCache full:https://registry.npmjs.org/loose-envify cache-miss
36 silly fetch manifest bfj@^7.0.2
37 silly packumentCache full:https://registry.npmjs.org/bfj cache-miss
38 silly fetch manifest jest@^27.4.3
39 silly packumentCache full:https://registry.npmjs.org/jest cache-miss
40 silly fetch manifest dotenv@^10.0.0
41 silly packumentCache full:https://registry.npmjs.org/dotenv cache-miss
42 silly fetch manifest eslint@^8.3.0
43 silly packumentCache full:https://registry.npmjs.org/eslint cache-miss
44 http cache https://registry.npmjs.org/loose-envify 54ms (cache hit)
45 silly packumentCache full:https://registry.npmjs.org/loose-envify set size:12559 disposed:false
46 silly fetch manifest semver@^7.3.5
47 silly packumentCache full:https://registry.npmjs.org/semver cache-miss
48 http cache https://registry.npmjs.org/loose-envify 58ms (cache hit)
49 silly packumentCache full:https://registry.npmjs.org/loose-envify set size:12559 disposed:false
50 silly packumentCache full:https://registry.npmjs.org/loose-envify dispose
51 silly fetch manifest postcss@^8.4.4
52 silly packumentCache full:https://registry.npmjs.org/postcss cache-miss
53 http cache https://registry.npmjs.org/scheduler 109ms (cache hit)
54 silly packumentCache full:https://registry.npmjs.org/scheduler set size:5499334 disposed:false
55 silly fetch manifest prompts@^2.4.2
56 silly packumentCache full:https://registry.npmjs.org/prompts cache-miss
57 http cache https://registry.npmjs.org/bfj 273ms (cache hit)
58 silly packumentCache full:https://registry.npmjs.org/bfj set size:141981 disposed:false
59 silly fetch manifest resolve@^1.20.0
60 silly packumentCache full:https://registry.npmjs.org/resolve cache-miss
61 http cache https://registry.npmjs.org/jest 290ms (cache hit)
62 silly packumentCache full:https://registry.npmjs.org/jest set size:855903 disposed:false
63 silly fetch manifest webpack@^5.64.4
64 silly packumentCache full:https://registry.npmjs.org/webpack cache-miss
65 http cache https://registry.npmjs.org/dotenv 331ms (cache hit)
66 silly packumentCache full:https://registry.npmjs.org/dotenv set size:277832 disposed:false
67 silly fetch manifest fs-extra@^10.0.0
68 silly packumentCache full:https://registry.npmjs.org/fs-extra cache-miss
69 http cache https://registry.npmjs.org/eslint 363ms (cache hit)
70 silly packumentCache full:https://registry.npmjs.org/eslint set size:1990528 disposed:false
71 silly fetch manifest camelcase@^6.2.1
72 silly packumentCache full:https://registry.npmjs.org/camelcase cache-miss
73 http cache https://registry.npmjs.org/semver 483ms (cache hit)
74 silly packumentCache full:https://registry.npmjs.org/semver set size:229571 disposed:false
75 silly fetch manifest babel-jest@^27.4.2
76 silly packumentCache full:https://registry.npmjs.org/babel-jest cache-miss
77 http cache https://registry.npmjs.org/postcss 499ms (cache hit)
78 silly packumentCache full:https://registry.npmjs.org/postcss set size:720302 disposed:false
79 silly fetch manifest css-loader@^6.5.1
80 silly packumentCache full:https://registry.npmjs.org/css-loader cache-miss
81 http cache https://registry.npmjs.org/prompts 326ms (cache hit)
82 silly packumentCache full:https://registry.npmjs.org/prompts set size:115896 disposed:false
83 silly fetch manifest @babel/core@^7.16.0
84 silly packumentCache full:https://registry.npmjs.org/@babel%2fcore cache-miss
85 http cache https://registry.npmjs.org/resolve 325ms (cache hit)
86 silly packumentCache full:https://registry.npmjs.org/resolve set size:252941 disposed:false
87 silly fetch manifest file-loader@^6.2.0
88 silly packumentCache full:https://registry.npmjs.org/file-loader cache-miss
89 http cache https://registry.npmjs.org/fs-extra 275ms (cache hit)
90 silly packumentCache full:https://registry.npmjs.org/fs-extra set size:232595 disposed:false
91 silly fetch manifest sass-loader@^12.3.0
92 silly packumentCache full:https://registry.npmjs.org/sass-loader cache-miss
93 http cache https://registry.npmjs.org/camelcase 178ms (cache hit)
94 silly packumentCache full:https://registry.npmjs.org/camelcase set size:60255 disposed:false
95 silly fetch manifest tailwindcss@^3.0.2
96 silly packumentCache full:https://registry.npmjs.org/tailwindcss cache-miss
97 http cache https://registry.npmjs.org/webpack 359ms (cache hit)
98 silly packumentCache full:https://registry.npmjs.org/webpack set size:5004069 disposed:false
99 silly fetch manifest babel-loader@^8.2.3
100 silly packumentCache full:https://registry.npmjs.org/babel-loader cache-miss
101 http cache https://registry.npmjs.org/babel-jest 333ms (cache hit)
102 silly packumentCache full:https://registry.npmjs.org/babel-jest set size:686500 disposed:false
103 silly fetch manifest browserslist@^4.18.1
104 silly packumentCache full:https://registry.npmjs.org/browserslist cache-miss
105 http cache https://registry.npmjs.org/@babel%2fcore 343ms (cache hit)
106 silly packumentCache full:https://registry.npmjs.org/@babel%2fcore set size:764052 disposed:false
107 silly fetch manifest jest-resolve@^27.4.2
108 silly packumentCache full:https://registry.npmjs.org/jest-resolve cache-miss
109 http cache https://registry.npmjs.org/css-loader 386ms (cache hit)
110 silly packumentCache full:https://registry.npmjs.org/css-loader set size:520219 disposed:false
111 silly fetch manifest style-loader@^3.3.1
112 silly packumentCache full:https://registry.npmjs.org/style-loader cache-miss
113 http cache https://registry.npmjs.org/file-loader 382ms (cache hit)
114 silly packumentCache full:https://registry.npmjs.org/file-loader set size:159117 disposed:false
115 silly fetch manifest @svgr/webpack@^5.5.0
116 silly packumentCache full:https://registry.npmjs.org/@svgr%2fwebpack cache-miss
117 http cache https://registry.npmjs.org/babel-loader 194ms (cache hit)
118 silly packumentCache full:https://registry.npmjs.org/babel-loader set size:257763 disposed:false
119 silly fetch manifest dotenv-expand@^5.1.0
120 silly packumentCache full:https://registry.npmjs.org/dotenv-expand cache-miss
121 http cache https://registry.npmjs.org/sass-loader 420ms (cache hit)
122 silly packumentCache full:https://registry.npmjs.org/sass-loader set size:423463 disposed:false
123 silly fetch manifest react-refresh@^0.11.0
124 silly packumentCache full:https://registry.npmjs.org/react-refresh cache-miss
125 http cache https://registry.npmjs.org/tailwindcss 506ms (cache hit)
126 silly packumentCache full:https://registry.npmjs.org/tailwindcss set size:10447962 disposed:false
127 silly fetch manifest postcss-loader@^6.2.1
128 silly packumentCache full:https://registry.npmjs.org/postcss-loader cache-miss
129 http cache https://registry.npmjs.org/style-loader 458ms (cache hit)
130 silly packumentCache full:https://registry.npmjs.org/style-loader set size:214168 disposed:false
131 silly fetch manifest react-dev-utils@^12.0.1
132 silly packumentCache full:https://registry.npmjs.org/react-dev-utils cache-miss
133 http cache https://registry.npmjs.org/browserslist 581ms (cache hit)
134 silly packumentCache full:https://registry.npmjs.org/browserslist set size:504681 disposed:false
135 silly fetch manifest postcss-normalize@^10.0.1
136 silly packumentCache full:https://registry.npmjs.org/postcss-normalize cache-miss
137 http cache https://registry.npmjs.org/jest-resolve 564ms (cache hit)
138 silly packumentCache full:https://registry.npmjs.org/jest-resolve set size:656119 disposed:false
139 silly fetch manifest source-map-loader@^3.0.0
140 silly packumentCache full:https://registry.npmjs.org/source-map-loader cache-miss
141 http cache https://registry.npmjs.org/@svgr%2fwebpack 585ms (cache hit)
142 silly packumentCache full:https://registry.npmjs.org/@svgr%2fwebpack set size:155748 disposed:false
143 silly fetch manifest identity-obj-proxy@^3.0.0
144 silly packumentCache full:https://registry.npmjs.org/identity-obj-proxy cache-miss
145 http cache https://registry.npmjs.org/dotenv-expand 577ms (cache hit)
146 silly packumentCache full:https://registry.npmjs.org/dotenv-expand set size:69432 disposed:false
147 silly fetch manifest postcss-preset-env@^7.0.1
148 silly packumentCache full:https://registry.npmjs.org/postcss-preset-env cache-miss
149 http cache https://registry.npmjs.org/postcss-loader 194ms (cache hit)
150 silly packumentCache full:https://registry.npmjs.org/postcss-loader set size:282135 disposed:false
151 silly fetch manifest react-app-polyfill@^3.0.0
152 silly packumentCache full:https://registry.npmjs.org/react-app-polyfill cache-miss
153 http cache https://registry.npmjs.org/postcss-normalize 133ms (cache hit)
154 silly packumentCache full:https://registry.npmjs.org/postcss-normalize set size:67620 disposed:false
155 silly fetch manifest resolve-url-loader@^4.0.0
156 silly packumentCache full:https://registry.npmjs.org/resolve-url-loader cache-miss
157 http cache https://registry.npmjs.org/react-refresh 632ms (cache hit)
158 silly packumentCache full:https://registry.npmjs.org/react-refresh set size:6322211 disposed:false
159 silly fetch manifest webpack-dev-server@^4.6.0
160 silly packumentCache full:https://registry.npmjs.org/webpack-dev-server cache-miss
161 http cache https://registry.npmjs.org/react-dev-utils 418ms (cache hit)
162 silly packumentCache full:https://registry.npmjs.org/react-dev-utils set size:320676 disposed:false
163 silly fetch manifest html-webpack-plugin@^5.5.0
164 silly packumentCache full:https://registry.npmjs.org/html-webpack-plugin cache-miss
165 http cache https://registry.npmjs.org/source-map-loader 338ms (cache hit)
166 silly packumentCache full:https://registry.npmjs.org/source-map-loader set size:100772 disposed:false
167 silly fetch manifest jest-watch-typeahead@^1.0.0
168 silly packumentCache full:https://registry.npmjs.org/jest-watch-typeahead cache-miss
169 http cache https://registry.npmjs.org/identity-obj-proxy 341ms (cache hit)
170 silly packumentCache full:https://registry.npmjs.org/identity-obj-proxy set size:8188 disposed:false
171 silly fetch manifest eslint-webpack-plugin@^3.1.1
172 silly packumentCache full:https://registry.npmjs.org/eslint-webpack-plugin cache-miss
173 http cache https://registry.npmjs.org/react-app-polyfill 319ms (cache hit)
174 silly packumentCache full:https://registry.npmjs.org/react-app-polyfill set size:107977 disposed:false
175 silly fetch manifest terser-webpack-plugin@^5.2.5
176 silly packumentCache full:https://registry.npmjs.org/terser-webpack-plugin cache-miss
177 http cache https://registry.npmjs.org/resolve-url-loader 323ms (cache hit)
178 silly packumentCache full:https://registry.npmjs.org/resolve-url-loader set size:274156 disposed:false
179 silly fetch manifest babel-preset-react-app@^10.0.1
180 silly packumentCache full:https://registry.npmjs.org/babel-preset-react-app cache-miss
181 http cache https://registry.npmjs.org/postcss-preset-env 373ms (cache hit)
182 silly packumentCache full:https://registry.npmjs.org/postcss-preset-env set size:732078 disposed:false
183 silly fetch manifest postcss-flexbugs-fixes@^5.0.2
184 silly packumentCache full:https://registry.npmjs.org/postcss-flexbugs-fixes cache-miss
185 http cache https://registry.npmjs.org/html-webpack-plugin 143ms (cache hit)
186 silly packumentCache full:https://registry.npmjs.org/html-webpack-plugin set size:497321 disposed:false
187 silly fetch manifest workbox-webpack-plugin@^6.4.1
188 silly packumentCache full:https://registry.npmjs.org/workbox-webpack-plugin cache-miss
189 http cache https://registry.npmjs.org/webpack-dev-server 198ms (cache hit)
190 silly packumentCache full:https://registry.npmjs.org/webpack-dev-server set size:846607 disposed:false
191 silly fetch manifest eslint-config-react-app@^7.0.1
192 silly packumentCache full:https://registry.npmjs.org/eslint-config-react-app cache-miss
193 http cache https://registry.npmjs.org/jest-watch-typeahead 221ms (cache hit)
194 silly packumentCache full:https://registry.npmjs.org/jest-watch-typeahead set size:135613 disposed:false
195 silly fetch manifest mini-css-extract-plugin@^2.4.5
196 silly packumentCache full:https://registry.npmjs.org/mini-css-extract-plugin cache-miss
197 http cache https://registry.npmjs.org/eslint-webpack-plugin 253ms (cache hit)
198 silly packumentCache full:https://registry.npmjs.org/eslint-webpack-plugin set size:149078 disposed:false
199 silly fetch manifest webpack-manifest-plugin@^4.0.2
200 silly packumentCache full:https://registry.npmjs.org/webpack-manifest-plugin cache-miss
201 http cache https://registry.npmjs.org/terser-webpack-plugin 270ms (cache hit)
202 silly packumentCache full:https://registry.npmjs.org/terser-webpack-plugin set size:400206 disposed:false
203 silly fetch manifest css-minimizer-webpack-plugin@^3.2.0
204 silly packumentCache full:https://registry.npmjs.org/css-minimizer-webpack-plugin cache-miss
205 http cache https://registry.npmjs.org/babel-preset-react-app 276ms (cache hit)
206 silly packumentCache full:https://registry.npmjs.org/babel-preset-react-app set size:230562 disposed:false
207 silly fetch manifest babel-plugin-named-asset-import@^0.3.8
208 silly packumentCache full:https://registry.npmjs.org/babel-plugin-named-asset-import cache-miss
209 http cache https://registry.npmjs.org/postcss-flexbugs-fixes 239ms (cache hit)
210 silly packumentCache full:https://registry.npmjs.org/postcss-flexbugs-fixes set size:45700 disposed:false
211 silly fetch manifest case-sensitive-paths-webpack-plugin@^2.4.0
212 silly packumentCache full:https://registry.npmjs.org/case-sensitive-paths-webpack-plugin cache-miss
213 http cache https://registry.npmjs.org/eslint-config-react-app 161ms (cache hit)
214 silly packumentCache full:https://registry.npmjs.org/eslint-config-react-app set size:196719 disposed:false
215 silly fetch manifest @pmmmwh/react-refresh-webpack-plugin@^0.5.3
216 silly packumentCache full:https://registry.npmjs.org/@pmmmwh%2freact-refresh-webpack-plugin cache-miss
217 http cache https://registry.npmjs.org/workbox-webpack-plugin 236ms (cache hit)
218 silly packumentCache full:https://registry.npmjs.org/workbox-webpack-plugin set size:277780 disposed:false
219 silly fetch manifest fsevents@^2.3.2
220 silly packumentCache full:https://registry.npmjs.org/fsevents cache-miss
221 http cache https://registry.npmjs.org/mini-css-extract-plugin 176ms (cache hit)
222 silly packumentCache full:https://registry.npmjs.org/mini-css-extract-plugin set size:404474 disposed:false
223 http cache https://registry.npmjs.org/babel-plugin-named-asset-import 92ms (cache hit)
224 silly packumentCache full:https://registry.npmjs.org/babel-plugin-named-asset-import set size:111176 disposed:false
225 http cache https://registry.npmjs.org/webpack-manifest-plugin 167ms (cache hit)
226 silly packumentCache full:https://registry.npmjs.org/webpack-manifest-plugin set size:125261 disposed:false
227 http cache https://registry.npmjs.org/css-minimizer-webpack-plugin 128ms (cache hit)
228 silly packumentCache full:https://registry.npmjs.org/css-minimizer-webpack-plugin set size:186221 disposed:false
229 http cache https://registry.npmjs.org/case-sensitive-paths-webpack-plugin 113ms (cache hit)
230 silly packumentCache full:https://registry.npmjs.org/case-sensitive-paths-webpack-plugin set size:32422 disposed:false
231 http cache https://registry.npmjs.org/@pmmmwh%2freact-refresh-webpack-plugin 109ms (cache hit)
232 silly packumentCache full:https://registry.npmjs.org/@pmmmwh%2freact-refresh-webpack-plugin set size:358984 disposed:false
233 http cache https://registry.npmjs.org/fsevents 110ms (cache hit)
234 silly packumentCache full:https://registry.npmjs.org/fsevents set size:182472 disposed:false
235 silly placeDep ROOT loose-envify@1.4.0 OK for: react@18.3.1 want: ^1.1.0
236 silly fetch manifest js-tokens@^3.0.0 || ^4.0.0
237 silly packumentCache full:https://registry.npmjs.org/js-tokens cache-miss
238 http cache https://registry.npmjs.org/js-tokens 15ms (cache hit)
239 silly packumentCache full:https://registry.npmjs.org/js-tokens set size:41947 disposed:false
240 silly placeDep ROOT js-tokens@4.0.0 OK for: loose-envify@1.4.0 want: ^3.0.0 || ^4.0.0
241 silly placeDep ROOT scheduler@0.23.2 OK for: react-dom@18.3.1 want: ^0.23.2
242 silly placeDep ROOT @babel/core@7.29.0 OK for: react-scripts@5.0.1 want: ^7.16.0
243 silly placeDep ROOT @pmmmwh/react-refresh-webpack-plugin@0.5.17 OK for: react-scripts@5.0.1 want: ^0.5.3
244 silly placeDep ROOT @svgr/webpack@5.5.0 OK for: react-scripts@5.0.1 want: ^5.5.0
245 silly placeDep ROOT babel-jest@27.5.1 OK for: react-scripts@5.0.1 want: ^27.4.2
246 silly placeDep ROOT babel-loader@8.4.1 OK for: react-scripts@5.0.1 want: ^8.2.3
247 silly placeDep ROOT babel-plugin-named-asset-import@0.3.8 OK for: react-scripts@5.0.1 want: ^0.3.8
248 silly placeDep ROOT babel-preset-react-app@10.1.0 OK for: react-scripts@5.0.1 want: ^10.0.1
249 silly placeDep ROOT bfj@7.1.0 OK for: react-scripts@5.0.1 want: ^7.0.2
250 silly placeDep ROOT browserslist@4.28.2 OK for: react-scripts@5.0.1 want: ^4.18.1
251 silly placeDep ROOT camelcase@6.3.0 OK for: react-scripts@5.0.1 want: ^6.2.1
252 silly placeDep ROOT case-sensitive-paths-webpack-plugin@2.4.0 OK for: react-scripts@5.0.1 want: ^2.4.0
253 silly placeDep ROOT css-loader@6.11.0 OK for: react-scripts@5.0.1 want: ^6.5.1
254 silly placeDep ROOT css-minimizer-webpack-plugin@3.4.1 OK for: react-scripts@5.0.1 want: ^3.2.0
255 silly placeDep ROOT dotenv@10.0.0 OK for: react-scripts@5.0.1 want: ^10.0.0
256 silly placeDep ROOT dotenv-expand@5.1.0 OK for: react-scripts@5.0.1 want: ^5.1.0
257 silly placeDep ROOT eslint@8.57.1 OK for: react-scripts@5.0.1 want: ^8.3.0
258 silly placeDep ROOT eslint-config-react-app@7.0.1 OK for: react-scripts@5.0.1 want: ^7.0.1
259 silly placeDep ROOT eslint-webpack-plugin@3.2.0 OK for: react-scripts@5.0.1 want: ^3.1.1
260 silly placeDep ROOT file-loader@6.2.0 OK for: react-scripts@5.0.1 want: ^6.2.0
261 silly placeDep ROOT fs-extra@10.1.0 OK for: react-scripts@5.0.1 want: ^10.0.0
262 silly placeDep ROOT fsevents@2.3.3 OK for: react-scripts@5.0.1 want: ^2.3.2
263 silly placeDep ROOT html-webpack-plugin@5.6.7 OK for: react-scripts@5.0.1 want: ^5.5.0
264 silly placeDep ROOT identity-obj-proxy@3.0.0 OK for: react-scripts@5.0.1 want: ^3.0.0
265 silly placeDep ROOT jest@27.5.1 OK for: react-scripts@5.0.1 want: ^27.4.3
266 silly placeDep ROOT jest-resolve@27.5.1 OK for: react-scripts@5.0.1 want: ^27.4.2
267 silly placeDep ROOT jest-watch-typeahead@1.1.0 OK for: react-scripts@5.0.1 want: ^1.0.0
268 silly placeDep ROOT mini-css-extract-plugin@2.10.2 OK for: react-scripts@5.0.1 want: ^2.4.5
269 silly placeDep ROOT postcss@8.5.14 OK for: react-scripts@5.0.1 want: ^8.4.4
270 silly placeDep ROOT postcss-flexbugs-fixes@5.0.2 OK for: react-scripts@5.0.1 want: ^5.0.2
271 silly placeDep ROOT postcss-loader@6.2.1 OK for: react-scripts@5.0.1 want: ^6.2.1
272 silly placeDep ROOT postcss-normalize@10.0.1 OK for: react-scripts@5.0.1 want: ^10.0.1
273 silly placeDep ROOT postcss-preset-env@7.8.3 OK for: react-scripts@5.0.1 want: ^7.0.1
274 silly placeDep ROOT prompts@2.4.2 OK for: react-scripts@5.0.1 want: ^2.4.2
275 silly placeDep ROOT react-app-polyfill@3.0.0 OK for: react-scripts@5.0.1 want: ^3.0.0
276 silly placeDep ROOT react-dev-utils@12.0.1 OK for: react-scripts@5.0.1 want: ^12.0.1
277 silly placeDep ROOT react-refresh@0.11.0 OK for: react-scripts@5.0.1 want: ^0.11.0
278 silly placeDep ROOT resolve@1.22.12 OK for: react-scripts@5.0.1 want: ^1.20.0
279 silly placeDep ROOT resolve-url-loader@4.0.0 OK for: react-scripts@5.0.1 want: ^4.0.0
280 silly placeDep ROOT sass-loader@12.6.0 OK for: react-scripts@5.0.1 want: ^12.3.0
281 silly placeDep ROOT semver@7.7.4 OK for: react-scripts@5.0.1 want: ^7.3.5
282 silly placeDep ROOT source-map-loader@3.0.2 OK for: react-scripts@5.0.1 want: ^3.0.0
283 silly placeDep ROOT style-loader@3.3.4 OK for: react-scripts@5.0.1 want: ^3.3.1
284 silly placeDep ROOT tailwindcss@3.4.19 OK for: react-scripts@5.0.1 want: ^3.0.2
285 silly placeDep ROOT terser-webpack-plugin@5.5.0 OK for: react-scripts@5.0.1 want: ^5.2.5
286 silly placeDep ROOT webpack@5.106.2 OK for: react-scripts@5.0.1 want: ^5.64.4
287 silly placeDep ROOT webpack-dev-server@4.15.2 OK for: react-scripts@5.0.1 want: ^4.6.0
288 silly placeDep ROOT webpack-manifest-plugin@4.1.1 OK for: react-scripts@5.0.1 want: ^4.0.2
289 silly placeDep ROOT workbox-webpack-plugin@6.6.0 OK for: react-scripts@5.0.1 want: ^6.4.1
290 silly fetch manifest debug@^4.1.0
291 silly packumentCache full:https://registry.npmjs.org/debug cache-miss
292 silly fetch manifest json5@^2.2.3
293 silly packumentCache full:https://registry.npmjs.org/json5 cache-miss
294 silly fetch manifest semver@^6.3.1
295 silly packumentCache full:https://registry.npmjs.org/semver cache-hit
296 silly fetch manifest gensync@^1.0.0-beta.2
297 silly packumentCache full:https://registry.npmjs.org/gensync cache-miss
298 silly fetch manifest @babel/types@^7.29.0
299 silly packumentCache full:https://registry.npmjs.org/@babel%2ftypes cache-miss
300 silly fetch manifest @babel/parser@^7.29.0
301 silly packumentCache full:https://registry.npmjs.org/@babel%2fparser cache-miss
302 silly fetch manifest @babel/helpers@^7.28.6
303 silly packumentCache full:https://registry.npmjs.org/@babel%2fhelpers cache-miss
304 silly fetch manifest @babel/template@^7.28.6
305 silly packumentCache full:https://registry.npmjs.org/@babel%2ftemplate cache-miss
306 http cache https://registry.npmjs.org/json5 46ms (cache hit)
307 silly packumentCache full:https://registry.npmjs.org/json5 set size:86136 disposed:false
308 silly fetch manifest @babel/traverse@^7.29.0
309 silly packumentCache full:https://registry.npmjs.org/@babel%2ftraverse cache-miss
310 http cache https://registry.npmjs.org/@babel%2fparser 54ms (cache hit)
311 silly packumentCache full:https://registry.npmjs.org/@babel%2fparser set size:723297 disposed:false
312 silly fetch manifest @babel/generator@^7.29.0
313 silly packumentCache full:https://registry.npmjs.org/@babel%2fgenerator cache-miss
314 http cache https://registry.npmjs.org/@babel%2fhelpers 84ms (cache hit)
315 silly packumentCache full:https://registry.npmjs.org/@babel%2fhelpers set size:390175 disposed:false
316 silly fetch manifest @babel/code-frame@^7.29.0
317 silly packumentCache full:https://registry.npmjs.org/@babel%2fcode-frame cache-miss
318 http cache https://registry.npmjs.org/@babel%2ftypes 106ms (cache hit)
319 silly packumentCache full:https://registry.npmjs.org/@babel%2ftypes set size:489931 disposed:false
320 silly fetch manifest convert-source-map@^2.0.0
321 silly packumentCache full:https://registry.npmjs.org/convert-source-map cache-miss
322 http cache https://registry.npmjs.org/@babel%2ftemplate 117ms (cache hit)
323 silly packumentCache full:https://registry.npmjs.org/@babel%2ftemplate set size:229095 disposed:false
324 silly fetch manifest @jridgewell/remapping@^2.3.5
325 silly packumentCache full:https://registry.npmjs.org/@jridgewell%2fremapping cache-miss
326 http cache https://registry.npmjs.org/gensync 142ms (cache hit)
327 silly packumentCache full:https://registry.npmjs.org/gensync set size:15068 disposed:false
328 silly fetch manifest @babel/helper-module-transforms@^7.28.6
329 silly packumentCache full:https://registry.npmjs.org/@babel%2fhelper-module-transforms cache-miss
330 http cache https://registry.npmjs.org/debug 154ms (cache hit)
331 silly packumentCache full:https://registry.npmjs.org/debug set size:195840 disposed:false
332 silly fetch manifest @babel/helper-compilation-targets@^7.28.6
333 silly packumentCache full:https://registry.npmjs.org/@babel%2fhelper-compilation-targets cache-miss
334 http cache https://registry.npmjs.org/@babel%2ftraverse 165ms (cache hit)
335 silly packumentCache full:https://registry.npmjs.org/@babel%2ftraverse set size:550946 disposed:false
336 silly fetch manifest ansi-html@^0.0.9
337 silly packumentCache full:https://registry.npmjs.org/ansi-html cache-miss
338 http cache https://registry.npmjs.org/@babel%2fcode-frame 132ms (cache hit)
339 silly packumentCache full:https://registry.npmjs.org/@babel%2fcode-frame set size:198217 disposed:false
340 silly fetch manifest source-map@^0.7.3
341 silly packumentCache full:https://registry.npmjs.org/source-map cache-miss
342 http cache https://registry.npmjs.org/@babel%2fgenerator 166ms (cache hit)
343 silly packumentCache full:https://registry.npmjs.org/@babel%2fgenerator set size:509303 disposed:false
344 silly fetch manifest core-js-pure@^3.23.3
345 silly packumentCache full:https://registry.npmjs.org/core-js-pure cache-miss
346 http cache https://registry.npmjs.org/convert-source-map 146ms (cache hit)
347 silly packumentCache full:https://registry.npmjs.org/convert-source-map set size:66997 disposed:false
348 silly fetch manifest loader-utils@^2.0.4
349 silly packumentCache full:https://registry.npmjs.org/loader-utils cache-miss
350 http cache https://registry.npmjs.org/@jridgewell%2fremapping 141ms (cache hit)
351 silly packumentCache full:https://registry.npmjs.org/@jridgewell%2fremapping set size:23809 disposed:false
352 silly fetch manifest schema-utils@^4.2.0
353 silly packumentCache full:https://registry.npmjs.org/schema-utils cache-miss
354 http cache https://registry.npmjs.org/@babel%2fhelper-module-transforms 143ms (cache hit)
355 silly packumentCache full:https://registry.npmjs.org/@babel%2fhelper-module-transforms set size:335632 disposed:false
356 silly fetch manifest html-entities@^2.1.0
357 silly packumentCache full:https://registry.npmjs.org/html-entities cache-miss
358 http cache https://registry.npmjs.org/@babel%2fhelper-compilation-targets 142ms (cache hit)
359 silly packumentCache full:https://registry.npmjs.org/@babel%2fhelper-compilation-targets set size:220831 disposed:false
360 silly fetch manifest error-stack-parser@^2.0.6
361 silly packumentCache full:https://registry.npmjs.org/error-stack-parser cache-miss
362 http cache https://registry.npmjs.org/ansi-html 107ms (cache hit)
363 silly packumentCache full:https://registry.npmjs.org/ansi-html set size:17477 disposed:false
364 silly fetch manifest @babel/plugin-transform-react-constant-elements@^7.12.1
365 silly packumentCache full:https://registry.npmjs.org/@babel%2fplugin-transform-react-constant-elements cache-miss
366 http cache https://registry.npmjs.org/schema-utils 60ms (cache hit)
367 silly packumentCache full:https://registry.npmjs.org/schema-utils set size:166563 disposed:false
368 silly fetch manifest @babel/preset-env@^7.12.1
369 silly packumentCache full:https://registry.npmjs.org/@babel%2fpreset-env cache-miss
370 http cache https://registry.npmjs.org/core-js-pure 95ms (cache hit)
371 silly packumentCache full:https://registry.npmjs.org/core-js-pure set size:476031 disposed:false
372 silly fetch manifest @babel/preset-react@^7.12.5
373 silly packumentCache full:https://registry.npmjs.org/@babel%2fpreset-react cache-miss
374 http cache https://registry.npmjs.org/source-map 136ms (cache hit)
375 silly packumentCache full:https://registry.npmjs.org/source-map set size:226141 disposed:false
376 silly fetch manifest @svgr/core@^5.5.0
377 silly packumentCache full:https://registry.npmjs.org/@svgr%2fcore cache-miss
378 http cache https://registry.npmjs.org/html-entities 98ms (cache hit)
379 silly packumentCache full:https://registry.npmjs.org/html-entities set size:145148 disposed:false
380 silly fetch manifest @svgr/plugin-jsx@^5.5.0
381 silly packumentCache full:https://registry.npmjs.org/@svgr%2fplugin-jsx cache-miss
382 http cache https://registry.npmjs.org/loader-utils 135ms (cache hit)
383 silly packumentCache full:https://registry.npmjs.org/loader-utils set size:168663 disposed:false
384 silly fetch manifest @svgr/plugin-svgo@^5.5.0
385 silly packumentCache full:https://registry.npmjs.org/@svgr%2fplugin-svgo cache-miss
386 http cache https://registry.npmjs.org/error-stack-parser 131ms (cache hit)
387 silly packumentCache full:https://registry.npmjs.org/error-stack-parser set size:89379 disposed:false
388 silly fetch manifest loader-utils@^2.0.0
389 silly packumentCache full:https://registry.npmjs.org/loader-utils cache-hit
390 silly fetch manifest chalk@^4.0.0
391 silly packumentCache full:https://registry.npmjs.org/chalk cache-miss
392 http cache https://registry.npmjs.org/@babel%2fplugin-transform-react-constant-elements 128ms (cache hit)
393 silly packumentCache full:https://registry.npmjs.org/@babel%2fplugin-transform-react-constant-elements set size:241756 disposed:false
394 silly fetch manifest slash@^3.0.0
395 silly packumentCache full:https://registry.npmjs.org/slash cache-miss
396 http cache https://registry.npmjs.org/@babel%2fpreset-react 109ms (cache hit)
397 silly packumentCache full:https://registry.npmjs.org/@babel%2fpreset-react set size:252756 disposed:false
398 silly fetch manifest @jest/types@^27.5.1
399 silly packumentCache full:https://registry.npmjs.org/@jest%2ftypes cache-miss
400 http cache https://registry.npmjs.org/@svgr%2fcore 106ms (cache hit)
401 silly packumentCache full:https://registry.npmjs.org/@svgr%2fcore set size:120179 disposed:false
402 silly fetch manifest graceful-fs@^4.2.9
403 silly packumentCache full:https://registry.npmjs.org/graceful-fs cache-miss
404 http cache https://registry.npmjs.org/@svgr%2fplugin-jsx 103ms (cache hit)
405 silly packumentCache full:https://registry.npmjs.org/@svgr%2fplugin-jsx set size:106629 disposed:false
406 silly fetch manifest @jest/transform@^27.5.1
407 silly packumentCache full:https://registry.npmjs.org/@jest%2ftransform cache-miss
408 http cache https://registry.npmjs.org/@babel%2fpreset-env 175ms (cache hit)
409 silly packumentCache full:https://registry.npmjs.org/@babel%2fpreset-env set size:1168184 disposed:false
410 silly fetch manifest babel-preset-jest@^27.5.1
411 silly packumentCache full:https://registry.npmjs.org/babel-preset-jest cache-miss
412 http cache https://registry.npmjs.org/@svgr%2fplugin-svgo 158ms (cache hit)
413 silly packumentCache full:https://registry.npmjs.org/@svgr%2fplugin-svgo set size:64934 disposed:false
414 silly fetch manifest @types/babel__core@^7.1.14
415 silly packumentCache full:https://registry.npmjs.org/@types%2fbabel__core cache-miss
416 http cache https://registry.npmjs.org/chalk 147ms (cache hit)
417 silly packumentCache full:https://registry.npmjs.org/chalk set size:117861 disposed:false
418 silly fetch manifest babel-plugin-istanbul@^6.1.1
419 silly packumentCache full:https://registry.npmjs.org/babel-plugin-istanbul cache-miss
420 http cache https://registry.npmjs.org/slash 136ms (cache hit)
421 silly packumentCache full:https://registry.npmjs.org/slash set size:20337 disposed:false
422 silly fetch manifest make-dir@^3.1.0
423 silly packumentCache full:https://registry.npmjs.org/make-dir cache-miss
424 http cache https://registry.npmjs.org/@jest%2ftypes 132ms (cache hit)
425 silly packumentCache full:https://registry.npmjs.org/@jest%2ftypes set size:288723 disposed:false
426 silly fetch manifest schema-utils@^2.6.5
427 silly packumentCache full:https://registry.npmjs.org/schema-utils cache-hit
428 silly fetch manifest find-cache-dir@^3.3.1
429 silly packumentCache full:https://registry.npmjs.org/find-cache-dir cache-miss
430 http cache https://registry.npmjs.org/@jest%2ftransform 134ms (cache hit)
431 silly packumentCache full:https://registry.npmjs.org/@jest%2ftransform set size:463781 disposed:false
432 silly fetch manifest @babel/plugin-proposal-class-properties@^7.16.0
433 silly packumentCache full:https://registry.npmjs.org/@babel%2fplugin-proposal-class-properties cache-miss
434 http cache https://registry.npmjs.org/babel-preset-jest 113ms (cache hit)
435 silly packumentCache full:https://registry.npmjs.org/babel-preset-jest set size:426787 disposed:false
436 silly fetch manifest @babel/plugin-proposal-decorators@^7.16.4
437 silly packumentCache full:https://registry.npmjs.org/@babel%2fplugin-proposal-decorators cache-miss
438 http cache https://registry.npmjs.org/graceful-fs 223ms (cache hit)
439 silly packumentCache full:https://registry.npmjs.org/graceful-fs set size:124285 disposed:false
440 silly fetch manifest @babel/plugin-proposal-nullish-coalescing-operator@^7.16.0
441 silly packumentCache full:https://registry.npmjs.org/@babel%2fplugin-proposal-nullish-coalescing-operator cache-miss
442 http cache https://registry.npmjs.org/@types%2fbabel__core 180ms (cache hit)
443 silly packumentCache full:https://registry.npmjs.org/@types%2fbabel__core set size:88676 disposed:false
444 silly fetch manifest @babel/plugin-proposal-numeric-separator@^7.16.0
445 silly packumentCache full:https://registry.npmjs.org/@babel%2fplugin-proposal-numeric-separator cache-miss
446 http cache https://registry.npmjs.org/make-dir 154ms (cache hit)
447 silly packumentCache full:https://registry.npmjs.org/make-dir set size:34889 disposed:false
448 silly fetch manifest @babel/plugin-proposal-optional-chaining@^7.16.0
449 silly packumentCache full:https://registry.npmjs.org/@babel%2fplugin-proposal-optional-chaining cache-miss
450 http cache https://registry.npmjs.org/babel-plugin-istanbul 171ms (cache hit)
451 silly packumentCache full:https://registry.npmjs.org/babel-plugin-istanbul set size:123182 disposed:false
452 silly fetch manifest @babel/plugin-proposal-private-methods@^7.16.0
453 silly packumentCache full:https://registry.npmjs.org/@babel%2fplugin-proposal-private-methods cache-miss
454 http cache https://registry.npmjs.org/find-cache-dir 151ms (cache hit)
455 silly packumentCache full:https://registry.npmjs.org/find-cache-dir set size:35762 disposed:false
456 silly fetch manifest @babel/plugin-proposal-private-property-in-object@^7.16.7
457 silly packumentCache full:https://registry.npmjs.org/@babel%2fplugin-proposal-private-property-in-object cache-miss
458 http cache https://registry.npmjs.org/@babel%2fplugin-proposal-class-properties 136ms (cache hit)
459 silly packumentCache full:https://registry.npmjs.org/@babel%2fplugin-proposal-class-properties set size:191045 disposed:false
460 silly fetch manifest @babel/plugin-transform-flow-strip-types@^7.16.0
461 silly packumentCache full:https://registry.npmjs.org/@babel%2fplugin-transform-flow-strip-types cache-miss
462 http cache https://registry.npmjs.org/@babel%2fplugin-proposal-decorators 128ms (cache hit)
463 silly packumentCache full:https://registry.npmjs.org/@babel%2fplugin-proposal-decorators set size:373251 disposed:false
464 silly fetch manifest @babel/plugin-transform-react-display-name@^7.16.0
465 silly packumentCache full:https://registry.npmjs.org/@babel%2fplugin-transform-react-display-name cache-miss
466 http cache https://registry.npmjs.org/@babel%2fplugin-proposal-nullish-coalescing-operator 107ms (cache hit)
467 silly packumentCache full:https://registry.npmjs.org/@babel%2fplugin-proposal-nullish-coalescing-operator set size:163532 disposed:false
468 silly fetch manifest @babel/plugin-transform-runtime@^7.16.4
469 silly packumentCache full:https://registry.npmjs.org/@babel%2fplugin-transform-runtime cache-miss
470 http cache https://registry.npmjs.org/@babel%2fplugin-proposal-private-property-in-object 69ms (cache hit)
471 silly packumentCache full:https://registry.npmjs.org/@babel%2fplugin-proposal-private-property-in-object set size:80252 disposed:false
472 silly fetch manifest @babel/preset-env@^7.16.4
473 silly packumentCache full:https://registry.npmjs.org/@babel%2fpreset-env cache-miss
474 http cache https://registry.npmjs.org/@babel%2fplugin-proposal-numeric-separator 113ms (cache hit)
475 silly packumentCache full:https://registry.npmjs.org/@babel%2fplugin-proposal-numeric-separator set size:149998 disposed:false
476 silly fetch manifest @babel/preset-react@^7.16.0
477 silly packumentCache full:https://registry.npmjs.org/@babel%2fpreset-react cache-hit
478 silly fetch manifest @babel/preset-typescript@^7.16.0
479 silly packumentCache full:https://registry.npmjs.org/@babel%2fpreset-typescript cache-miss
480 http cache https://registry.npmjs.org/@babel%2fplugin-proposal-private-methods 103ms (cache hit)
481 silly packumentCache full:https://registry.npmjs.org/@babel%2fplugin-proposal-private-methods set size:98762 disposed:false
482 silly fetch manifest @babel/runtime@^7.16.3
483 silly packumentCache full:https://registry.npmjs.org/@babel%2fruntime cache-miss
484 http cache https://registry.npmjs.org/@babel%2fplugin-proposal-optional-chaining 127ms (cache hit)
485 silly packumentCache full:https://registry.npmjs.org/@babel%2fplugin-proposal-optional-chaining set size:196573 disposed:false
486 silly fetch manifest babel-plugin-macros@^3.1.0
487 silly packumentCache full:https://registry.npmjs.org/babel-plugin-macros cache-miss
488 http cache https://registry.npmjs.org/@babel%2fplugin-transform-flow-strip-types 106ms (cache hit)
489 silly packumentCache full:https://registry.npmjs.org/@babel%2fplugin-transform-flow-strip-types set size:243555 disposed:false
490 silly fetch manifest babel-plugin-transform-react-remove-prop-types@^0.4.24
491 silly packumentCache full:https://registry.npmjs.org/babel-plugin-transform-react-remove-prop-types cache-miss
492 http cache https://registry.npmjs.org/@babel%2fplugin-transform-react-display-name 102ms (cache hit)
493 silly packumentCache full:https://registry.npmjs.org/@babel%2fplugin-transform-react-display-name set size:207883 disposed:false
494 silly fetch manifest hoopy@^0.1.4
495 silly packumentCache full:https://registry.npmjs.org/hoopy cache-miss
496 http cache https://registry.npmjs.org/@babel%2fplugin-transform-runtime 118ms (cache hit)
497 silly packumentCache full:https://registry.npmjs.org/@babel%2fplugin-transform-runtime set size:454581 disposed:false
498 silly fetch manifest tryer@^1.0.1
499 silly packumentCache full:https://registry.npmjs.org/tryer cache-miss
500 http cache https://registry.npmjs.org/@babel%2fpreset-typescript 100ms (cache hit)
501 silly packumentCache full:https://registry.npmjs.org/@babel%2fpreset-typescript set size:259618 disposed:false
502 silly fetch manifest bluebird@^3.7.2
503 silly packumentCache full:https://registry.npmjs.org/bluebird cache-miss
504 http cache https://registry.npmjs.org/@babel%2fpreset-env 137ms (cache hit)
505 silly packumentCache full:https://registry.npmjs.org/@babel%2fpreset-env set size:1168184 disposed:false
506 silly fetch manifest jsonpath@^1.1.1
507 silly packumentCache full:https://registry.npmjs.org/jsonpath cache-miss
508 http cache https://registry.npmjs.org/@babel%2fruntime 169ms (cache hit)
509 silly packumentCache full:https://registry.npmjs.org/@babel%2fruntime set size:3388582 disposed:false
510 silly fetch manifest check-types@^11.2.3
511 silly packumentCache full:https://registry.npmjs.org/check-types cache-miss
512 http cache https://registry.npmjs.org/babel-plugin-macros 362ms (cache hit)
513 silly packumentCache full:https://registry.npmjs.org/babel-plugin-macros set size:124320 disposed:false
514 silly fetch manifest baseline-browser-mapping@^2.10.12
515 silly packumentCache full:https://registry.npmjs.org/baseline-browser-mapping cache-miss
516 http cache https://registry.npmjs.org/babel-plugin-transform-react-remove-prop-types 363ms (cache hit)
517 silly packumentCache full:https://registry.npmjs.org/babel-plugin-transform-react-remove-prop-types set size:136983 disposed:false
518 silly fetch manifest caniuse-lite@^1.0.30001782
519 silly packumentCache full:https://registry.npmjs.org/caniuse-lite cache-miss
520 http cache https://registry.npmjs.org/hoopy 362ms (cache hit)
521 silly packumentCache full:https://registry.npmjs.org/hoopy set size:12101 disposed:false
522 silly fetch manifest electron-to-chromium@^1.5.328
523 silly packumentCache full:https://registry.npmjs.org/electron-to-chromium cache-miss
524 http cache https://registry.npmjs.org/tryer 341ms (cache hit)
525 silly packumentCache full:https://registry.npmjs.org/tryer set size:12708 disposed:false
526 silly fetch manifest node-releases@^2.0.36
527 silly packumentCache full:https://registry.npmjs.org/node-releases cache-miss
528 http cache https://registry.npmjs.org/bluebird 336ms (cache hit)
529 silly packumentCache full:https://registry.npmjs.org/bluebird set size:491002 disposed:false
530 silly fetch manifest update-browserslist-db@^1.2.3
531 silly packumentCache full:https://registry.npmjs.org/update-browserslist-db cache-miss
532 http cache https://registry.npmjs.org/jsonpath 323ms (cache hit)
533 silly packumentCache full:https://registry.npmjs.org/jsonpath set size:66229 disposed:false
534 silly fetch manifest semver@^7.5.4
535 silly packumentCache full:https://registry.npmjs.org/semver cache-hit
536 silly fetch manifest postcss@^8.4.33
537 silly packumentCache full:https://registry.npmjs.org/postcss cache-hit
538 silly fetch manifest icss-utils@^5.1.0
539 silly packumentCache full:https://registry.npmjs.org/icss-utils cache-miss
540 http cache https://registry.npmjs.org/check-types 109ms (cache hit)
541 silly packumentCache full:https://registry.npmjs.org/check-types set size:241447 disposed:false
542 silly fetch manifest postcss-value-parser@^4.2.0
543 silly packumentCache full:https://registry.npmjs.org/postcss-value-parser cache-miss
544 http cache https://registry.npmjs.org/baseline-browser-mapping 111ms (cache hit)
545 silly packumentCache full:https://registry.npmjs.org/baseline-browser-mapping set size:471377 disposed:false
546 silly fetch manifest postcss-modules-scope@^3.2.0
547 silly packumentCache full:https://registry.npmjs.org/postcss-modules-scope cache-miss
548 http cache https://registry.npmjs.org/caniuse-lite 143ms (cache hit)
549 silly packumentCache full:https://registry.npmjs.org/caniuse-lite set size:2289092 disposed:false
550 silly fetch manifest postcss-modules-values@^4.0.0
551 silly packumentCache full:https://registry.npmjs.org/postcss-modules-values cache-miss
552 http cache https://registry.npmjs.org/electron-to-chromium 231ms (cache hit)
553 silly packumentCache full:https://registry.npmjs.org/electron-to-chromium set size:4780173 disposed:false
554 silly fetch manifest postcss-modules-extract-imports@^3.1.0
555 silly packumentCache full:https://registry.npmjs.org/postcss-modules-extract-imports cache-miss
556 http cache https://registry.npmjs.org/icss-utils 315ms (cache hit)
557 silly packumentCache full:https://registry.npmjs.org/icss-utils set size:31661 disposed:false
558 silly fetch manifest postcss-modules-local-by-default@^4.0.5
559 silly packumentCache full:https://registry.npmjs.org/postcss-modules-local-by-default cache-miss
560 http cache https://registry.npmjs.org/node-releases 368ms (cache hit)
561 silly packumentCache full:https://registry.npmjs.org/node-releases set size:273586 disposed:false
562 silly fetch manifest cssnano@^5.0.6
563 silly packumentCache full:https://registry.npmjs.org/cssnano cache-miss
564 http cache https://registry.npmjs.org/update-browserslist-db 354ms (cache hit)
565 silly packumentCache full:https://registry.npmjs.org/update-browserslist-db set size:62000 disposed:false
566 silly fetch manifest postcss@^8.3.5
567 silly packumentCache full:https://registry.npmjs.org/postcss cache-hit
568 silly fetch manifest source-map@^0.6.1
569 silly packumentCache full:https://registry.npmjs.org/source-map cache-hit
570 silly fetch manifest jest-worker@^27.0.2
571 silly packumentCache full:https://registry.npmjs.org/jest-worker cache-miss
572 http cache https://registry.npmjs.org/postcss-modules-scope 316ms (cache hit)
573 silly packumentCache full:https://registry.npmjs.org/postcss-modules-scope set size:72581 disposed:false
574 silly fetch manifest schema-utils@^4.0.0
575 silly packumentCache full:https://registry.npmjs.org/schema-utils cache-hit
576 silly fetch manifest serialize-javascript@^6.0.0
577 silly packumentCache full:https://registry.npmjs.org/serialize-javascript cache-miss
578 http cache https://registry.npmjs.org/postcss-value-parser 350ms (cache hit)
579 silly packumentCache full:https://registry.npmjs.org/postcss-value-parser set size:73484 disposed:false
580 silly fetch manifest ajv@^6.12.4
581 silly packumentCache full:https://registry.npmjs.org/ajv cache-miss
582 http cache https://registry.npmjs.org/postcss-modules-extract-imports 87ms (cache hit)
583 silly packumentCache full:https://registry.npmjs.org/postcss-modules-extract-imports set size:57788 disposed:false
584 silly fetch manifest levn@^0.4.1
585 silly packumentCache full:https://registry.npmjs.org/levn cache-miss
586 http cache https://registry.npmjs.org/postcss-modules-values 274ms (cache hit)
587 silly packumentCache full:https://registry.npmjs.org/postcss-modules-values set size:56722 disposed:false
588 silly fetch manifest debug@^4.3.2
589 silly packumentCache full:https://registry.npmjs.org/debug cache-hit
590 silly fetch manifest espree@^9.6.1
591 silly packumentCache full:https://registry.npmjs.org/espree cache-miss
592 http cache https://registry.npmjs.org/cssnano 90ms (cache hit)
593 silly packumentCache full:https://registry.npmjs.org/cssnano set size:476990 disposed:false
594 silly fetch manifest ignore@^5.2.0
595 silly packumentCache full:https://registry.npmjs.org/ignore cache-miss
596 http cache https://registry.npmjs.org/postcss-modules-local-by-default 133ms (cache hit)
597 silly packumentCache full:https://registry.npmjs.org/postcss-modules-local-by-default set size:107445 disposed:false
598 silly fetch manifest esquery@^1.4.2
599 silly packumentCache full:https://registry.npmjs.org/esquery cache-miss
600 http cache https://registry.npmjs.org/serialize-javascript 101ms (cache hit)
601 silly packumentCache full:https://registry.npmjs.org/serialize-javascript set size:80012 disposed:false
602 silly fetch manifest esutils@^2.0.2
603 silly packumentCache full:https://registry.npmjs.org/esutils cache-miss
604 http cache https://registry.npmjs.org/jest-worker 129ms (cache hit)
605 silly packumentCache full:https://registry.npmjs.org/jest-worker set size:462624 disposed:false
606 silly fetch manifest find-up@^5.0.0
607 silly packumentCache full:https://registry.npmjs.org/find-up cache-miss
608 http cache https://registry.npmjs.org/ajv 133ms (cache hit)
609 silly packumentCache full:https://registry.npmjs.org/ajv set size:1142658 disposed:false
610 silly fetch manifest globals@^13.19.0
611 silly packumentCache full:https://registry.npmjs.org/globals cache-miss
612 http cache https://registry.npmjs.org/levn 179ms (cache hit)
613 silly packumentCache full:https://registry.npmjs.org/levn set size:28223 disposed:false
614 silly fetch manifest is-glob@^4.0.0
615 silly packumentCache full:https://registry.npmjs.org/is-glob cache-miss
616 http cache https://registry.npmjs.org/espree 176ms (cache hit)
617 silly packumentCache full:https://registry.npmjs.org/espree set size:326080 disposed:false
618 silly fetch manifest js-yaml@^4.1.0
619 silly packumentCache full:https://registry.npmjs.org/js-yaml cache-miss
620 http cache https://registry.npmjs.org/esquery 146ms (cache hit)
621 silly packumentCache full:https://registry.npmjs.org/esquery set size:48888 disposed:false
622 silly fetch manifest doctrine@^3.0.0
623 silly packumentCache full:https://registry.npmjs.org/doctrine cache-miss
624 http cache https://registry.npmjs.org/ignore 167ms (cache hit)
625 silly packumentCache full:https://registry.npmjs.org/ignore set size:237380 disposed:false
626 silly fetch manifest graphemer@^1.4.0
627 silly packumentCache full:https://registry.npmjs.org/graphemer cache-miss
628 http cache https://registry.npmjs.org/esutils 164ms (cache hit)
629 silly packumentCache full:https://registry.npmjs.org/esutils set size:29522 disposed:false
630 silly fetch manifest minimatch@^3.1.2
631 silly packumentCache full:https://registry.npmjs.org/minimatch cache-miss
632 http cache https://registry.npmjs.org/find-up 149ms (cache hit)
633 silly packumentCache full:https://registry.npmjs.org/find-up set size:42620 disposed:false
634 silly fetch manifest @eslint/js@8.57.1
635 silly packumentCache full:https://registry.npmjs.org/@eslint%2fjs cache-miss
636 http cache https://registry.npmjs.org/globals 111ms (cache hit)
637 silly packumentCache full:https://registry.npmjs.org/globals set size:315985 disposed:false
638 silly fetch manifest optionator@^0.9.3
639 silly packumentCache full:https://registry.npmjs.org/optionator cache-miss
640 http cache https://registry.npmjs.org/js-yaml 95ms (cache hit)
641 silly packumentCache full:https://registry.npmjs.org/js-yaml set size:152232 disposed:false
642 silly fetch manifest strip-ansi@^6.0.1
643 silly packumentCache full:https://registry.npmjs.org/strip-ansi cache-miss
644 http cache https://registry.npmjs.org/is-glob 129ms (cache hit)
645 silly packumentCache full:https://registry.npmjs.org/is-glob set size:40530 disposed:false
646 silly fetch manifest text-table@^0.2.0
647 silly packumentCache full:https://registry.npmjs.org/text-table cache-miss
648 http cache https://registry.npmjs.org/graphemer 86ms (cache hit)
649 silly packumentCache full:https://registry.npmjs.org/graphemer set size:25853 disposed:false
650 silly fetch manifest cross-spawn@^7.0.2
651 silly packumentCache full:https://registry.npmjs.org/cross-spawn cache-miss
652 http cache https://registry.npmjs.org/doctrine 113ms (cache hit)
653 silly packumentCache full:https://registry.npmjs.org/doctrine set size:64052 disposed:false
654 silly fetch manifest glob-parent@^6.0.2
655 silly packumentCache full:https://registry.npmjs.org/glob-parent cache-miss
656 http cache https://registry.npmjs.org/@eslint%2fjs 85ms (cache hit)
657 silly packumentCache full:https://registry.npmjs.org/@eslint%2fjs set size:140022 disposed:false
658 silly fetch manifest imurmurhash@^0.1.4
659 silly packumentCache full:https://registry.npmjs.org/imurmurhash cache-miss
660 http cache https://registry.npmjs.org/minimatch 107ms (cache hit)
661 silly packumentCache full:https://registry.npmjs.org/minimatch set size:375282 disposed:false
662 silly fetch manifest eslint-scope@^7.2.2
663 silly packumentCache full:https://registry.npmjs.org/eslint-scope cache-miss
664 http cache https://registry.npmjs.org/optionator 100ms (cache hit)
665 silly packumentCache full:https://registry.npmjs.org/optionator set size:49651 disposed:false
666 silly fetch manifest lodash.merge@^4.6.2
667 silly packumentCache full:https://registry.npmjs.org/lodash.merge cache-miss
668 http cache https://registry.npmjs.org/strip-ansi 93ms (cache hit)
669 silly packumentCache full:https://registry.npmjs.org/strip-ansi set size:44998 disposed:false
670 silly fetch manifest is-path-inside@^3.0.3
671 silly packumentCache full:https://registry.npmjs.org/is-path-inside cache-miss
672 http cache https://registry.npmjs.org/glob-parent 79ms (cache hit)
673 silly packumentCache full:https://registry.npmjs.org/glob-parent set size:42445 disposed:false
674 silly fetch manifest fast-deep-equal@^3.1.3
675 silly packumentCache full:https://registry.npmjs.org/fast-deep-equal cache-miss
676 http cache https://registry.npmjs.org/text-table 102ms (cache hit)
677 silly packumentCache full:https://registry.npmjs.org/text-table set size:20701 disposed:false
678 silly fetch manifest natural-compare@^1.4.0
679 silly packumentCache full:https://registry.npmjs.org/natural-compare cache-miss
680 http cache https://registry.npmjs.org/cross-spawn 103ms (cache hit)
681 silly packumentCache full:https://registry.npmjs.org/cross-spawn set size:109066 disposed:false
682 silly fetch manifest @eslint/eslintrc@^2.1.4
683 silly packumentCache full:https://registry.npmjs.org/@eslint%2feslintrc cache-miss
684 http cache https://registry.npmjs.org/imurmurhash 94ms (cache hit)
685 silly packumentCache full:https://registry.npmjs.org/imurmurhash set size:35819 disposed:false
686 silly fetch manifest @nodelib/fs.walk@^1.2.8
687 silly packumentCache full:https://registry.npmjs.org/@nodelib%2ffs.walk cache-miss
688 http cache https://registry.npmjs.org/eslint-scope 80ms (cache hit)
689 silly packumentCache full:https://registry.npmjs.org/eslint-scope set size:98867 disposed:false
690 silly fetch manifest file-entry-cache@^6.0.1
691 silly packumentCache full:https://registry.npmjs.org/file-entry-cache cache-miss
692 http cache https://registry.npmjs.org/lodash.merge 90ms (cache hit)
693 silly packumentCache full:https://registry.npmjs.org/lodash.merge set size:78575 disposed:false
694 silly fetch manifest eslint-visitor-keys@^3.4.3
695 silly packumentCache full:https://registry.npmjs.org/eslint-visitor-keys cache-miss
696 http cache https://registry.npmjs.org/is-path-inside 81ms (cache hit)
697 silly packumentCache full:https://registry.npmjs.org/is-path-inside set size:23585 disposed:false
698 silly fetch manifest escape-string-regexp@^4.0.0
699 silly packumentCache full:https://registry.npmjs.org/escape-string-regexp cache-miss
700 http cache https://registry.npmjs.org/fast-deep-equal 84ms (cache hit)
701 silly packumentCache full:https://registry.npmjs.org/fast-deep-equal set size:48634 disposed:false
702 silly fetch manifest @ungap/structured-clone@^1.2.0
703 silly packumentCache full:https://registry.npmjs.org/@ungap%2fstructured-clone cache-miss
704 http cache https://registry.npmjs.org/@eslint%2feslintrc 74ms (cache hit)
705 silly packumentCache full:https://registry.npmjs.org/@eslint%2feslintrc set size:168674 disposed:false
706 silly fetch manifest @eslint-community/regexpp@^4.6.1
707 silly packumentCache full:https://registry.npmjs.org/@eslint-community%2fregexpp cache-miss
708 http cache https://registry.npmjs.org/natural-compare 100ms (cache hit)
709 silly packumentCache full:https://registry.npmjs.org/natural-compare set size:7852 disposed:false
710 silly fetch manifest @humanwhocodes/config-array@^0.13.0
711 silly packumentCache full:https://registry.npmjs.org/@humanwhocodes%2fconfig-array cache-miss
712 http cache https://registry.npmjs.org/@nodelib%2ffs.walk 86ms (cache hit)
713 silly packumentCache full:https://registry.npmjs.org/@nodelib%2ffs.walk set size:41589 disposed:false
714 silly fetch manifest @eslint-community/eslint-utils@^4.2.0
715 silly packumentCache full:https://registry.npmjs.org/@eslint-community%2feslint-utils cache-miss
716 http cache https://registry.npmjs.org/file-entry-cache 84ms (cache hit)
717 silly packumentCache full:https://registry.npmjs.org/file-entry-cache set size:151480 disposed:false
718 silly fetch manifest @humanwhocodes/module-importer@^1.0.1
719 silly packumentCache full:https://registry.npmjs.org/@humanwhocodes%2fmodule-importer cache-miss
720 http cache https://registry.npmjs.org/escape-string-regexp 79ms (cache hit)
721 silly packumentCache full:https://registry.npmjs.org/escape-string-regexp set size:22244 disposed:false
722 silly fetch manifest json-stable-stringify-without-jsonify@^1.0.1
723 silly packumentCache full:https://registry.npmjs.org/json-stable-stringify-without-jsonify cache-miss
724 http cache https://registry.npmjs.org/eslint-visitor-keys 96ms (cache hit)
725 silly packumentCache full:https://registry.npmjs.org/eslint-visitor-keys set size:69949 disposed:false
726 silly fetch manifest eslint-plugin-jest@^25.3.0
727 silly packumentCache full:https://registry.npmjs.org/eslint-plugin-jest cache-miss
728 http cache https://registry.npmjs.org/@ungap%2fstructured-clone 87ms (cache hit)
729 silly packumentCache full:https://registry.npmjs.org/@ungap%2fstructured-clone set size:55958 disposed:false
730 silly fetch manifest eslint-plugin-react@^7.27.1
731 silly packumentCache full:https://registry.npmjs.org/eslint-plugin-react cache-miss
732 http cache https://registry.npmjs.org/@eslint-community%2fregexpp 83ms (cache hit)
733 silly packumentCache full:https://registry.npmjs.org/@eslint-community%2fregexpp set size:106609 disposed:false
734 silly fetch manifest @babel/eslint-parser@^7.16.3
735 silly packumentCache full:https://registry.npmjs.org/@babel%2feslint-parser cache-miss
736 http cache https://registry.npmjs.org/@humanwhocodes%2fconfig-array 93ms (cache hit)
737 silly packumentCache full:https://registry.npmjs.org/@humanwhocodes%2fconfig-array set size:139493 disposed:false
738 silly fetch manifest eslint-plugin-import@^2.25.3
739 silly packumentCache full:https://registry.npmjs.org/eslint-plugin-import cache-miss
740 http cache https://registry.npmjs.org/@eslint-community%2feslint-utils 94ms (cache hit)
741 silly packumentCache full:https://registry.npmjs.org/@eslint-community%2feslint-utils set size:93301 disposed:false
742 silly fetch manifest eslint-plugin-flowtype@^8.0.3
743 silly packumentCache full:https://registry.npmjs.org/eslint-plugin-flowtype cache-miss
744 http cache https://registry.npmjs.org/@humanwhocodes%2fmodule-importer 93ms (cache hit)
745 silly packumentCache full:https://registry.npmjs.org/@humanwhocodes%2fmodule-importer set size:9516 disposed:false
746 silly fetch manifest eslint-plugin-jsx-a11y@^6.5.1
747 silly packumentCache full:https://registry.npmjs.org/eslint-plugin-jsx-a11y cache-miss
748 http cache https://registry.npmjs.org/json-stable-stringify-without-jsonify 83ms (cache hit)
749 silly packumentCache full:https://registry.npmjs.org/json-stable-stringify-without-jsonify set size:5808 disposed:false
750 silly fetch manifest @rushstack/eslint-patch@^1.1.0
751 silly packumentCache full:https://registry.npmjs.org/@rushstack%2feslint-patch cache-miss
752 http cache https://registry.npmjs.org/eslint-plugin-react 77ms (cache hit)
753 silly packumentCache full:https://registry.npmjs.org/eslint-plugin-react set size:646827 disposed:false
754 silly fetch manifest @typescript-eslint/parser@^5.5.0
755 silly packumentCache full:https://registry.npmjs.org/@typescript-eslint%2fparser cache-miss
756 http cache https://registry.npmjs.org/@babel%2feslint-parser 117ms (cache hit)
757 silly packumentCache full:https://registry.npmjs.org/@babel%2feslint-parser set size:230934 disposed:false
758 silly fetch manifest confusing-browser-globals@^1.0.11
759 silly packumentCache full:https://registry.npmjs.org/confusing-browser-globals cache-miss
760 http cache https://registry.npmjs.org/eslint-plugin-jest 260ms (cache hit)
761 silly packumentCache full:https://registry.npmjs.org/eslint-plugin-jest set size:1747494 disposed:false
762 silly fetch manifest eslint-plugin-react-hooks@^4.3.0
763 silly packumentCache full:https://registry.npmjs.org/eslint-plugin-react-hooks cache-miss
764 http cache https://registry.npmjs.org/eslint-plugin-import 320ms (cache hit)
765 silly packumentCache full:https://registry.npmjs.org/eslint-plugin-import set size:484928 disposed:false
766 silly fetch manifest eslint-plugin-testing-library@^5.0.1
767 silly packumentCache full:https://registry.npmjs.org/eslint-plugin-testing-library cache-miss
768 http cache https://registry.npmjs.org/eslint-plugin-flowtype 343ms (cache hit)
769 silly packumentCache full:https://registry.npmjs.org/eslint-plugin-flowtype set size:642417 disposed:false
770 silly fetch manifest @typescript-eslint/eslint-plugin@^5.5.0
771 silly packumentCache full:https://registry.npmjs.org/@typescript-eslint%2feslint-plugin cache-miss
772 http cache https://registry.npmjs.org/eslint-plugin-jsx-a11y 373ms (cache hit)
773 silly packumentCache full:https://registry.npmjs.org/eslint-plugin-jsx-a11y set size:280052 disposed:false
774 silly fetch manifest micromatch@^4.0.5
775 silly packumentCache full:https://registry.npmjs.org/micromatch cache-miss
776 http cache https://registry.npmjs.org/@rushstack%2feslint-patch 380ms (cache hit)
777 silly packumentCache full:https://registry.npmjs.org/@rushstack%2feslint-patch set size:114289 disposed:false
778 silly fetch manifest jest-worker@^28.0.2
779 silly packumentCache full:https://registry.npmjs.org/jest-worker cache-hit
780 silly fetch manifest @types/eslint@^7.29.0 || ^8.4.1
781 silly packumentCache full:https://registry.npmjs.org/@types%2feslint cache-miss
782 http cache https://registry.npmjs.org/confusing-browser-globals 325ms (cache hit)
783 silly packumentCache full:https://registry.npmjs.org/confusing-browser-globals set size:153636 disposed:false
784 silly fetch manifest normalize-path@^3.0.0
785 silly packumentCache full:https://registry.npmjs.org/normalize-path cache-miss
786 http cache https://registry.npmjs.org/eslint-plugin-testing-library 119ms (cache hit)
787 silly packumentCache full:https://registry.npmjs.org/eslint-plugin-testing-library set size:929016 disposed:false
788 silly fetch manifest schema-utils@^3.0.0
789 silly packumentCache full:https://registry.npmjs.org/schema-utils cache-hit
790 silly fetch manifest jsonfile@^6.0.1
791 silly packumentCache full:https://registry.npmjs.org/jsonfile cache-miss
792 http cache https://registry.npmjs.org/micromatch 104ms (cache hit)
793 silly packumentCache full:https://registry.npmjs.org/micromatch set size:240630 disposed:false
794 silly fetch manifest graceful-fs@^4.2.0
795 silly packumentCache full:https://registry.npmjs.org/graceful-fs cache-hit
796 silly fetch manifest universalify@^2.0.0
797 silly packumentCache full:https://registry.npmjs.org/universalify cache-miss
798 http cache https://registry.npmjs.org/@types%2feslint 104ms (cache hit)
799 silly packumentCache full:https://registry.npmjs.org/@types%2feslint set size:220085 disposed:false
800 silly fetch manifest @types/html-minifier-terser@^6.0.0
801 silly packumentCache full:https://registry.npmjs.org/@types%2fhtml-minifier-terser cache-miss
802 http cache https://registry.npmjs.org/normalize-path 112ms (cache hit)
803 silly packumentCache full:https://registry.npmjs.org/normalize-path set size:28713 disposed:false
804 silly fetch manifest html-minifier-terser@^6.0.2
805 silly packumentCache full:https://registry.npmjs.org/html-minifier-terser cache-miss
806 http cache https://registry.npmjs.org/universalify 38ms (cache hit)
807 silly packumentCache full:https://registry.npmjs.org/universalify set size:19431 disposed:false
808 silly fetch manifest lodash@^4.17.21
809 silly packumentCache full:https://registry.npmjs.org/lodash cache-miss
810 http cache https://registry.npmjs.org/jsonfile 74ms (cache hit)
811 silly packumentCache full:https://registry.npmjs.org/jsonfile set size:53210 disposed:false
812 silly fetch manifest pretty-error@^4.0.0
813 silly packumentCache full:https://registry.npmjs.org/pretty-error cache-miss
814 http cache https://registry.npmjs.org/@types%2fhtml-minifier-terser 40ms (cache hit)
815 silly packumentCache full:https://registry.npmjs.org/@types%2fhtml-minifier-terser set size:21619 disposed:false
816 silly fetch manifest tapable@^2.0.0
817 silly packumentCache full:https://registry.npmjs.org/tapable cache-miss
818 http cache https://registry.npmjs.org/html-minifier-terser 41ms (cache hit)
819 silly packumentCache full:https://registry.npmjs.org/html-minifier-terser set size:84211 disposed:false
820 silly fetch manifest harmony-reflect@^1.4.6
821 silly packumentCache full:https://registry.npmjs.org/harmony-reflect cache-miss
822 http cache https://registry.npmjs.org/lodash 44ms (cache hit)
823 silly packumentCache full:https://registry.npmjs.org/lodash set size:247652 disposed:false
824 silly fetch manifest jest-cli@^27.5.1
825 silly packumentCache full:https://registry.npmjs.org/jest-cli cache-miss
826 http cache https://registry.npmjs.org/pretty-error 57ms (cache hit)
827 silly packumentCache full:https://registry.npmjs.org/pretty-error set size:81783 disposed:false
828 silly fetch manifest @jest/core@^27.5.1
829 silly packumentCache full:https://registry.npmjs.org/@jest%2fcore cache-miss
830 http cache https://registry.npmjs.org/tapable 57ms (cache hit)
831 silly packumentCache full:https://registry.npmjs.org/tapable set size:141233 disposed:false
832 silly fetch manifest import-local@^3.0.2
833 silly packumentCache full:https://registry.npmjs.org/import-local cache-miss
834 http cache https://registry.npmjs.org/harmony-reflect 59ms (cache hit)
835 silly packumentCache full:https://registry.npmjs.org/harmony-reflect set size:55062 disposed:false
836 silly fetch manifest jest-util@^27.5.1
837 silly packumentCache full:https://registry.npmjs.org/jest-util cache-miss
838 http cache https://registry.npmjs.org/import-local 26ms (cache hit)
839 silly packumentCache full:https://registry.npmjs.org/import-local set size:24258 disposed:false
840 silly fetch manifest jest-validate@^27.5.1
841 silly packumentCache full:https://registry.npmjs.org/jest-validate cache-miss
842 http cache https://registry.npmjs.org/jest-cli 65ms (cache hit)
843 silly packumentCache full:https://registry.npmjs.org/jest-cli set size:1172264 disposed:false
844 silly fetch manifest jest-haste-map@^27.5.1
845 silly packumentCache full:https://registry.npmjs.org/jest-haste-map cache-miss
846 http cache https://registry.npmjs.org/@jest%2fcore 151ms (cache hit)
847 silly packumentCache full:https://registry.npmjs.org/@jest%2fcore set size:624059 disposed:false
848 silly fetch manifest resolve.exports@^1.1.0
849 silly packumentCache full:https://registry.npmjs.org/resolve.exports cache-miss
850 http cache https://registry.npmjs.org/jest-util 187ms (cache hit)
851 silly packumentCache full:https://registry.npmjs.org/jest-util set size:583957 disposed:false
852 silly fetch manifest jest-pnp-resolver@^1.2.2
853 silly packumentCache full:https://registry.npmjs.org/jest-pnp-resolver cache-miss
854 http cache https://registry.npmjs.org/jest-haste-map 212ms (cache hit)
855 silly packumentCache full:https://registry.npmjs.org/jest-haste-map set size:688422 disposed:false
856 silly fetch manifest slash@^4.0.0
857 silly packumentCache full:https://registry.npmjs.org/slash cache-hit
858 silly fetch manifest strip-ansi@^7.0.1
859 silly packumentCache full:https://registry.npmjs.org/strip-ansi cache-hit
860 silly fetch manifest ansi-escapes@^4.3.1
861 silly packumentCache full:https://registry.npmjs.org/ansi-escapes cache-miss
862 http cache https://registry.npmjs.org/jest-validate 312ms (cache hit)
863 silly packumentCache full:https://registry.npmjs.org/jest-validate set size:564124 disposed:false
864 silly fetch manifest jest-watcher@^28.0.0
865 silly packumentCache full:https://registry.npmjs.org/jest-watcher cache-miss
866 http cache https://registry.npmjs.org/resolve.exports 214ms (cache hit)
867 silly packumentCache full:https://registry.npmjs.org/resolve.exports set size:49558 disposed:false
868 silly fetch manifest string-length@^5.0.1
869 silly packumentCache full:https://registry.npmjs.org/string-length cache-miss
870 http cache https://registry.npmjs.org/jest-pnp-resolver 119ms (cache hit)
871 silly packumentCache full:https://registry.npmjs.org/jest-pnp-resolver set size:22834 disposed:false
872 silly fetch manifest jest-regex-util@^28.0.0
873 silly packumentCache full:https://registry.npmjs.org/jest-regex-util cache-miss
874 http cache https://registry.npmjs.org/ansi-escapes 79ms (cache hit)
875 silly packumentCache full:https://registry.npmjs.org/ansi-escapes set size:70915 disposed:false
876 silly fetch manifest tapable@^2.2.1
877 silly packumentCache full:https://registry.npmjs.org/tapable cache-hit
878 silly fetch manifest nanoid@^3.3.11
879 silly packumentCache full:https://registry.npmjs.org/nanoid cache-miss
880 http cache https://registry.npmjs.org/jest-watcher 66ms (cache hit)
881 silly packumentCache full:https://registry.npmjs.org/jest-watcher set size:389646 disposed:false
882 silly fetch manifest picocolors@^1.1.1
883 silly packumentCache full:https://registry.npmjs.org/picocolors cache-miss
884 http cache https://registry.npmjs.org/string-length 56ms (cache hit)
885 silly packumentCache full:https://registry.npmjs.org/string-length set size:35851 disposed:false
886 silly fetch manifest source-map-js@^1.2.1
887 silly packumentCache full:https://registry.npmjs.org/source-map-js cache-miss
888 http cache https://registry.npmjs.org/jest-regex-util 58ms (cache hit)
889 silly packumentCache full:https://registry.npmjs.org/jest-regex-util set size:229345 disposed:false
890 silly fetch manifest klona@^2.0.5
891 silly packumentCache full:https://registry.npmjs.org/klona cache-miss
892 http cache https://registry.npmjs.org/nanoid 65ms (cache hit)
893 silly packumentCache full:https://registry.npmjs.org/nanoid set size:310559 disposed:false
894 silly fetch manifest cosmiconfig@^7.0.0
895 silly packumentCache full:https://registry.npmjs.org/cosmiconfig cache-miss
896 http cache https://registry.npmjs.org/picocolors 66ms (cache hit)
897 silly packumentCache full:https://registry.npmjs.org/picocolors set size:16648 disposed:false
898 silly fetch manifest sanitize.css@*
899 silly packumentCache full:https://registry.npmjs.org/sanitize.css cache-miss
900 http cache https://registry.npmjs.org/klona 49ms (cache hit)
901 silly packumentCache full:https://registry.npmjs.org/klona set size:42195 disposed:false
902 silly fetch manifest @csstools/normalize.css@*
903 silly packumentCache full:https://registry.npmjs.org/@csstools%2fnormalize.css cache-miss
904 http cache https://registry.npmjs.org/source-map-js 71ms (cache hit)
905 silly packumentCache full:https://registry.npmjs.org/source-map-js set size:62640 disposed:false
906 silly fetch manifest postcss-browser-comments@^4
907 silly packumentCache full:https://registry.npmjs.org/postcss-browser-comments cache-miss
908 http cache https://registry.npmjs.org/cosmiconfig 43ms (cache hit)
909 silly packumentCache full:https://registry.npmjs.org/cosmiconfig set size:222324 disposed:false
910 silly fetch manifest cssdb@^7.1.0
911 silly packumentCache full:https://registry.npmjs.org/cssdb cache-miss
912 http cache https://registry.npmjs.org/sanitize.css 55ms (cache hit)
913 silly packumentCache full:https://registry.npmjs.org/sanitize.css set size:132320 disposed:false
914 silly fetch manifest autoprefixer@^10.4.13
915 silly packumentCache full:https://registry.npmjs.org/autoprefixer cache-miss
916 http cache https://registry.npmjs.org/@csstools%2fnormalize.css 50ms (cache hit)
917 silly packumentCache full:https://registry.npmjs.org/@csstools%2fnormalize.css set size:32143 disposed:false
918 silly fetch manifest postcss-clamp@^4.1.0
919 silly packumentCache full:https://registry.npmjs.org/postcss-clamp cache-miss
920 http cache https://registry.npmjs.org/postcss-browser-comments 55ms (cache hit)
921 silly packumentCache full:https://registry.npmjs.org/postcss-browser-comments set size:28326 disposed:false
922 silly fetch manifest postcss-place@^7.0.5
923 silly packumentCache full:https://registry.npmjs.org/postcss-place cache-miss
924 http cache https://registry.npmjs.org/cssdb 47ms (cache hit)
925 silly packumentCache full:https://registry.npmjs.org/cssdb set size:281133 disposed:false
926 silly fetch manifest css-has-pseudo@^3.0.4
927 silly packumentCache full:https://registry.npmjs.org/css-has-pseudo cache-miss
928 http cache https://registry.npmjs.org/autoprefixer 60ms (cache hit)
929 silly packumentCache full:https://registry.npmjs.org/autoprefixer set size:1319426 disposed:false
930 silly fetch manifest postcss-initial@^4.0.1
931 silly packumentCache full:https://registry.npmjs.org/postcss-initial cache-miss
932 http cache https://registry.npmjs.org/postcss-clamp 108ms (cache hit)
933 silly packumentCache full:https://registry.npmjs.org/postcss-clamp set size:22705 disposed:false
934 silly fetch manifest postcss-logical@^5.0.4
935 silly packumentCache full:https://registry.npmjs.org/postcss-logical cache-miss
936 http cache https://registry.npmjs.org/postcss-place 153ms (cache hit)
937 silly packumentCache full:https://registry.npmjs.org/postcss-place set size:65066 disposed:false
938 silly fetch manifest postcss-nesting@^10.2.0
939 silly packumentCache full:https://registry.npmjs.org/postcss-nesting cache-miss
940 http cache https://registry.npmjs.org/postcss-logical 61ms (cache hit)
941 silly packumentCache full:https://registry.npmjs.org/postcss-logical set size:75922 disposed:false
942 silly fetch manifest css-blank-pseudo@^3.0.3
943 silly packumentCache full:https://registry.npmjs.org/css-blank-pseudo cache-miss
944 http cache https://registry.npmjs.org/postcss-initial 78ms (cache hit)
945 silly packumentCache full:https://registry.npmjs.org/postcss-initial set size:41882 disposed:false
946 silly fetch manifest postcss-page-break@^3.0.4
947 silly packumentCache full:https://registry.npmjs.org/postcss-page-break cache-miss
948 http cache https://registry.npmjs.org/css-has-pseudo 149ms (cache hit)
949 silly packumentCache full:https://registry.npmjs.org/css-has-pseudo set size:129001 disposed:false
950 silly fetch manifest postcss-custom-media@^8.0.2
951 silly packumentCache full:https://registry.npmjs.org/postcss-custom-media cache-miss
952 http cache https://registry.npmjs.org/postcss-page-break 26ms (cache hit)
953 silly packumentCache full:https://registry.npmjs.org/postcss-page-break set size:22100 disposed:false
954 silly fetch manifest postcss-env-function@^4.0.6
955 silly packumentCache full:https://registry.npmjs.org/postcss-env-function cache-miss
956 http cache https://registry.npmjs.org/css-blank-pseudo 42ms (cache hit)
957 silly packumentCache full:https://registry.npmjs.org/css-blank-pseudo set size:93102 disposed:false
958 silly fetch manifest postcss-focus-within@^5.0.4
959 silly packumentCache full:https://registry.npmjs.org/postcss-focus-within cache-miss
960 http cache https://registry.npmjs.org/postcss-nesting 60ms (cache hit)
961 silly packumentCache full:https://registry.npmjs.org/postcss-nesting set size:192460 disposed:false
962 silly fetch manifest postcss-font-variant@^5.0.0
963 silly packumentCache full:https://registry.npmjs.org/postcss-font-variant cache-miss
964 http cache https://registry.npmjs.org/postcss-custom-media 56ms (cache hit)
965 silly packumentCache full:https://registry.npmjs.org/postcss-custom-media set size:148984 disposed:false
966 silly fetch manifest postcss-lab-function@^4.2.1
967 silly packumentCache full:https://registry.npmjs.org/postcss-lab-function cache-miss
968 http cache https://registry.npmjs.org/postcss-env-function 52ms (cache hit)
969 silly packumentCache full:https://registry.npmjs.org/postcss-env-function set size:59070 disposed:false
970 silly fetch manifest postcss-media-minmax@^5.0.0
971 silly packumentCache full:https://registry.npmjs.org/postcss-media-minmax cache-miss
972 http cache https://registry.npmjs.org/postcss-focus-within 51ms (cache hit)
973 silly packumentCache full:https://registry.npmjs.org/postcss-focus-within set size:73158 disposed:false
974 silly fetch manifest postcss-selector-not@^6.0.1
975 silly packumentCache full:https://registry.npmjs.org/postcss-selector-not cache-miss
976 http cache https://registry.npmjs.org/postcss-font-variant 46ms (cache hit)
977 silly packumentCache full:https://registry.npmjs.org/postcss-font-variant set size:24538 disposed:false
978 silly fetch manifest postcss-focus-visible@^6.0.4
979 silly packumentCache full:https://registry.npmjs.org/postcss-focus-visible cache-miss
980 http cache https://registry.npmjs.org/postcss-lab-function 42ms (cache hit)
981 silly packumentCache full:https://registry.npmjs.org/postcss-lab-function set size:191443 disposed:false
982 silly fetch manifest postcss-gap-properties@^3.0.5
983 silly packumentCache full:https://registry.npmjs.org/postcss-gap-properties cache-miss
984 http cache https://registry.npmjs.org/postcss-media-minmax 54ms (cache hit)
985 silly packumentCache full:https://registry.npmjs.org/postcss-media-minmax set size:26786 disposed:false
986 silly fetch manifest postcss-color-hex-alpha@^8.0.4
987 silly packumentCache full:https://registry.npmjs.org/postcss-color-hex-alpha cache-miss
988 http cache https://registry.npmjs.org/postcss-selector-not 54ms (cache hit)
989 silly packumentCache full:https://registry.npmjs.org/postcss-selector-not set size:54015 disposed:false
990 silly fetch manifest css-prefers-color-scheme@^6.0.3
991 silly packumentCache full:https://registry.npmjs.org/css-prefers-color-scheme cache-miss
992 http cache https://registry.npmjs.org/postcss-focus-visible 55ms (cache hit)
993 silly packumentCache full:https://registry.npmjs.org/postcss-focus-visible set size:67015 disposed:false
994 silly fetch manifest postcss-custom-selectors@^6.0.3
995 silly packumentCache full:https://registry.npmjs.org/postcss-custom-selectors cache-miss
996 http cache https://registry.npmjs.org/postcss-gap-properties 47ms (cache hit)
997 silly packumentCache full:https://registry.npmjs.org/postcss-gap-properties set size:47202 disposed:false
998 silly fetch manifest postcss-dir-pseudo-class@^6.0.5
999 silly packumentCache full:https://registry.npmjs.org/postcss-dir-pseudo-class cache-miss
1000 http cache https://registry.npmjs.org/css-prefers-color-scheme 31ms (cache hit)
1001 silly packumentCache full:https://registry.npmjs.org/css-prefers-color-scheme set size:83953 disposed:false
1002 silly fetch manifest @csstools/postcss-ic-unit@^1.0.1
1003 silly packumentCache full:https://registry.npmjs.org/@csstools%2fpostcss-ic-unit cache-miss
1004 http cache https://registry.npmjs.org/postcss-color-hex-alpha 61ms (cache hit)
1005 silly packumentCache full:https://registry.npmjs.org/postcss-color-hex-alpha set size:77476 disposed:false
1006 silly fetch manifest postcss-custom-properties@^12.1.10
1007 silly packumentCache full:https://registry.npmjs.org/postcss-custom-properties cache-miss
1008 http cache https://registry.npmjs.org/postcss-custom-selectors 58ms (cache hit)
1009 silly packumentCache full:https://registry.npmjs.org/postcss-custom-selectors set size:124740 disposed:false
1010 silly fetch manifest postcss-image-set-function@^4.0.7
1011 silly packumentCache full:https://registry.npmjs.org/postcss-image-set-function cache-miss
1012 http cache https://registry.npmjs.org/postcss-dir-pseudo-class 61ms (cache hit)
1013 silly packumentCache full:https://registry.npmjs.org/postcss-dir-pseudo-class set size:67672 disposed:false
1014 silly fetch manifest postcss-opacity-percentage@^1.1.2
1015 silly packumentCache full:https://registry.npmjs.org/postcss-opacity-percentage cache-miss
1016 http cache https://registry.npmjs.org/@csstools%2fpostcss-ic-unit 59ms (cache hit)
1017 silly packumentCache full:https://registry.npmjs.org/@csstools%2fpostcss-ic-unit set size:60691 disposed:false
1018 silly fetch manifest postcss-overflow-shorthand@^3.0.4
1019 silly packumentCache full:https://registry.npmjs.org/postcss-overflow-shorthand cache-miss
1020 http cache https://registry.npmjs.org/postcss-custom-properties 47ms (cache hit)
1021 silly packumentCache full:https://registry.npmjs.org/postcss-custom-properties set size:279721 disposed:false
1022 silly fetch manifest postcss-color-rebeccapurple@^7.1.1
1023 silly packumentCache full:https://registry.npmjs.org/postcss-color-rebeccapurple cache-miss
1024 http cache https://registry.npmjs.org/postcss-image-set-function 61ms (cache hit)
1025 silly packumentCache full:https://registry.npmjs.org/postcss-image-set-function set size:72010 disposed:false
1026 silly fetch manifest @csstools/postcss-nested-calc@^1.0.0
1027 silly packumentCache full:https://registry.npmjs.org/@csstools%2fpostcss-nested-calc cache-miss
1028 http cache https://registry.npmjs.org/postcss-opacity-percentage 61ms (cache hit)
1029 silly packumentCache full:https://registry.npmjs.org/postcss-opacity-percentage set size:28101 disposed:false
1030 silly fetch manifest @csstools/postcss-unset-value@^1.0.2
1031 silly packumentCache full:https://registry.npmjs.org/@csstools%2fpostcss-unset-value cache-miss
1032 http cache https://registry.npmjs.org/postcss-overflow-shorthand 65ms (cache hit)
1033 silly packumentCache full:https://registry.npmjs.org/postcss-overflow-shorthand set size:46723 disposed:false
1034 silly fetch manifest postcss-pseudo-class-any-link@^7.1.6
1035 silly packumentCache full:https://registry.npmjs.org/postcss-pseudo-class-any-link cache-miss
1036 http cache https://registry.npmjs.org/postcss-color-rebeccapurple 58ms (cache hit)
1037 silly packumentCache full:https://registry.npmjs.org/postcss-color-rebeccapurple set size:76868 disposed:false
1038 silly fetch manifest postcss-replace-overflow-wrap@^4.0.0
1039 silly packumentCache full:https://registry.npmjs.org/postcss-replace-overflow-wrap cache-miss
1040 http cache https://registry.npmjs.org/@csstools%2fpostcss-nested-calc 64ms (cache hit)
1041 silly packumentCache full:https://registry.npmjs.org/@csstools%2fpostcss-nested-calc set size:30720 disposed:false
1042 silly fetch manifest @csstools/postcss-hwb-function@^1.0.2
1043 silly packumentCache full:https://registry.npmjs.org/@csstools%2fpostcss-hwb-function cache-miss
1044 http cache https://registry.npmjs.org/postcss-pseudo-class-any-link 49ms (cache hit)
1045 silly packumentCache full:https://registry.npmjs.org/postcss-pseudo-class-any-link set size:87436 disposed:false
1046 silly fetch manifest @csstools/postcss-cascade-layers@^1.1.1
1047 silly packumentCache full:https://registry.npmjs.org/@csstools%2fpostcss-cascade-layers cache-miss
1048 http cache https://registry.npmjs.org/@csstools%2fpostcss-unset-value 70ms (cache hit)
1049 silly packumentCache full:https://registry.npmjs.org/@csstools%2fpostcss-unset-value set size:32157 disposed:false
1050 silly fetch manifest @csstools/postcss-color-function@^1.1.1
1051 silly packumentCache full:https://registry.npmjs.org/@csstools%2fpostcss-color-function cache-miss
1052 http cache https://registry.npmjs.org/postcss-replace-overflow-wrap 53ms (cache hit)
1053 silly packumentCache full:https://registry.npmjs.org/postcss-replace-overflow-wrap set size:12387 disposed:false
1054 silly fetch manifest @csstools/postcss-oklab-function@^1.1.1
1055 silly packumentCache full:https://registry.npmjs.org/@csstools%2fpostcss-oklab-function cache-miss
1056 http cache https://registry.npmjs.org/@csstools%2fpostcss-hwb-function 51ms (cache hit)
1057 silly packumentCache full:https://registry.npmjs.org/@csstools%2fpostcss-hwb-function set size:130495 disposed:false
1058 silly fetch manifest @csstools/postcss-is-pseudo-class@^2.0.7
1059 silly packumentCache full:https://registry.npmjs.org/@csstools%2fpostcss-is-pseudo-class cache-miss
1060 http cache https://registry.npmjs.org/@csstools%2fpostcss-cascade-layers 45ms (cache hit)
1061 silly packumentCache full:https://registry.npmjs.org/@csstools%2fpostcss-cascade-layers set size:86869 disposed:false
1062 silly fetch manifest postcss-color-functional-notation@^4.2.4
1063 silly packumentCache full:https://registry.npmjs.org/postcss-color-functional-notation cache-miss
1064 http cache https://registry.npmjs.org/@csstools%2fpostcss-color-function 52ms (cache hit)
1065 silly packumentCache full:https://registry.npmjs.org/@csstools%2fpostcss-color-function set size:149372 disposed:false
1066 silly fetch manifest postcss-double-position-gradients@^3.1.2
1067 silly packumentCache full:https://registry.npmjs.org/postcss-double-position-gradients cache-miss
1068 http cache https://registry.npmjs.org/@csstools%2fpostcss-oklab-function 60ms (cache hit)
1069 silly packumentCache full:https://registry.npmjs.org/@csstools%2fpostcss-oklab-function set size:142273 disposed:false
1070 silly fetch manifest postcss-attribute-case-insensitive@^5.0.2
1071 silly packumentCache full:https://registry.npmjs.org/postcss-attribute-case-insensitive cache-miss
1072 http cache https://registry.npmjs.org/@csstools%2fpostcss-is-pseudo-class 51ms (cache hit)
1073 silly packumentCache full:https://registry.npmjs.org/@csstools%2fpostcss-is-pseudo-class set size:102055 disposed:false
1074 silly fetch manifest @csstools/postcss-font-format-keywords@^1.0.1
1075 silly packumentCache full:https://registry.npmjs.org/@csstools%2fpostcss-font-format-keywords cache-miss
1076 http cache https://registry.npmjs.org/postcss-color-functional-notation 55ms (cache hit)
1077 silly packumentCache full:https://registry.npmjs.org/postcss-color-functional-notation set size:159769 disposed:false
1078 silly fetch manifest @csstools/postcss-stepped-value-functions@^1.0.1
1079 silly packumentCache full:https://registry.npmjs.org/@csstools%2fpostcss-stepped-value-functions cache-miss
1080 http cache https://registry.npmjs.org/postcss-attribute-case-insensitive 38ms (cache hit)
1081 silly packumentCache full:https://registry.npmjs.org/postcss-attribute-case-insensitive set size:60603 disposed:false
1082 silly fetch manifest @csstools/postcss-trigonometric-functions@^1.0.2
1083 silly packumentCache full:https://registry.npmjs.org/@csstools%2fpostcss-trigonometric-functions cache-miss
1084 http cache https://registry.npmjs.org/postcss-double-position-gradients 61ms (cache hit)
1085 silly packumentCache full:https://registry.npmjs.org/postcss-double-position-gradients set size:95564 disposed:false
1086 silly fetch manifest @csstools/postcss-normalize-display-values@^1.0.1
1087 silly packumentCache full:https://registry.npmjs.org/@csstools%2fpostcss-normalize-display-values cache-miss
1088 http cache https://registry.npmjs.org/@csstools%2fpostcss-font-format-keywords 61ms (cache hit)
1089 silly packumentCache full:https://registry.npmjs.org/@csstools%2fpostcss-font-format-keywords set size:35694 disposed:false
1090 silly fetch manifest @csstools/postcss-text-decoration-shorthand@^1.0.0
1091 silly packumentCache full:https://registry.npmjs.org/@csstools%2fpostcss-text-decoration-shorthand cache-miss
1092 http cache https://registry.npmjs.org/@csstools%2fpostcss-stepped-value-functions 52ms (cache hit)
1093 silly packumentCache full:https://registry.npmjs.org/@csstools%2fpostcss-stepped-value-functions set size:88951 disposed:false
1094 silly fetch manifest @csstools/postcss-progressive-custom-properties@^1.3.0
1095 silly packumentCache full:https://registry.npmjs.org/@csstools%2fpostcss-progressive-custom-properties cache-miss
1096 http cache https://registry.npmjs.org/@csstools%2fpostcss-trigonometric-functions 54ms (cache hit)
1097 silly packumentCache full:https://registry.npmjs.org/@csstools%2fpostcss-trigonometric-functions set size:97198 disposed:false
1098 silly fetch manifest kleur@^3.0.3
1099 silly packumentCache full:https://registry.npmjs.org/kleur cache-miss
1100 http cache https://registry.npmjs.org/@csstools%2fpostcss-normalize-display-values 54ms (cache hit)
1101 silly packumentCache full:https://registry.npmjs.org/@csstools%2fpostcss-normalize-display-values set size:37866 disposed:false
1102 silly fetch manifest sisteransi@^1.0.5
1103 silly packumentCache full:https://registry.npmjs.org/sisteransi cache-miss
1104 http cache https://registry.npmjs.org/@csstools%2fpostcss-text-decoration-shorthand 62ms (cache hit)
1105 silly packumentCache full:https://registry.npmjs.org/@csstools%2fpostcss-text-decoration-shorthand set size:81502 disposed:false
1106 silly fetch manifest raf@^3.4.1
1107 silly packumentCache full:https://registry.npmjs.org/raf cache-miss
1108 http cache https://registry.npmjs.org/@csstools%2fpostcss-progressive-custom-properties 61ms (cache hit)
1109 silly packumentCache full:https://registry.npmjs.org/@csstools%2fpostcss-progressive-custom-properties set size:75625 disposed:false
1110 silly fetch manifest core-js@^3.19.2
1111 silly packumentCache full:https://registry.npmjs.org/core-js cache-miss
1112 http cache https://registry.npmjs.org/sisteransi 53ms (cache hit)
1113 silly packumentCache full:https://registry.npmjs.org/sisteransi set size:23215 disposed:false
1114 silly fetch manifest promise@^8.1.0
1115 silly packumentCache full:https://registry.npmjs.org/promise cache-miss
1116 http cache https://registry.npmjs.org/kleur 67ms (cache hit)
1117 silly packumentCache full:https://registry.npmjs.org/kleur set size:61853 disposed:false
1118 silly fetch manifest whatwg-fetch@^3.6.2
1119 silly packumentCache full:https://registry.npmjs.org/whatwg-fetch cache-miss
1120 http cache https://registry.npmjs.org/raf 43ms (cache hit)
1121 silly packumentCache full:https://registry.npmjs.org/raf set size:44936 disposed:false
1122 silly fetch manifest object-assign@^4.1.1
1123 silly packumentCache full:https://registry.npmjs.org/object-assign cache-miss
1124 http cache https://registry.npmjs.org/core-js 50ms (cache hit)
1125 silly packumentCache full:https://registry.npmjs.org/core-js set size:814557 disposed:false
1126 silly fetch manifest regenerator-runtime@^0.13.9
1127 silly packumentCache full:https://registry.npmjs.org/regenerator-runtime cache-miss
1128 http cache https://registry.npmjs.org/promise 74ms (cache hit)
1129 silly packumentCache full:https://registry.npmjs.org/promise set size:112704 disposed:false
1130 silly fetch manifest open@^8.4.0
1131 silly packumentCache full:https://registry.npmjs.org/open cache-miss
1132 http cache https://registry.npmjs.org/whatwg-fetch 78ms (cache hit)
1133 silly packumentCache full:https://registry.npmjs.org/whatwg-fetch set size:120970 disposed:false
1134 silly fetch manifest chalk@^4.1.2
1135 silly packumentCache full:https://registry.npmjs.org/chalk cache-hit
1136 silly fetch manifest immer@^9.0.7
1137 silly packumentCache full:https://registry.npmjs.org/immer cache-miss
1138 http cache https://registry.npmjs.org/object-assign 105ms (cache hit)
1139 silly packumentCache full:https://registry.npmjs.org/object-assign set size:28988 disposed:false
1140 silly fetch manifest globby@^11.0.4
1141 silly packumentCache full:https://registry.npmjs.org/globby cache-miss
1142 http cache https://registry.npmjs.org/regenerator-runtime 82ms (cache hit)
1143 silly packumentCache full:https://registry.npmjs.org/regenerator-runtime set size:59671 disposed:false
1144 silly fetch manifest pkg-up@^3.1.0
1145 silly packumentCache full:https://registry.npmjs.org/pkg-up cache-miss
1146 http cache https://registry.npmjs.org/open 78ms (cache hit)
1147 silly packumentCache full:https://registry.npmjs.org/open set size:136392 disposed:false
1148 silly fetch manifest address@^1.1.2
1149 silly packumentCache full:https://registry.npmjs.org/address cache-miss
1150 http cache https://registry.npmjs.org/immer 86ms (cache hit)
1151 silly packumentCache full:https://registry.npmjs.org/immer set size:754418 disposed:false
1152 silly fetch manifest is-root@^2.1.0
1153 silly packumentCache full:https://registry.npmjs.org/is-root cache-miss
1154 http cache https://registry.npmjs.org/globby 75ms (cache hit)
1155 silly packumentCache full:https://registry.npmjs.org/globby set size:160568 disposed:false
1156 silly fetch manifest filesize@^8.0.6
1157 silly packumentCache full:https://registry.npmjs.org/filesize cache-miss
1158 http cache https://registry.npmjs.org/pkg-up 79ms (cache hit)
1159 silly packumentCache full:https://registry.npmjs.org/pkg-up set size:17633 disposed:false
1160 silly fetch manifest gzip-size@^6.0.0
1161 silly packumentCache full:https://registry.npmjs.org/gzip-size cache-miss
1162 http cache https://registry.npmjs.org/address 76ms (cache hit)
1163 silly packumentCache full:https://registry.npmjs.org/address set size:47026 disposed:false
1164 silly fetch manifest cross-spawn@^7.0.3
1165 silly packumentCache full:https://registry.npmjs.org/cross-spawn cache-hit
1166 silly fetch manifest shell-quote@^1.7.3
1167 silly packumentCache full:https://registry.npmjs.org/shell-quote cache-miss
1168 http cache https://registry.npmjs.org/is-root 49ms (cache hit)
1169 silly packumentCache full:https://registry.npmjs.org/is-root set size:10678 disposed:false
1170 silly fetch manifest loader-utils@^3.2.0
1171 silly packumentCache full:https://registry.npmjs.org/loader-utils cache-hit
1172 silly fetch manifest global-modules@^2.0.0
1173 silly packumentCache full:https://registry.npmjs.org/global-modules cache-miss
1174 http cache https://registry.npmjs.org/gzip-size 37ms (cache hit)
1175 silly packumentCache full:https://registry.npmjs.org/gzip-size set size:35291 disposed:false
1176 silly fetch manifest detect-port-alt@^1.1.6
1177 silly packumentCache full:https://registry.npmjs.org/detect-port-alt cache-miss
1178 http cache https://registry.npmjs.org/filesize 57ms (cache hit)
1179 silly packumentCache full:https://registry.npmjs.org/filesize set size:330100 disposed:false
1180 silly fetch manifest @babel/code-frame@^7.16.0
1181 silly packumentCache full:https://registry.npmjs.org/@babel%2fcode-frame cache-hit
1182 silly fetch manifest recursive-readdir@^2.2.2
1183 silly packumentCache full:https://registry.npmjs.org/recursive-readdir cache-miss
1184 http cache https://registry.npmjs.org/shell-quote 65ms (cache hit)
1185 silly packumentCache full:https://registry.npmjs.org/shell-quote set size:61937 disposed:false
1186 silly fetch manifest react-error-overlay@^6.0.11
1187 silly packumentCache full:https://registry.npmjs.org/react-error-overlay cache-miss
1188 http cache https://registry.npmjs.org/global-modules 59ms (cache hit)
1189 silly packumentCache full:https://registry.npmjs.org/global-modules set size:18732 disposed:false
1190 silly fetch manifest fork-ts-checker-webpack-plugin@^6.5.0
1191 silly packumentCache full:https://registry.npmjs.org/fork-ts-checker-webpack-plugin cache-miss
1192 http cache https://registry.npmjs.org/detect-port-alt 56ms (cache hit)
1193 silly packumentCache full:https://registry.npmjs.org/detect-port-alt set size:9836 disposed:false
1194 silly fetch manifest es-errors@^1.3.0
1195 silly packumentCache full:https://registry.npmjs.org/es-errors cache-miss
1196 http cache https://registry.npmjs.org/recursive-readdir 50ms (cache hit)
1197 silly packumentCache full:https://registry.npmjs.org/recursive-readdir set size:27476 disposed:false
1198 silly fetch manifest is-core-module@^2.16.1
1199 silly packumentCache full:https://registry.npmjs.org/is-core-module cache-miss
1200 http cache https://registry.npmjs.org/react-error-overlay 60ms (cache hit)
1201 silly packumentCache full:https://registry.npmjs.org/react-error-overlay set size:296502 disposed:false
1202 silly fetch manifest path-parse@^1.0.7
1203 silly packumentCache full:https://registry.npmjs.org/path-parse cache-miss
1204 http cache https://registry.npmjs.org/fork-ts-checker-webpack-plugin 77ms (cache hit)
1205 silly packumentCache full:https://registry.npmjs.org/fork-ts-checker-webpack-plugin set size:1092702 disposed:false
1206 silly fetch manifest supports-preserve-symlinks-flag@^1.0.0
1207 silly packumentCache full:https://registry.npmjs.org/supports-preserve-symlinks-flag cache-miss
1208 http cache https://registry.npmjs.org/es-errors 118ms (cache hit)
1209 silly packumentCache full:https://registry.npmjs.org/es-errors set size:16918 disposed:false
1210 silly fetch manifest adjust-sourcemap-loader@^4.0.0
1211 silly packumentCache full:https://registry.npmjs.org/adjust-sourcemap-loader cache-miss
1212 http cache https://registry.npmjs.org/is-core-module 114ms (cache hit)
1213 silly packumentCache full:https://registry.npmjs.org/is-core-module set size:71788 disposed:false
1214 silly fetch manifest convert-source-map@^1.7.0
1215 silly packumentCache full:https://registry.npmjs.org/convert-source-map cache-hit
1216 silly fetch manifest postcss@^7.0.35
1217 silly packumentCache full:https://registry.npmjs.org/postcss cache-hit
1218 silly fetch manifest source-map@0.6.1
1219 silly packumentCache full:https://registry.npmjs.org/source-map cache-hit
1220 silly fetch manifest klona@^2.0.4
1221 silly packumentCache full:https://registry.npmjs.org/klona cache-hit
1222 silly fetch manifest neo-async@^2.6.2
1223 silly packumentCache full:https://registry.npmjs.org/neo-async cache-miss
1224 http cache https://registry.npmjs.org/path-parse 109ms (cache hit)
1225 silly packumentCache full:https://registry.npmjs.org/path-parse set size:14523 disposed:false
1226 silly fetch manifest abab@^2.0.5
1227 silly packumentCache full:https://registry.npmjs.org/abab cache-miss
1228 http cache https://registry.npmjs.org/supports-preserve-symlinks-flag 61ms (cache hit)
1229 silly packumentCache full:https://registry.npmjs.org/supports-preserve-symlinks-flag set size:6802 disposed:false
1230 silly fetch manifest iconv-lite@^0.6.3
1231 silly packumentCache full:https://registry.npmjs.org/iconv-lite cache-miss
1232 http cache https://registry.npmjs.org/adjust-sourcemap-loader 63ms (cache hit)
1233 silly packumentCache full:https://registry.npmjs.org/adjust-sourcemap-loader set size:35662 disposed:false
1234 silly fetch manifest source-map-js@^1.0.1
1235 silly packumentCache full:https://registry.npmjs.org/source-map-js cache-hit
1236 silly fetch manifest arg@^5.0.2
1237 silly packumentCache full:https://registry.npmjs.org/arg cache-miss
1238 http cache https://registry.npmjs.org/neo-async 52ms (cache hit)
1239 silly packumentCache full:https://registry.npmjs.org/neo-async set size:155670 disposed:false
1240 silly fetch manifest dlv@^1.1.3
1241 silly packumentCache full:https://registry.npmjs.org/dlv cache-miss
1242 http cache https://registry.npmjs.org/abab 60ms (cache hit)
1243 silly packumentCache full:https://registry.npmjs.org/abab set size:30406 disposed:false
1244 silly fetch manifest jiti@^1.21.7
1245 silly packumentCache full:https://registry.npmjs.org/jiti cache-miss
1246 http cache https://registry.npmjs.org/iconv-lite 62ms (cache hit)
1247 silly packumentCache full:https://registry.npmjs.org/iconv-lite set size:120557 disposed:false
1248 silly fetch manifest is-glob@^4.0.3
1249 silly packumentCache full:https://registry.npmjs.org/is-glob cache-hit
1250 silly fetch manifest sucrase@^3.35.0
1251 silly packumentCache full:https://registry.npmjs.org/sucrase cache-miss
1252 http cache https://registry.npmjs.org/arg 71ms (cache hit)
1253 silly packumentCache full:https://registry.npmjs.org/arg set size:67036 disposed:false
1254 silly fetch manifest chokidar@^3.6.0
1255 silly packumentCache full:https://registry.npmjs.org/chokidar cache-miss
1256 http cache https://registry.npmjs.org/dlv 62ms (cache hit)
1257 silly packumentCache full:https://registry.npmjs.org/dlv set size:16709 disposed:false
1258 silly fetch manifest fast-glob@^3.3.2
1259 silly packumentCache full:https://registry.npmjs.org/fast-glob cache-miss
1260 http cache https://registry.npmjs.org/sucrase 46ms (cache hit)
1261 silly packumentCache full:https://registry.npmjs.org/sucrase set size:449399 disposed:false
1262 silly fetch manifest lilconfig@^3.1.3
1263 silly packumentCache full:https://registry.npmjs.org/lilconfig cache-miss
1264 http cache https://registry.npmjs.org/jiti 88ms (cache hit)
1265 silly packumentCache full:https://registry.npmjs.org/jiti set size:382310 disposed:false
1266 silly fetch manifest didyoumean@^1.2.2
1267 silly packumentCache full:https://registry.npmjs.org/didyoumean cache-miss
1268 http cache https://registry.npmjs.org/chokidar 109ms (cache hit)
1269 silly packumentCache full:https://registry.npmjs.org/chokidar set size:255902 disposed:false
1270 silly fetch manifest micromatch@^4.0.8
1271 silly packumentCache full:https://registry.npmjs.org/micromatch cache-hit
1272 silly fetch manifest postcss-js@^4.0.1
1273 silly packumentCache full:https://registry.npmjs.org/postcss-js cache-miss
1274 http cache https://registry.npmjs.org/fast-glob 123ms (cache hit)
1275 silly packumentCache full:https://registry.npmjs.org/fast-glob set size:220556 disposed:false
1276 silly fetch manifest object-hash@^3.0.0
1277 silly packumentCache full:https://registry.npmjs.org/object-hash cache-miss
1278 http cache https://registry.npmjs.org/didyoumean 90ms (cache hit)
1279 silly packumentCache full:https://registry.npmjs.org/didyoumean set size:11446 disposed:false
1280 silly fetch manifest postcss-import@^15.1.0
1281 silly packumentCache full:https://registry.npmjs.org/postcss-import cache-miss
1282 http cache https://registry.npmjs.org/lilconfig 124ms (cache hit)
1283 silly packumentCache full:https://registry.npmjs.org/lilconfig set size:45636 disposed:false
1284 silly fetch manifest postcss-nested@^6.2.0
1285 silly packumentCache full:https://registry.npmjs.org/postcss-nested cache-miss
1286 http cache https://registry.npmjs.org/postcss-js 60ms (cache hit)
1287 silly packumentCache full:https://registry.npmjs.org/postcss-js set size:51308 disposed:false
1288 silly fetch manifest @alloc/quick-lru@^5.2.0
1289 silly packumentCache full:https://registry.npmjs.org/@alloc%2fquick-lru cache-miss
1290 http cache https://registry.npmjs.org/object-hash 55ms (cache hit)
1291 silly packumentCache full:https://registry.npmjs.org/object-hash set size:100564 disposed:false
1292 silly fetch manifest postcss-load-config@^4.0.2 || ^5.0 || ^6.0
1293 silly packumentCache full:https://registry.npmjs.org/postcss-load-config cache-miss
1294 http cache https://registry.npmjs.org/postcss-import 54ms (cache hit)
1295 silly packumentCache full:https://registry.npmjs.org/postcss-import set size:120971 disposed:false
1296 silly fetch manifest postcss-selector-parser@^6.1.2
1297 silly packumentCache full:https://registry.npmjs.org/postcss-selector-parser cache-miss
1298 http cache https://registry.npmjs.org/postcss-nested 75ms (cache hit)
1299 silly packumentCache full:https://registry.npmjs.org/postcss-nested set size:79120 disposed:false
1300 silly fetch manifest @jridgewell/trace-mapping@^0.3.25
1301 silly packumentCache full:https://registry.npmjs.org/@jridgewell%2ftrace-mapping cache-miss
1302 http cache https://registry.npmjs.org/@alloc%2fquick-lru 84ms (cache hit)
1303 silly packumentCache full:https://registry.npmjs.org/@alloc%2fquick-lru set size:7269 disposed:false
1304 silly fetch manifest jest-worker@^27.4.5
1305 silly packumentCache full:https://registry.npmjs.org/jest-worker cache-hit
1306 silly fetch manifest schema-utils@^4.3.0
1307 silly packumentCache full:https://registry.npmjs.org/schema-utils cache-hit
1308 silly fetch manifest terser@^5.31.1
1309 silly packumentCache full:https://registry.npmjs.org/terser cache-miss
1310 http cache https://registry.npmjs.org/postcss-load-config 94ms (cache hit)
1311 silly packumentCache full:https://registry.npmjs.org/postcss-load-config set size:86425 disposed:false
1312 silly fetch manifest @types/eslint-scope@^3.7.7
1313 silly packumentCache full:https://registry.npmjs.org/@types%2feslint-scope cache-miss
1314 http fetch GET 200 https://registry.npmjs.org/@jridgewell%2ftrace-mapping 1115ms (cache miss)
1315 silly packumentCache full:https://registry.npmjs.org/@jridgewell%2ftrace-mapping set size:undefined disposed:false
1316 silly fetch manifest @types/estree@^1.0.8
1317 silly packumentCache full:https://registry.npmjs.org/@types%2festree cache-miss
1318 http fetch GET 200 https://registry.npmjs.org/postcss-selector-parser 1905ms (cache miss)
1319 silly packumentCache full:https://registry.npmjs.org/postcss-selector-parser set size:undefined disposed:false
1320 silly fetch manifest @types/json-schema@^7.0.15
1321 silly packumentCache full:https://registry.npmjs.org/@types%2fjson-schema cache-miss
1322 http fetch GET 200 https://registry.npmjs.org/eslint-plugin-react-hooks 4676ms (cache miss)
1323 silly packumentCache full:https://registry.npmjs.org/eslint-plugin-react-hooks set size:undefined disposed:false
1324 silly fetch manifest @webassemblyjs/ast@^1.14.1
1325 silly packumentCache full:https://registry.npmjs.org/@webassemblyjs%2fast cache-miss
1326 http fetch GET 200 https://registry.npmjs.org/@types%2fjson-schema 753ms (cache miss)
1327 silly packumentCache full:https://registry.npmjs.org/@types%2fjson-schema set size:undefined disposed:false
1328 silly fetch manifest @webassemblyjs/wasm-edit@^1.14.1
1329 silly packumentCache full:https://registry.npmjs.org/@webassemblyjs%2fwasm-edit cache-miss
1330 http fetch GET 200 https://registry.npmjs.org/@types%2festree 2214ms (cache miss)
1331 silly packumentCache full:https://registry.npmjs.org/@types%2festree set size:undefined disposed:false
1332 silly fetch manifest @webassemblyjs/wasm-parser@^1.14.1
1333 silly packumentCache full:https://registry.npmjs.org/@webassemblyjs%2fwasm-parser cache-miss
1334 http fetch GET 200 https://registry.npmjs.org/@webassemblyjs%2fast 1065ms (cache miss)
1335 silly packumentCache full:https://registry.npmjs.org/@webassemblyjs%2fast set size:undefined disposed:false
1336 silly fetch manifest acorn@^8.16.0
1337 silly packumentCache full:https://registry.npmjs.org/acorn cache-miss
1338 http fetch GET 200 https://registry.npmjs.org/@webassemblyjs%2fwasm-edit 1176ms (cache miss)
1339 silly packumentCache full:https://registry.npmjs.org/@webassemblyjs%2fwasm-edit set size:undefined disposed:false
1340 silly fetch manifest acorn-import-phases@^1.0.3
1341 silly packumentCache full:https://registry.npmjs.org/acorn-import-phases cache-miss
1342 http fetch GET 200 https://registry.npmjs.org/@typescript-eslint%2feslint-plugin 6441ms (cache miss)
1343 silly packumentCache full:https://registry.npmjs.org/@typescript-eslint%2feslint-plugin set size:undefined disposed:false
1344 silly fetch manifest chrome-trace-event@^1.0.2
1345 silly packumentCache full:https://registry.npmjs.org/chrome-trace-event cache-miss
1346 http fetch GET 200 https://registry.npmjs.org/acorn-import-phases 630ms (cache miss)
1347 silly packumentCache full:https://registry.npmjs.org/acorn-import-phases set size:undefined disposed:false
1348 silly fetch manifest enhanced-resolve@^5.20.0
1349 silly packumentCache full:https://registry.npmjs.org/enhanced-resolve cache-miss
1350 http fetch GET 200 https://registry.npmjs.org/@webassemblyjs%2fwasm-parser 1143ms (cache miss)
1351 silly packumentCache full:https://registry.npmjs.org/@webassemblyjs%2fwasm-parser set size:undefined disposed:false
1352 silly fetch manifest es-module-lexer@^2.0.0
1353 silly packumentCache full:https://registry.npmjs.org/es-module-lexer cache-miss
1354 http fetch GET 200 https://registry.npmjs.org/acorn 1118ms (cache miss)
1355 silly packumentCache full:https://registry.npmjs.org/acorn set size:undefined disposed:false
1356 silly fetch manifest eslint-scope@5.1.1
1357 silly packumentCache full:https://registry.npmjs.org/eslint-scope cache-hit
1358 silly fetch manifest events@^3.2.0
1359 silly packumentCache full:https://registry.npmjs.org/events cache-miss
1360 http fetch GET 200 https://registry.npmjs.org/chrome-trace-event 326ms (cache miss)
1361 silly packumentCache full:https://registry.npmjs.org/chrome-trace-event set size:undefined disposed:false
1362 silly fetch manifest glob-to-regexp@^0.4.1
1363 silly packumentCache full:https://registry.npmjs.org/glob-to-regexp cache-miss
1364 http fetch GET 200 https://registry.npmjs.org/@types%2feslint-scope 4916ms (cache miss)
1365 silly packumentCache full:https://registry.npmjs.org/@types%2feslint-scope set size:undefined disposed:false
1366 silly fetch manifest graceful-fs@^4.2.11
1367 silly packumentCache full:https://registry.npmjs.org/graceful-fs cache-hit
1368 silly fetch manifest loader-runner@^4.3.1
1369 silly packumentCache full:https://registry.npmjs.org/loader-runner cache-miss
1370 http fetch GET 200 https://registry.npmjs.org/glob-to-regexp 271ms (cache miss)
1371 silly packumentCache full:https://registry.npmjs.org/glob-to-regexp set size:undefined disposed:false
1372 silly fetch manifest mime-db@^1.54.0
1373 silly packumentCache full:https://registry.npmjs.org/mime-db cache-miss
1374 http fetch GET 200 https://registry.npmjs.org/terser 5000ms (cache miss)
1375 silly packumentCache full:https://registry.npmjs.org/terser set size:undefined disposed:false
1376 silly fetch manifest schema-utils@^4.3.3
1377 silly packumentCache full:https://registry.npmjs.org/schema-utils cache-hit
1378 silly fetch manifest tapable@^2.3.0
1379 silly packumentCache full:https://registry.npmjs.org/tapable cache-hit
1380 silly fetch manifest watchpack@^2.5.1
1381 silly packumentCache full:https://registry.npmjs.org/watchpack cache-miss
1382 http fetch GET 200 https://registry.npmjs.org/es-module-lexer 913ms (cache miss)
1383 silly packumentCache full:https://registry.npmjs.org/es-module-lexer set size:undefined disposed:false
1384 silly fetch manifest webpack-sources@^3.3.4
1385 silly packumentCache full:https://registry.npmjs.org/webpack-sources cache-miss
1386 http fetch GET 200 https://registry.npmjs.org/loader-runner 473ms (cache miss)
1387 silly packumentCache full:https://registry.npmjs.org/loader-runner set size:undefined disposed:false
1388 silly fetch manifest ws@^8.13.0
1389 silly packumentCache full:https://registry.npmjs.org/ws cache-miss
1390 http fetch GET 200 https://registry.npmjs.org/mime-db 714ms (cache revalidated)
1391 silly packumentCache full:https://registry.npmjs.org/mime-db set size:164953 disposed:false
1392 silly fetch manifest open@^8.0.9
1393 silly packumentCache full:https://registry.npmjs.org/open cache-hit
1394 silly fetch manifest spdy@^4.0.2
1395 silly packumentCache full:https://registry.npmjs.org/spdy cache-miss
1396 http fetch GET 200 https://registry.npmjs.org/ws 294ms (cache revalidated)
1397 silly packumentCache full:https://registry.npmjs.org/ws set size:415737 disposed:false
1398 silly fetch manifest rimraf@^3.0.2
1399 silly packumentCache full:https://registry.npmjs.org/rimraf cache-miss
1400 http fetch GET 200 https://registry.npmjs.org/watchpack 725ms (cache miss)
1401 silly packumentCache full:https://registry.npmjs.org/watchpack set size:undefined disposed:false
1402 silly fetch manifest sockjs@^0.3.24
1403 silly packumentCache full:https://registry.npmjs.org/sockjs cache-miss
1404 http fetch GET 200 https://registry.npmjs.org/sockjs 750ms (cache miss)
1405 silly packumentCache full:https://registry.npmjs.org/sockjs set size:undefined disposed:false
1406 silly fetch manifest express@^4.17.3
1407 silly packumentCache full:https://registry.npmjs.org/express cache-miss
1408 http fetch GET 200 https://registry.npmjs.org/rimraf 795ms (cache miss)
1409 silly packumentCache full:https://registry.npmjs.org/rimraf set size:undefined disposed:false
1410 silly fetch manifest p-retry@^4.5.0
1411 silly packumentCache full:https://registry.npmjs.org/p-retry cache-miss
1412 http fetch GET 200 https://registry.npmjs.org/webpack-sources 1162ms (cache miss)
1413 silly packumentCache full:https://registry.npmjs.org/webpack-sources set size:undefined disposed:false
1414 silly fetch manifest chokidar@^3.5.3
1415 silly packumentCache full:https://registry.npmjs.org/chokidar cache-hit
1416 silly fetch manifest @types/ws@^8.5.5
1417 silly packumentCache full:https://registry.npmjs.org/@types%2fws cache-miss
1418 http fetch GET 200 https://registry.npmjs.org/express 404ms (cache revalidated)
1419 silly packumentCache full:https://registry.npmjs.org/express set size:801278 disposed:false
1420 silly fetch manifest colorette@^2.0.10
1421 silly packumentCache full:https://registry.npmjs.org/colorette cache-miss
1422 http fetch GET 200 https://registry.npmjs.org/p-retry 461ms (cache revalidated)
1423 silly packumentCache full:https://registry.npmjs.org/p-retry set size:72148 disposed:false
1424 silly fetch manifest ipaddr.js@^2.0.1
1425 silly packumentCache full:https://registry.npmjs.org/ipaddr.js cache-miss
1426 http fetch GET 200 https://registry.npmjs.org/spdy 1336ms (cache miss)
1427 silly packumentCache full:https://registry.npmjs.org/spdy set size:undefined disposed:false
1428 silly fetch manifest selfsigned@^2.1.1
1429 silly packumentCache full:https://registry.npmjs.org/selfsigned cache-miss
1430 http fetch GET 200 https://registry.npmjs.org/@types%2fws 629ms (cache miss)
1431 silly packumentCache full:https://registry.npmjs.org/@types%2fws set size:undefined disposed:false
1432 silly fetch manifest compression@^1.7.4
1433 silly packumentCache full:https://registry.npmjs.org/compression cache-miss
1434 http fetch GET 200 https://registry.npmjs.org/events 2729ms (cache miss)
1435 silly packumentCache full:https://registry.npmjs.org/events set size:undefined disposed:false
1436 silly fetch manifest graceful-fs@^4.2.6
1437 silly packumentCache full:https://registry.npmjs.org/graceful-fs cache-hit
1438 silly fetch manifest serve-index@^1.9.1
1439 silly packumentCache full:https://registry.npmjs.org/serve-index cache-miss
1440 http fetch GET 200 https://registry.npmjs.org/ipaddr.js 295ms (cache revalidated)
1441 silly packumentCache full:https://registry.npmjs.org/ipaddr.js set size:69563 disposed:false
1442 silly fetch manifest @types/sockjs@^0.3.33
1443 silly packumentCache full:https://registry.npmjs.org/@types%2fsockjs cache-miss
1444 http fetch GET 200 https://registry.npmjs.org/compression 343ms (cache revalidated)
1445 silly packumentCache full:https://registry.npmjs.org/compression set size:98424 disposed:false
1446 silly fetch manifest html-entities@^2.3.2
1447 silly packumentCache full:https://registry.npmjs.org/html-entities cache-hit
1448 silly fetch manifest launch-editor@^2.6.0
1449 silly packumentCache full:https://registry.npmjs.org/launch-editor cache-miss
1450 http fetch GET 200 https://registry.npmjs.org/colorette 630ms (cache miss)
1451 silly packumentCache full:https://registry.npmjs.org/colorette set size:undefined disposed:false
1452 silly fetch manifest @types/bonjour@^3.5.9
1453 silly packumentCache full:https://registry.npmjs.org/@types%2fbonjour cache-miss
1454 http fetch GET 200 https://registry.npmjs.org/selfsigned 781ms (cache miss)
1455 silly packumentCache full:https://registry.npmjs.org/selfsigned set size:undefined disposed:false
1456 silly fetch manifest @types/express@^4.17.13
1457 silly packumentCache full:https://registry.npmjs.org/@types%2fexpress cache-miss
1458 http fetch GET 200 https://registry.npmjs.org/serve-index 631ms (cache miss)
1459 silly packumentCache full:https://registry.npmjs.org/serve-index set size:undefined disposed:false
1460 silly fetch manifest bonjour-service@^1.0.11
1461 silly packumentCache full:https://registry.npmjs.org/bonjour-service cache-miss
1462 http fetch GET 200 https://registry.npmjs.org/launch-editor 339ms (cache miss)
1463 silly packumentCache full:https://registry.npmjs.org/launch-editor set size:undefined disposed:false
1464 silly fetch manifest default-gateway@^6.0.3
1465 silly packumentCache full:https://registry.npmjs.org/default-gateway cache-miss
1466 http fetch GET 200 https://registry.npmjs.org/@types%2fexpress 809ms (cache miss)
1467 silly packumentCache full:https://registry.npmjs.org/@types%2fexpress set size:undefined disposed:false
1468 silly fetch manifest @types/serve-index@^1.9.1
1469 silly packumentCache full:https://registry.npmjs.org/@types%2fserve-index cache-miss
1470 http fetch GET 200 https://registry.npmjs.org/@typescript-eslint%2fparser 11634ms (cache miss)
1471 silly packumentCache full:https://registry.npmjs.org/@typescript-eslint%2fparser set size:undefined disposed:false
1472 silly fetch manifest @types/serve-static@^1.13.10
1473 silly packumentCache full:https://registry.npmjs.org/@types%2fserve-static cache-miss
1474 http fetch GET 200 https://registry.npmjs.org/@types%2fsockjs 2091ms (cache miss)
1475 silly packumentCache full:https://registry.npmjs.org/@types%2fsockjs set size:undefined disposed:false
1476 silly fetch manifest ansi-html-community@^0.0.8
1477 silly packumentCache full:https://registry.npmjs.org/ansi-html-community cache-miss
1478 http fetch GET 200 https://registry.npmjs.org/@types%2fserve-index 777ms (cache miss)
1479 silly packumentCache full:https://registry.npmjs.org/@types%2fserve-index set size:undefined disposed:false
1480 silly fetch manifest http-proxy-middleware@^2.0.3
1481 silly packumentCache full:https://registry.npmjs.org/http-proxy-middleware cache-miss
1482 http fetch GET 200 https://registry.npmjs.org/default-gateway 1545ms (cache miss)
1483 silly packumentCache full:https://registry.npmjs.org/default-gateway set size:undefined disposed:false
1484 silly fetch manifest webpack-dev-middleware@^5.3.4
1485 silly packumentCache full:https://registry.npmjs.org/webpack-dev-middleware cache-miss
1486 http fetch GET 200 https://registry.npmjs.org/enhanced-resolve 5091ms (cache miss)
1487 silly packumentCache full:https://registry.npmjs.org/enhanced-resolve set size:undefined disposed:false
1488 silly fetch manifest connect-history-api-fallback@^2.0.0
1489 silly packumentCache full:https://registry.npmjs.org/connect-history-api-fallback cache-miss
1490 http fetch GET 200 https://registry.npmjs.org/ansi-html-community 278ms (cache miss)
1491 silly packumentCache full:https://registry.npmjs.org/ansi-html-community set size:undefined disposed:false
1492 silly fetch manifest @types/connect-history-api-fallback@^1.3.5
1493 silly packumentCache full:https://registry.npmjs.org/@types%2fconnect-history-api-fallback cache-miss
1494 http fetch GET 200 https://registry.npmjs.org/@types%2fbonjour 2271ms (cache miss)
1495 silly packumentCache full:https://registry.npmjs.org/@types%2fbonjour set size:undefined disposed:false
1496 silly fetch manifest webpack-sources@^2.2.0
1497 silly packumentCache full:https://registry.npmjs.org/webpack-sources cache-miss
1498 http cache https://registry.npmjs.org/webpack-sources 112ms (cache hit)
1499 silly packumentCache full:https://registry.npmjs.org/webpack-sources set size:176804 disposed:false
1500 silly fetch manifest upath@^1.2.0
1501 silly packumentCache full:https://registry.npmjs.org/upath cache-miss
1502 http fetch GET 200 https://registry.npmjs.org/@types%2fconnect-history-api-fallback 346ms (cache miss)
1503 silly packumentCache full:https://registry.npmjs.org/@types%2fconnect-history-api-fallback set size:undefined disposed:false
1504 silly fetch manifest pretty-bytes@^5.4.1
1505 silly packumentCache full:https://registry.npmjs.org/pretty-bytes cache-miss
1506 http fetch GET 200 https://registry.npmjs.org/webpack-dev-middleware 814ms (cache miss)
1507 silly packumentCache full:https://registry.npmjs.org/webpack-dev-middleware set size:undefined disposed:false
1508 silly fetch manifest workbox-build@6.6.0
1509 silly packumentCache full:https://registry.npmjs.org/workbox-build cache-miss
1510 http fetch GET 200 https://registry.npmjs.org/http-proxy-middleware 896ms (cache miss)
1511 silly packumentCache full:https://registry.npmjs.org/http-proxy-middleware set size:undefined disposed:false
1512 silly fetch manifest webpack-sources@^1.4.3
1513 silly packumentCache full:https://registry.npmjs.org/webpack-sources cache-hit
1514 silly fetch manifest fast-json-stable-stringify@^2.1.0
1515 silly packumentCache full:https://registry.npmjs.org/fast-json-stable-stringify cache-miss
1516 http fetch GET 200 https://registry.npmjs.org/bonjour-service 2525ms (cache miss)
1517 silly packumentCache full:https://registry.npmjs.org/bonjour-service set size:undefined disposed:false
1518 http fetch GET 200 https://registry.npmjs.org/upath 561ms (cache miss)
1519 silly packumentCache full:https://registry.npmjs.org/upath set size:undefined disposed:false
1520 http fetch GET 200 https://registry.npmjs.org/pretty-bytes 541ms (cache miss)
1521 silly packumentCache full:https://registry.npmjs.org/pretty-bytes set size:undefined disposed:false
1522 http fetch GET 200 https://registry.npmjs.org/connect-history-api-fallback 1535ms (cache miss)
1523 silly packumentCache full:https://registry.npmjs.org/connect-history-api-fallback set size:undefined disposed:false
1524 http fetch GET 200 https://registry.npmjs.org/fast-json-stable-stringify 951ms (cache miss)
1525 silly packumentCache full:https://registry.npmjs.org/fast-json-stable-stringify set size:undefined disposed:false
1526 http fetch GET 200 https://registry.npmjs.org/@types%2fserve-static 2473ms (cache miss)
1527 silly packumentCache full:https://registry.npmjs.org/@types%2fserve-static set size:undefined disposed:false
1528 http fetch GET 200 https://registry.npmjs.org/workbox-build 2195ms (cache miss)
1529 silly packumentCache full:https://registry.npmjs.org/workbox-build set size:undefined disposed:false
1530 silly placeDep ROOT @babel/code-frame@7.29.0 OK for: @babel/core@7.29.0 want: ^7.29.0
1531 silly placeDep ROOT @babel/generator@7.29.1 OK for: @babel/core@7.29.0 want: ^7.29.0
1532 silly placeDep ROOT @babel/helper-compilation-targets@7.28.6 OK for: @babel/core@7.29.0 want: ^7.28.6
1533 silly placeDep ROOT @babel/helper-module-transforms@7.28.6 OK for: @babel/core@7.29.0 want: ^7.28.6
1534 silly placeDep ROOT @babel/helpers@7.29.2 OK for: @babel/core@7.29.0 want: ^7.28.6
1535 silly placeDep ROOT @babel/parser@7.29.3 OK for: @babel/core@7.29.0 want: ^7.29.0
1536 silly placeDep ROOT @babel/template@7.28.6 OK for: @babel/core@7.29.0 want: ^7.28.6
1537 silly placeDep ROOT @babel/traverse@7.29.0 OK for: @babel/core@7.29.0 want: ^7.29.0
1538 silly placeDep ROOT @babel/types@7.29.0 OK for: @babel/core@7.29.0 want: ^7.29.0
1539 silly placeDep ROOT @jridgewell/remapping@2.3.5 OK for: @babel/core@7.29.0 want: ^2.3.5
1540 silly placeDep ROOT convert-source-map@2.0.0 OK for: @babel/core@7.29.0 want: ^2.0.0
1541 silly placeDep ROOT debug@4.4.3 OK for: @babel/core@7.29.0 want: ^4.1.0
1542 silly placeDep ROOT gensync@1.0.0-beta.2 OK for: @babel/core@7.29.0 want: ^1.0.0-beta.2
1543 silly placeDep ROOT json5@2.2.3 OK for: @babel/core@7.29.0 want: ^2.2.3
1544 silly placeDep node_modules/@babel/core semver@6.3.1 OK for: @babel/core@7.29.0 want: ^6.3.1
1545 silly fetch manifest @babel/helper-validator-identifier@^7.28.5
1546 silly packumentCache full:https://registry.npmjs.org/@babel%2fhelper-validator-identifier cache-miss
1547 silly fetch manifest jsesc@^3.0.2
1548 silly packumentCache full:https://registry.npmjs.org/jsesc cache-miss
1549 silly fetch manifest @jridgewell/gen-mapping@^0.3.12
1550 silly packumentCache full:https://registry.npmjs.org/@jridgewell%2fgen-mapping cache-miss
1551 silly fetch manifest @jridgewell/trace-mapping@^0.3.28
1552 silly packumentCache full:https://registry.npmjs.org/@jridgewell%2ftrace-mapping cache-miss
1553 silly fetch manifest lru-cache@^5.1.1
1554 silly packumentCache full:https://registry.npmjs.org/lru-cache cache-miss
1555 silly fetch manifest @babel/compat-data@^7.28.6
1556 silly packumentCache full:https://registry.npmjs.org/@babel%2fcompat-data cache-miss
1557 silly fetch manifest @babel/helper-validator-option@^7.27.1
1558 silly packumentCache full:https://registry.npmjs.org/@babel%2fhelper-validator-option cache-miss
1559 http cache https://registry.npmjs.org/@jridgewell%2ftrace-mapping 79ms (cache hit)
1560 silly packumentCache full:https://registry.npmjs.org/@jridgewell%2ftrace-mapping set size:170909 disposed:false
1561 silly fetch manifest @babel/traverse@^7.28.6
1562 silly packumentCache full:https://registry.npmjs.org/@babel%2ftraverse cache-hit
1563 silly fetch manifest @babel/helper-module-imports@^7.28.6
1564 silly packumentCache full:https://registry.npmjs.org/@babel%2fhelper-module-imports cache-miss
1565 http fetch GET 200 https://registry.npmjs.org/@jridgewell%2fgen-mapping 612ms (cache miss)
1566 silly packumentCache full:https://registry.npmjs.org/@jridgewell%2fgen-mapping set size:undefined disposed:false
1567 silly fetch manifest @babel/helper-validator-identifier@^7.28.5
1568 silly packumentCache full:https://registry.npmjs.org/@babel%2fhelper-validator-identifier cache-miss
1569 http fetch GET 200 https://registry.npmjs.org/@babel%2fhelper-module-imports 676ms (cache miss)
1570 silly packumentCache full:https://registry.npmjs.org/@babel%2fhelper-module-imports set size:undefined disposed:false
1571 silly fetch manifest @babel/types@^7.28.6
1572 silly packumentCache full:https://registry.npmjs.org/@babel%2ftypes cache-hit
1573 silly fetch manifest debug@^4.3.1
1574 silly packumentCache full:https://registry.npmjs.org/debug cache-hit
1575 silly fetch manifest @babel/helper-globals@^7.28.0
1576 silly packumentCache full:https://registry.npmjs.org/@babel%2fhelper-globals cache-miss
1577 http fetch GET 200 https://registry.npmjs.org/@babel%2fhelper-validator-option 794ms (cache miss)
1578 silly packumentCache full:https://registry.npmjs.org/@babel%2fhelper-validator-option set size:undefined disposed:false
1579 silly fetch manifest @babel/helper-string-parser@^7.27.1
1580 silly packumentCache full:https://registry.npmjs.org/@babel%2fhelper-string-parser cache-miss
1581 http fetch GET 200 https://registry.npmjs.org/jsesc 831ms (cache miss)
1582 silly packumentCache full:https://registry.npmjs.org/jsesc set size:undefined disposed:false
1583 silly fetch manifest @babel/helper-validator-identifier@^7.28.5
1584 silly packumentCache full:https://registry.npmjs.org/@babel%2fhelper-validator-identifier cache-miss
1585 http fetch GET 200 https://registry.npmjs.org/lru-cache 842ms (cache miss)
1586 silly packumentCache full:https://registry.npmjs.org/lru-cache set size:undefined disposed:false
1587 silly fetch manifest @jridgewell/gen-mapping@^0.3.5
1588 silly packumentCache full:https://registry.npmjs.org/@jridgewell%2fgen-mapping cache-miss
1589 http cache https://registry.npmjs.org/@jridgewell%2fgen-mapping 9ms (cache hit)
1590 silly packumentCache full:https://registry.npmjs.org/@jridgewell%2fgen-mapping set size:80719 disposed:false
1591 silly fetch manifest @jridgewell/trace-mapping@^0.3.24
1592 silly packumentCache full:https://registry.npmjs.org/@jridgewell%2ftrace-mapping cache-hit
1593 silly fetch manifest ms@^2.1.3
1594 silly packumentCache full:https://registry.npmjs.org/ms cache-miss
1595 http fetch GET 200 https://registry.npmjs.org/ms 359ms (cache revalidated)
1596 silly packumentCache full:https://registry.npmjs.org/ms set size:92208 disposed:false
1597 http fetch GET 200 https://registry.npmjs.org/@babel%2fhelper-globals 510ms (cache miss)
1598 silly packumentCache full:https://registry.npmjs.org/@babel%2fhelper-globals set size:undefined disposed:false
1599 http fetch GET 200 https://registry.npmjs.org/@babel%2fcompat-data 1564ms (cache miss)
1600 silly packumentCache full:https://registry.npmjs.org/@babel%2fcompat-data set size:undefined disposed:false
1601 http fetch GET 200 https://registry.npmjs.org/@babel%2fhelper-string-parser 837ms (cache miss)
1602 silly packumentCache full:https://registry.npmjs.org/@babel%2fhelper-string-parser set size:undefined disposed:false
1603 http fetch GET 200 https://registry.npmjs.org/@babel%2fhelper-validator-identifier 1513ms (cache miss)
1604 silly packumentCache full:https://registry.npmjs.org/@babel%2fhelper-validator-identifier set size:undefined disposed:false
1605 http fetch GET 200 https://registry.npmjs.org/@babel%2fhelper-validator-identifier 2306ms (cache miss)
1606 silly packumentCache full:https://registry.npmjs.org/@babel%2fhelper-validator-identifier set size:undefined disposed:false
1607 http fetch GET 200 https://registry.npmjs.org/@babel%2fhelper-validator-identifier 1661ms (cache miss)
1608 silly packumentCache full:https://registry.npmjs.org/@babel%2fhelper-validator-identifier set size:undefined disposed:false
1609 silly placeDep ROOT @babel/helper-validator-identifier@7.28.5 OK for: @babel/code-frame@7.29.0 want: ^7.28.5
1610 silly placeDep ROOT picocolors@1.1.1 OK for: @babel/code-frame@7.29.0 want: ^1.1.1
1611 silly placeDep ROOT @jridgewell/gen-mapping@0.3.13 OK for: @babel/generator@7.29.1 want: ^0.3.12
1612 silly placeDep ROOT @jridgewell/trace-mapping@0.3.31 OK for: @babel/generator@7.29.1 want: ^0.3.28
1613 silly placeDep ROOT jsesc@3.1.0 OK for: @babel/generator@7.29.1 want: ^3.0.2
1614 silly fetch manifest @jridgewell/sourcemap-codec@^1.5.0
1615 silly packumentCache full:https://registry.npmjs.org/@jridgewell%2fsourcemap-codec cache-miss
1616 silly fetch manifest @jridgewell/resolve-uri@^3.1.0
1617 silly packumentCache full:https://registry.npmjs.org/@jridgewell%2fresolve-uri cache-miss
1618 silly fetch manifest @jridgewell/sourcemap-codec@^1.4.14
1619 silly packumentCache full:https://registry.npmjs.org/@jridgewell%2fsourcemap-codec cache-miss
1620 http fetch GET 200 https://registry.npmjs.org/@jridgewell%2fresolve-uri 278ms (cache miss)
1621 silly packumentCache full:https://registry.npmjs.org/@jridgewell%2fresolve-uri set size:undefined disposed:false
1622 http fetch GET 200 https://registry.npmjs.org/@jridgewell%2fsourcemap-codec 708ms (cache miss)
1623 silly packumentCache full:https://registry.npmjs.org/@jridgewell%2fsourcemap-codec set size:undefined disposed:false
1624 http fetch GET 200 https://registry.npmjs.org/@jridgewell%2fsourcemap-codec 1200ms (cache miss)
1625 silly packumentCache full:https://registry.npmjs.org/@jridgewell%2fsourcemap-codec set size:undefined disposed:false
1626 silly placeDep ROOT @babel/compat-data@7.29.3 OK for: @babel/helper-compilation-targets@7.28.6 want: ^7.28.6
1627 silly placeDep ROOT @babel/helper-validator-option@7.27.1 OK for: @babel/helper-compilation-targets@7.28.6 want: ^7.27.1
1628 silly placeDep ROOT lru-cache@5.1.1 OK for: @babel/helper-compilation-targets@7.28.6 want: ^5.1.1
1629 silly placeDep node_modules/@babel/helper-compilation-targets semver@6.3.1 OK for: @babel/helper-compilation-targets@7.28.6 want: ^6.3.1
1630 silly fetch manifest yallist@^3.0.2
1631 silly packumentCache full:https://registry.npmjs.org/yallist cache-miss
1632 http fetch GET 200 https://registry.npmjs.org/yallist 1101ms (cache miss)
1633 silly packumentCache full:https://registry.npmjs.org/yallist set size:undefined disposed:false
1634 silly placeDep ROOT @babel/helper-module-imports@7.28.6 OK for: @babel/helper-module-transforms@7.28.6 want: ^7.28.6
1635 silly placeDep ROOT @babel/helper-globals@7.28.0 OK for: @babel/traverse@7.29.0 want: ^7.28.0
1636 silly placeDep ROOT @babel/helper-string-parser@7.27.1 OK for: @babel/types@7.29.0 want: ^7.27.1
1637 silly placeDep ROOT @jridgewell/sourcemap-codec@1.5.5 OK for: @jridgewell/gen-mapping@0.3.13 want: ^1.5.0
1638 silly placeDep ROOT @jridgewell/resolve-uri@3.1.2 OK for: @jridgewell/trace-mapping@0.3.31 want: ^3.1.0
1639 silly placeDep ROOT ansi-html@0.0.9 OK for: @pmmmwh/react-refresh-webpack-plugin@0.5.17 want: ^0.0.9
1640 silly placeDep ROOT core-js-pure@3.49.0 OK for: @pmmmwh/react-refresh-webpack-plugin@0.5.17 want: ^3.23.3
1641 silly placeDep ROOT error-stack-parser@2.1.4 OK for: @pmmmwh/react-refresh-webpack-plugin@0.5.17 want: ^2.0.6
1642 silly placeDep ROOT html-entities@2.6.0 OK for: @pmmmwh/react-refresh-webpack-plugin@0.5.17 want: ^2.1.0
1643 silly placeDep ROOT loader-utils@2.0.4 OK for: @pmmmwh/react-refresh-webpack-plugin@0.5.17 want: ^2.0.4
1644 silly placeDep ROOT schema-utils@4.3.3 OK for: @pmmmwh/react-refresh-webpack-plugin@0.5.17 want: ^4.2.0
1645 silly placeDep ROOT source-map@0.7.6 OK for: @pmmmwh/react-refresh-webpack-plugin@0.5.17 want: ^0.7.3
1646 silly fetch manifest stackframe@^1.3.4
1647 silly packumentCache full:https://registry.npmjs.org/stackframe cache-miss
1648 silly fetch manifest big.js@^5.2.2
1649 silly packumentCache full:https://registry.npmjs.org/big.js cache-miss
1650 silly fetch manifest emojis-list@^3.0.0
1651 silly packumentCache full:https://registry.npmjs.org/emojis-list cache-miss
1652 silly fetch manifest ajv@^8.9.0
1653 silly packumentCache full:https://registry.npmjs.org/ajv cache-miss
1654 silly fetch manifest ajv-formats@^2.1.1
1655 silly packumentCache full:https://registry.npmjs.org/ajv-formats cache-miss
1656 silly fetch manifest ajv-keywords@^5.1.0
1657 silly packumentCache full:https://registry.npmjs.org/ajv-keywords cache-miss
1658 silly fetch manifest @types/json-schema@^7.0.9
1659 silly packumentCache full:https://registry.npmjs.org/@types%2fjson-schema cache-miss
1660 http cache https://registry.npmjs.org/@types%2fjson-schema 42ms (cache hit)
1661 silly packumentCache full:https://registry.npmjs.org/@types%2fjson-schema set size:44704 disposed:false
1662 http cache https://registry.npmjs.org/ajv 62ms (cache hit)
1663 silly packumentCache full:https://registry.npmjs.org/ajv set size:1142658 disposed:false
1664 http fetch GET 200 https://registry.npmjs.org/emojis-list 474ms (cache miss)
1665 silly packumentCache full:https://registry.npmjs.org/emojis-list set size:undefined disposed:false
1666 http fetch GET 200 https://registry.npmjs.org/stackframe 558ms (cache miss)
1667 silly packumentCache full:https://registry.npmjs.org/stackframe set size:undefined disposed:false
1668 http fetch GET 200 https://registry.npmjs.org/big.js 1327ms (cache miss)
1669 silly packumentCache full:https://registry.npmjs.org/big.js set size:undefined disposed:false
1670 http fetch GET 200 https://registry.npmjs.org/ajv-keywords 1634ms (cache miss)
1671 silly packumentCache full:https://registry.npmjs.org/ajv-keywords set size:undefined disposed:false
1672 http fetch GET 200 https://registry.npmjs.org/ajv-formats 1724ms (cache miss)
1673 silly packumentCache full:https://registry.npmjs.org/ajv-formats set size:undefined disposed:false
1674 silly placeDep ROOT @babel/plugin-transform-react-constant-elements@7.27.1 OK for: @svgr/webpack@5.5.0 want: ^7.12.1
1675 silly placeDep ROOT @babel/preset-env@7.29.3 OK for: @svgr/webpack@5.5.0 want: ^7.12.1
1676 silly placeDep ROOT @babel/preset-react@7.28.5 OK for: @svgr/webpack@5.5.0 want: ^7.12.5
1677 silly placeDep ROOT @svgr/core@5.5.0 OK for: @svgr/webpack@5.5.0 want: ^5.5.0
1678 silly placeDep ROOT @svgr/plugin-jsx@5.5.0 OK for: @svgr/webpack@5.5.0 want: ^5.5.0
1679 silly placeDep ROOT @svgr/plugin-svgo@5.5.0 OK for: @svgr/webpack@5.5.0 want: ^5.5.0
1680 silly fetch manifest @babel/helper-plugin-utils@^7.27.1
1681 silly packumentCache full:https://registry.npmjs.org/@babel%2fhelper-plugin-utils cache-miss
1682 silly fetch manifest @babel/helper-plugin-utils@^7.28.6
1683 silly packumentCache full:https://registry.npmjs.org/@babel%2fhelper-plugin-utils cache-miss
1684 silly fetch manifest @babel/plugin-bugfix-firefox-class-in-computed-class-key@^7.28.5
1685 silly packumentCache full:https://registry.npmjs.org/@babel%2fplugin-bugfix-firefox-class-in-computed-class-key cache-miss
1686 silly fetch manifest @babel/plugin-bugfix-safari-class-field-initializer-scope@^7.27.1
1687 silly packumentCache full:https://registry.npmjs.org/@babel%2fplugin-bugfix-safari-class-field-initializer-scope cache-miss
1688 silly fetch manifest @babel/plugin-bugfix-safari-id-destructuring-collision-in-function-expression@^7.27.1
1689 silly packumentCache full:https://registry.npmjs.org/@babel%2fplugin-bugfix-safari-id-destructuring-collision-in-function-expression cache-miss
1690 silly fetch manifest @babel/plugin-bugfix-safari-rest-destructuring-rhs-array@^7.29.3
1691 silly packumentCache full:https://registry.npmjs.org/@babel%2fplugin-bugfix-safari-rest-destructuring-rhs-array cache-miss
1692 silly fetch manifest @babel/plugin-bugfix-v8-spread-parameters-in-optional-chaining@^7.27.1
1693 silly packumentCache full:https://registry.npmjs.org/@babel%2fplugin-bugfix-v8-spread-parameters-in-optional-chaining cache-miss
1694 http fetch GET 200 https://registry.npmjs.org/@babel%2fplugin-bugfix-safari-class-field-initializer-scope 545ms (cache miss)
1695 silly packumentCache full:https://registry.npmjs.org/@babel%2fplugin-bugfix-safari-class-field-initializer-scope set size:undefined disposed:false
1696 silly fetch manifest @babel/plugin-bugfix-v8-static-class-fields-redefine-readonly@^7.28.6
1697 silly packumentCache full:https://registry.npmjs.org/@babel%2fplugin-bugfix-v8-static-class-fields-redefine-readonly cache-miss
1698 http fetch GET 200 https://registry.npmjs.org/@babel%2fplugin-bugfix-safari-rest-destructuring-rhs-array 955ms (cache miss)
1699 silly packumentCache full:https://registry.npmjs.org/@babel%2fplugin-bugfix-safari-rest-destructuring-rhs-array set size:undefined disposed:false
1700 silly fetch manifest @babel/plugin-proposal-private-property-in-object@7.21.0-placeholder-for-preset-env.2
1701 silly packumentCache full:https://registry.npmjs.org/@babel%2fplugin-proposal-private-property-in-object cache-hit
1702 silly fetch manifest @babel/plugin-syntax-import-assertions@^7.28.6
1703 silly packumentCache full:https://registry.npmjs.org/@babel%2fplugin-syntax-import-assertions cache-miss
1704 http fetch GET 200 https://registry.npmjs.org/@babel%2fplugin-bugfix-v8-static-class-fields-redefine-readonly 533ms (cache miss)
1705 silly packumentCache full:https://registry.npmjs.org/@babel%2fplugin-bugfix-v8-static-class-fields-redefine-readonly set size:undefined disposed:false
1706 silly fetch manifest @babel/plugin-syntax-import-attributes@^7.28.6
1707 silly packumentCache full:https://registry.npmjs.org/@babel%2fplugin-syntax-import-attributes cache-miss
1708 http fetch GET 200 https://registry.npmjs.org/@babel%2fplugin-bugfix-v8-spread-parameters-in-optional-chaining 1157ms (cache miss)
1709 silly packumentCache full:https://registry.npmjs.org/@babel%2fplugin-bugfix-v8-spread-parameters-in-optional-chaining set size:undefined disposed:false
1710 silly fetch manifest @babel/plugin-syntax-unicode-sets-regex@^7.18.6
1711 silly packumentCache full:https://registry.npmjs.org/@babel%2fplugin-syntax-unicode-sets-regex cache-miss
1712 http fetch GET 200 https://registry.npmjs.org/@babel%2fplugin-bugfix-firefox-class-in-computed-class-key 1216ms (cache miss)
1713 silly packumentCache full:https://registry.npmjs.org/@babel%2fplugin-bugfix-firefox-class-in-computed-class-key set size:undefined disposed:false
1714 silly fetch manifest @babel/plugin-transform-arrow-functions@^7.27.1
1715 silly packumentCache full:https://registry.npmjs.org/@babel%2fplugin-transform-arrow-functions cache-miss
1716 http fetch GET 200 https://registry.npmjs.org/@babel%2fplugin-bugfix-safari-id-destructuring-collision-in-function-expression 1330ms (cache miss)
1717 silly packumentCache full:https://registry.npmjs.org/@babel%2fplugin-bugfix-safari-id-destructuring-collision-in-function-expression set size:undefined disposed:false
1718 silly fetch manifest @babel/plugin-transform-async-generator-functions@^7.29.0
1719 silly packumentCache full:https://registry.npmjs.org/@babel%2fplugin-transform-async-generator-functions cache-miss
1720 http fetch GET 200 https://registry.npmjs.org/@babel%2fhelper-plugin-utils 1380ms (cache miss)
1721 silly packumentCache full:https://registry.npmjs.org/@babel%2fhelper-plugin-utils set size:undefined disposed:false
1722 silly fetch manifest @babel/plugin-transform-async-to-generator@^7.28.6
1723 silly packumentCache full:https://registry.npmjs.org/@babel%2fplugin-transform-async-to-generator cache-miss
1724 http fetch GET 200 https://registry.npmjs.org/@babel%2fplugin-syntax-unicode-sets-regex 513ms (cache miss)
1725 silly packumentCache full:https://registry.npmjs.org/@babel%2fplugin-syntax-unicode-sets-regex set size:undefined disposed:false
1726 silly fetch manifest @babel/plugin-transform-block-scoped-functions@^7.27.1
1727 silly packumentCache full:https://registry.npmjs.org/@babel%2fplugin-transform-block-scoped-functions cache-miss
1728 http fetch GET 200 https://registry.npmjs.org/@babel%2fhelper-plugin-utils 1829ms (cache miss)
1729 silly packumentCache full:https://registry.npmjs.org/@babel%2fhelper-plugin-utils set size:undefined disposed:false
1730 silly fetch manifest @babel/plugin-transform-block-scoping@^7.28.6
1731 silly packumentCache full:https://registry.npmjs.org/@babel%2fplugin-transform-block-scoping cache-miss
1732 http fetch GET 200 https://registry.npmjs.org/@babel%2fplugin-transform-async-generator-functions 637ms (cache miss)
1733 silly packumentCache full:https://registry.npmjs.org/@babel%2fplugin-transform-async-generator-functions set size:undefined disposed:false
1734 silly fetch manifest @babel/plugin-transform-class-properties@^7.28.6
1735 silly packumentCache full:https://registry.npmjs.org/@babel%2fplugin-transform-class-properties cache-miss
1736 http fetch GET 200 https://registry.npmjs.org/@babel%2fplugin-syntax-import-assertions 1488ms (cache miss)
1737 silly packumentCache full:https://registry.npmjs.org/@babel%2fplugin-syntax-import-assertions set size:undefined disposed:false
1738 silly fetch manifest @babel/plugin-transform-class-static-block@^7.28.6
1739 silly packumentCache full:https://registry.npmjs.org/@babel%2fplugin-transform-class-static-block cache-miss
1740 http fetch GET 200 https://registry.npmjs.org/@babel%2fplugin-transform-block-scoped-functions 810ms (cache miss)
1741 silly packumentCache full:https://registry.npmjs.org/@babel%2fplugin-transform-block-scoped-functions set size:undefined disposed:false
1742 silly fetch manifest @babel/plugin-transform-classes@^7.28.6
1743 silly packumentCache full:https://registry.npmjs.org/@babel%2fplugin-transform-classes cache-miss
1744 http fetch GET 200 https://registry.npmjs.org/@babel%2fplugin-syntax-import-attributes 1692ms (cache miss)
1745 silly packumentCache full:https://registry.npmjs.org/@babel%2fplugin-syntax-import-attributes set size:undefined disposed:false
1746 silly fetch manifest @babel/plugin-transform-computed-properties@^7.28.6
1747 silly packumentCache full:https://registry.npmjs.org/@babel%2fplugin-transform-computed-properties cache-miss
1748 http fetch GET 200 https://registry.npmjs.org/@babel%2fplugin-transform-async-to-generator 1509ms (cache miss)
1749 silly packumentCache full:https://registry.npmjs.org/@babel%2fplugin-transform-async-to-generator set size:undefined disposed:false
1750 silly fetch manifest @babel/plugin-transform-destructuring@^7.28.5
1751 silly packumentCache full:https://registry.npmjs.org/@babel%2fplugin-transform-destructuring cache-miss
1752 http fetch GET 200 https://registry.npmjs.org/@babel%2fplugin-transform-class-properties 1165ms (cache miss)
1753 silly packumentCache full:https://registry.npmjs.org/@babel%2fplugin-transform-class-properties set size:undefined disposed:false
1754 silly fetch manifest @babel/plugin-transform-dotall-regex@^7.28.6
1755 silly packumentCache full:https://registry.npmjs.org/@babel%2fplugin-transform-dotall-regex cache-miss
1756 http fetch GET 200 https://registry.npmjs.org/@babel%2fplugin-transform-block-scoping 1618ms (cache miss)
1757 silly packumentCache full:https://registry.npmjs.org/@babel%2fplugin-transform-block-scoping set size:undefined disposed:false
1758 silly fetch manifest @babel/plugin-transform-duplicate-keys@^7.27.1
1759 silly packumentCache full:https://registry.npmjs.org/@babel%2fplugin-transform-duplicate-keys cache-miss
1760 http fetch GET 200 https://registry.npmjs.org/@babel%2fplugin-transform-classes 1182ms (cache miss)
1761 silly packumentCache full:https://registry.npmjs.org/@babel%2fplugin-transform-classes set size:undefined disposed:false
1762 silly fetch manifest @babel/plugin-transform-duplicate-named-capturing-groups-regex@^7.29.0
1763 silly packumentCache full:https://registry.npmjs.org/@babel%2fplugin-transform-duplicate-named-capturing-groups-regex cache-miss
1764 http fetch GET 200 https://registry.npmjs.org/@babel%2fplugin-transform-class-static-block 1314ms (cache miss)
1765 silly packumentCache full:https://registry.npmjs.org/@babel%2fplugin-transform-class-static-block set size:undefined disposed:false
1766 silly fetch manifest @babel/plugin-transform-dynamic-import@^7.27.1
1767 silly packumentCache full:https://registry.npmjs.org/@babel%2fplugin-transform-dynamic-import cache-miss
1768 http fetch GET 200 https://registry.npmjs.org/@babel%2fplugin-transform-duplicate-keys 698ms (cache miss)
1769 silly packumentCache full:https://registry.npmjs.org/@babel%2fplugin-transform-duplicate-keys set size:undefined disposed:false
1770 silly fetch manifest @babel/plugin-transform-explicit-resource-management@^7.28.6
1771 silly packumentCache full:https://registry.npmjs.org/@babel%2fplugin-transform-explicit-resource-management cache-miss
1772 http fetch GET 200 https://registry.npmjs.org/@babel%2fplugin-transform-explicit-resource-management 270ms (cache miss)
1773 silly packumentCache full:https://registry.npmjs.org/@babel%2fplugin-transform-explicit-resource-management set size:undefined disposed:false
1774 silly fetch manifest @babel/plugin-transform-exponentiation-operator@^7.28.6
1775 silly packumentCache full:https://registry.npmjs.org/@babel%2fplugin-transform-exponentiation-operator cache-miss
1776 http fetch GET 200 https://registry.npmjs.org/@babel%2fplugin-transform-duplicate-named-capturing-groups-regex 710ms (cache miss)
1777 silly packumentCache full:https://registry.npmjs.org/@babel%2fplugin-transform-duplicate-named-capturing-groups-regex set size:undefined disposed:false
1778 silly fetch manifest @babel/plugin-transform-export-namespace-from@^7.27.1
1779 silly packumentCache full:https://registry.npmjs.org/@babel%2fplugin-transform-export-namespace-from cache-miss
1780 http fetch GET 200 https://registry.npmjs.org/@babel%2fplugin-transform-dotall-regex 1692ms (cache miss)
1781 silly packumentCache full:https://registry.npmjs.org/@babel%2fplugin-transform-dotall-regex set size:undefined disposed:false
1782 silly fetch manifest @babel/plugin-transform-for-of@^7.27.1
1783 silly packumentCache full:https://registry.npmjs.org/@babel%2fplugin-transform-for-of cache-miss
1784 http fetch GET 200 https://registry.npmjs.org/@babel%2fplugin-transform-computed-properties 2109ms (cache miss)
1785 silly packumentCache full:https://registry.npmjs.org/@babel%2fplugin-transform-computed-properties set size:undefined disposed:false
1786 silly fetch manifest @babel/plugin-transform-function-name@^7.27.1
1787 silly packumentCache full:https://registry.npmjs.org/@babel%2fplugin-transform-function-name cache-miss
1788 http fetch GET 200 https://registry.npmjs.org/@babel%2fplugin-transform-destructuring 2380ms (cache miss)
1789 silly packumentCache full:https://registry.npmjs.org/@babel%2fplugin-transform-destructuring set size:undefined disposed:false
1790 silly fetch manifest @babel/plugin-transform-json-strings@^7.28.6
1791 silly packumentCache full:https://registry.npmjs.org/@babel%2fplugin-transform-json-strings cache-miss
1792 http fetch GET 200 https://registry.npmjs.org/@babel%2fplugin-transform-dynamic-import 1503ms (cache miss)
1793 silly packumentCache full:https://registry.npmjs.org/@babel%2fplugin-transform-dynamic-import set size:undefined disposed:false
1794 silly fetch manifest @babel/plugin-transform-literals@^7.27.1
1795 silly packumentCache full:https://registry.npmjs.org/@babel%2fplugin-transform-literals cache-miss
1796 http fetch GET 200 https://registry.npmjs.org/@babel%2fplugin-transform-exponentiation-operator 1251ms (cache miss)
1797 silly packumentCache full:https://registry.npmjs.org/@babel%2fplugin-transform-exponentiation-operator set size:undefined disposed:false
1798 silly fetch manifest @babel/plugin-transform-logical-assignment-operators@^7.28.6
1799 silly packumentCache full:https://registry.npmjs.org/@babel%2fplugin-transform-logical-assignment-operators cache-miss
1800 http fetch GET 200 https://registry.npmjs.org/@babel%2fplugin-transform-export-namespace-from 1289ms (cache miss)
1801 silly packumentCache full:https://registry.npmjs.org/@babel%2fplugin-transform-export-namespace-from set size:undefined disposed:false
1802 silly fetch manifest @babel/plugin-transform-member-expression-literals@^7.27.1
1803 silly packumentCache full:https://registry.npmjs.org/@babel%2fplugin-transform-member-expression-literals cache-miss
1804 http fetch GET 200 https://registry.npmjs.org/@babel%2fplugin-transform-logical-assignment-operators 516ms (cache miss)
1805 silly packumentCache full:https://registry.npmjs.org/@babel%2fplugin-transform-logical-assignment-operators set size:undefined disposed:false
1806 silly fetch manifest @babel/plugin-transform-modules-amd@^7.27.1
1807 silly packumentCache full:https://registry.npmjs.org/@babel%2fplugin-transform-modules-amd cache-miss
1808 http fetch GET 200 https://registry.npmjs.org/@babel%2fplugin-transform-arrow-functions 5050ms (cache miss)
1809 silly packumentCache full:https://registry.npmjs.org/@babel%2fplugin-transform-arrow-functions set size:undefined disposed:false
1810 silly fetch manifest @babel/plugin-transform-modules-commonjs@^7.28.6
1811 silly packumentCache full:https://registry.npmjs.org/@babel%2fplugin-transform-modules-commonjs cache-miss
1812 http fetch GET 200 https://registry.npmjs.org/@babel%2fplugin-transform-for-of 1413ms (cache miss)
1813 silly packumentCache full:https://registry.npmjs.org/@babel%2fplugin-transform-for-of set size:undefined disposed:false
1814 silly fetch manifest @babel/plugin-transform-modules-systemjs@^7.29.0
1815 silly packumentCache full:https://registry.npmjs.org/@babel%2fplugin-transform-modules-systemjs cache-miss
1816 http fetch GET 200 https://registry.npmjs.org/@babel%2fplugin-transform-json-strings 1188ms (cache miss)
1817 silly packumentCache full:https://registry.npmjs.org/@babel%2fplugin-transform-json-strings set size:undefined disposed:false
1818 silly fetch manifest @babel/plugin-transform-modules-umd@^7.27.1
1819 silly packumentCache full:https://registry.npmjs.org/@babel%2fplugin-transform-modules-umd cache-miss
1820 http fetch GET 200 https://registry.npmjs.org/@babel%2fplugin-transform-member-expression-literals 851ms (cache miss)
1821 silly packumentCache full:https://registry.npmjs.org/@babel%2fplugin-transform-member-expression-literals set size:undefined disposed:false
1822 silly fetch manifest @babel/plugin-transform-named-capturing-groups-regex@^7.29.0
1823 silly packumentCache full:https://registry.npmjs.org/@babel%2fplugin-transform-named-capturing-groups-regex cache-miss
1824 http fetch GET 200 https://registry.npmjs.org/@babel%2fplugin-transform-function-name 2045ms (cache miss)
1825 silly packumentCache full:https://registry.npmjs.org/@babel%2fplugin-transform-function-name set size:undefined disposed:false
1826 silly fetch manifest @babel/plugin-transform-new-target@^7.27.1
1827 silly packumentCache full:https://registry.npmjs.org/@babel%2fplugin-transform-new-target cache-miss
1828 http fetch GET 200 https://registry.npmjs.org/@babel%2fplugin-transform-literals 1833ms (cache miss)
1829 silly packumentCache full:https://registry.npmjs.org/@babel%2fplugin-transform-literals set size:undefined disposed:false
1830 silly fetch manifest @babel/plugin-transform-nullish-coalescing-operator@^7.28.6
1831 silly packumentCache full:https://registry.npmjs.org/@babel%2fplugin-transform-nullish-coalescing-operator cache-miss
1832 http fetch GET 200 https://registry.npmjs.org/@babel%2fplugin-transform-modules-amd 963ms (cache miss)
1833 silly packumentCache full:https://registry.npmjs.org/@babel%2fplugin-transform-modules-amd set size:undefined disposed:false
1834 silly fetch manifest @babel/plugin-transform-numeric-separator@^7.28.6
1835 silly packumentCache full:https://registry.npmjs.org/@babel%2fplugin-transform-numeric-separator cache-miss
1836 http fetch GET 200 https://registry.npmjs.org/@babel%2fplugin-transform-named-capturing-groups-regex 863ms (cache miss)
1837 silly packumentCache full:https://registry.npmjs.org/@babel%2fplugin-transform-named-capturing-groups-regex set size:undefined disposed:false
1838 silly fetch manifest @babel/plugin-transform-object-rest-spread@^7.28.6
1839 silly packumentCache full:https://registry.npmjs.org/@babel%2fplugin-transform-object-rest-spread cache-miss
1840 http fetch GET 200 https://registry.npmjs.org/@babel%2fplugin-transform-nullish-coalescing-operator 889ms (cache miss)
1841 silly packumentCache full:https://registry.npmjs.org/@babel%2fplugin-transform-nullish-coalescing-operator set size:undefined disposed:false
1842 silly fetch manifest @babel/plugin-transform-object-super@^7.27.1
1843 silly packumentCache full:https://registry.npmjs.org/@babel%2fplugin-transform-object-super cache-miss
1844 http fetch GET 200 https://registry.npmjs.org/@babel%2fplugin-transform-modules-umd 1633ms (cache miss)
1845 silly packumentCache full:https://registry.npmjs.org/@babel%2fplugin-transform-modules-umd set size:undefined disposed:false
1846 silly fetch manifest @babel/plugin-transform-optional-catch-binding@^7.28.6
1847 silly packumentCache full:https://registry.npmjs.org/@babel%2fplugin-transform-optional-catch-binding cache-miss
1848 http fetch GET 200 https://registry.npmjs.org/@babel%2fplugin-transform-numeric-separator 1356ms (cache miss)
1849 silly packumentCache full:https://registry.npmjs.org/@babel%2fplugin-transform-numeric-separator set size:undefined disposed:false
1850 silly fetch manifest @babel/plugin-transform-optional-chaining@^7.28.6
1851 silly packumentCache full:https://registry.npmjs.org/@babel%2fplugin-transform-optional-chaining cache-miss
1852 http fetch GET 200 https://registry.npmjs.org/@babel%2fplugin-transform-new-target 1700ms (cache miss)
1853 silly packumentCache full:https://registry.npmjs.org/@babel%2fplugin-transform-new-target set size:undefined disposed:false
1854 silly fetch manifest @babel/plugin-transform-parameters@^7.27.7
1855 silly packumentCache full:https://registry.npmjs.org/@babel%2fplugin-transform-parameters cache-miss
1856 http fetch GET 200 https://registry.npmjs.org/@babel%2fplugin-transform-object-rest-spread 1176ms (cache miss)
1857 silly packumentCache full:https://registry.npmjs.org/@babel%2fplugin-transform-object-rest-spread set size:undefined disposed:false
1858 silly fetch manifest @babel/plugin-transform-private-methods@^7.28.6
1859 silly packumentCache full:https://registry.npmjs.org/@babel%2fplugin-transform-private-methods cache-miss
1860 http fetch GET 200 https://registry.npmjs.org/@babel%2fplugin-transform-optional-chaining 544ms (cache miss)
1861 silly packumentCache full:https://registry.npmjs.org/@babel%2fplugin-transform-optional-chaining set size:undefined disposed:false
1862 silly fetch manifest @babel/plugin-transform-private-property-in-object@^7.28.6
1863 silly packumentCache full:https://registry.npmjs.org/@babel%2fplugin-transform-private-property-in-object cache-miss
1864 http fetch GET 200 https://registry.npmjs.org/@babel%2fplugin-transform-private-methods 486ms (cache miss)
1865 silly packumentCache full:https://registry.npmjs.org/@babel%2fplugin-transform-private-methods set size:undefined disposed:false
1866 silly fetch manifest @babel/plugin-transform-property-literals@^7.27.1
1867 silly packumentCache full:https://registry.npmjs.org/@babel%2fplugin-transform-property-literals cache-miss
1868 http fetch GET 200 https://registry.npmjs.org/@babel%2fplugin-transform-modules-commonjs 2979ms (cache miss)
1869 silly packumentCache full:https://registry.npmjs.org/@babel%2fplugin-transform-modules-commonjs set size:undefined disposed:false
1870 silly fetch manifest @babel/plugin-transform-regenerator@^7.29.0
1871 silly packumentCache full:https://registry.npmjs.org/@babel%2fplugin-transform-regenerator cache-miss
1872 http fetch GET 200 https://registry.npmjs.org/@babel%2fplugin-transform-optional-catch-binding 1402ms (cache miss)
1873 silly packumentCache full:https://registry.npmjs.org/@babel%2fplugin-transform-optional-catch-binding set size:undefined disposed:false
1874 silly fetch manifest @babel/plugin-transform-regexp-modifiers@^7.28.6
1875 silly packumentCache full:https://registry.npmjs.org/@babel%2fplugin-transform-regexp-modifiers cache-miss
1876 http fetch GET 200 https://registry.npmjs.org/@babel%2fplugin-transform-object-super 1570ms (cache miss)
1877 silly packumentCache full:https://registry.npmjs.org/@babel%2fplugin-transform-object-super set size:undefined disposed:false
1878 silly fetch manifest @babel/plugin-transform-reserved-words@^7.27.1
1879 silly packumentCache full:https://registry.npmjs.org/@babel%2fplugin-transform-reserved-words cache-miss
1880 http fetch GET 200 https://registry.npmjs.org/@babel%2fplugin-transform-modules-systemjs 3645ms (cache miss)
1881 silly packumentCache full:https://registry.npmjs.org/@babel%2fplugin-transform-modules-systemjs set size:undefined disposed:false
1882 silly fetch manifest @babel/plugin-transform-shorthand-properties@^7.27.1
1883 silly packumentCache full:https://registry.npmjs.org/@babel%2fplugin-transform-shorthand-properties cache-miss
1884 http fetch GET 200 https://registry.npmjs.org/@babel%2fplugin-transform-private-property-in-object 866ms (cache miss)
1885 silly packumentCache full:https://registry.npmjs.org/@babel%2fplugin-transform-private-property-in-object set size:undefined disposed:false
1886 silly fetch manifest @babel/plugin-transform-spread@^7.28.6
1887 silly packumentCache full:https://registry.npmjs.org/@babel%2fplugin-transform-spread cache-miss
1888 http fetch GET 200 https://registry.npmjs.org/@babel%2fplugin-transform-regexp-modifiers 720ms (cache miss)
1889 silly packumentCache full:https://registry.npmjs.org/@babel%2fplugin-transform-regexp-modifiers set size:undefined disposed:false
1890 silly fetch manifest @babel/plugin-transform-sticky-regex@^7.27.1
1891 silly packumentCache full:https://registry.npmjs.org/@babel%2fplugin-transform-sticky-regex cache-miss
1892 http fetch GET 200 https://registry.npmjs.org/@babel%2fplugin-transform-parameters 1935ms (cache miss)
1893 silly packumentCache full:https://registry.npmjs.org/@babel%2fplugin-transform-parameters set size:undefined disposed:false
1894 silly fetch manifest @babel/plugin-transform-template-literals@^7.27.1
1895 silly packumentCache full:https://registry.npmjs.org/@babel%2fplugin-transform-template-literals cache-miss
1896 http fetch GET 200 https://registry.npmjs.org/@babel%2fplugin-transform-property-literals 1488ms (cache miss)
1897 silly packumentCache full:https://registry.npmjs.org/@babel%2fplugin-transform-property-literals set size:undefined disposed:false
1898 silly fetch manifest @babel/plugin-transform-typeof-symbol@^7.27.1
1899 silly packumentCache full:https://registry.npmjs.org/@babel%2fplugin-transform-typeof-symbol cache-miss
1900 http fetch GET 200 https://registry.npmjs.org/@babel%2fplugin-transform-regenerator 1720ms (cache miss)
1901 silly packumentCache full:https://registry.npmjs.org/@babel%2fplugin-transform-regenerator set size:undefined disposed:false
1902 silly fetch manifest @babel/plugin-transform-unicode-escapes@^7.27.1
1903 silly packumentCache full:https://registry.npmjs.org/@babel%2fplugin-transform-unicode-escapes cache-miss
1904 http fetch GET 200 https://registry.npmjs.org/@babel%2fplugin-transform-spread 1022ms (cache miss)
1905 silly packumentCache full:https://registry.npmjs.org/@babel%2fplugin-transform-spread set size:undefined disposed:false
1906 silly fetch manifest @babel/plugin-transform-unicode-property-regex@^7.28.6
1907 silly packumentCache full:https://registry.npmjs.org/@babel%2fplugin-transform-unicode-property-regex cache-miss
1908 http fetch GET 200 https://registry.npmjs.org/@babel%2fplugin-transform-reserved-words 1642ms (cache miss)
1909 silly packumentCache full:https://registry.npmjs.org/@babel%2fplugin-transform-reserved-words set size:undefined disposed:false
1910 silly fetch manifest @babel/plugin-transform-unicode-regex@^7.27.1
1911 silly packumentCache full:https://registry.npmjs.org/@babel%2fplugin-transform-unicode-regex cache-miss
1912 http fetch GET 200 https://registry.npmjs.org/@babel%2fplugin-transform-sticky-regex 1183ms (cache miss)
1913 silly packumentCache full:https://registry.npmjs.org/@babel%2fplugin-transform-sticky-regex set size:undefined disposed:false
1914 silly fetch manifest @babel/plugin-transform-unicode-sets-regex@^7.28.6
1915 silly packumentCache full:https://registry.npmjs.org/@babel%2fplugin-transform-unicode-sets-regex cache-miss
1916 http fetch GET 200 https://registry.npmjs.org/@babel%2fplugin-transform-typeof-symbol 841ms (cache miss)
1917 silly packumentCache full:https://registry.npmjs.org/@babel%2fplugin-transform-typeof-symbol set size:undefined disposed:false
1918 silly fetch manifest @babel/preset-modules@0.1.6-no-external-plugins
1919 silly packumentCache full:https://registry.npmjs.org/@babel%2fpreset-modules cache-miss
1920 http fetch GET 200 https://registry.npmjs.org/@babel%2fplugin-transform-unicode-sets-regex 435ms (cache miss)
1921 silly packumentCache full:https://registry.npmjs.org/@babel%2fplugin-transform-unicode-sets-regex set size:undefined disposed:false
1922 silly fetch manifest babel-plugin-polyfill-corejs2@^0.4.15
1923 silly packumentCache full:https://registry.npmjs.org/babel-plugin-polyfill-corejs2 cache-miss
1924 http fetch GET 200 https://registry.npmjs.org/@babel%2fpreset-modules 461ms (cache miss)
1925 silly packumentCache full:https://registry.npmjs.org/@babel%2fpreset-modules set size:undefined disposed:false
1926 silly fetch manifest babel-plugin-polyfill-corejs3@^0.14.0
1927 silly packumentCache full:https://registry.npmjs.org/babel-plugin-polyfill-corejs3 cache-miss
1928 http fetch GET 200 https://registry.npmjs.org/@babel%2fplugin-transform-unicode-escapes 1020ms (cache miss)
1929 silly packumentCache full:https://registry.npmjs.org/@babel%2fplugin-transform-unicode-escapes set size:undefined disposed:false
1930 silly fetch manifest babel-plugin-polyfill-regenerator@^0.6.6
1931 silly packumentCache full:https://registry.npmjs.org/babel-plugin-polyfill-regenerator cache-miss
1932 http fetch GET 200 https://registry.npmjs.org/@babel%2fplugin-transform-template-literals 1559ms (cache miss)
1933 silly packumentCache full:https://registry.npmjs.org/@babel%2fplugin-transform-template-literals set size:undefined disposed:false
1934 silly fetch manifest core-js-compat@^3.48.0
1935 silly packumentCache full:https://registry.npmjs.org/core-js-compat cache-miss
1936 http fetch GET 200 https://registry.npmjs.org/@babel%2fplugin-transform-unicode-property-regex 1288ms (cache miss)
1937 silly packumentCache full:https://registry.npmjs.org/@babel%2fplugin-transform-unicode-property-regex set size:undefined disposed:false
1938 silly fetch manifest @babel/plugin-transform-react-jsx@^7.27.1
1939 silly packumentCache full:https://registry.npmjs.org/@babel%2fplugin-transform-react-jsx cache-miss
1940 http fetch GET 200 https://registry.npmjs.org/babel-plugin-polyfill-corejs3 818ms (cache miss)
1941 silly packumentCache full:https://registry.npmjs.org/babel-plugin-polyfill-corejs3 set size:undefined disposed:false
1942 silly fetch manifest @babel/plugin-transform-react-display-name@^7.28.0
1943 silly packumentCache full:https://registry.npmjs.org/@babel%2fplugin-transform-react-display-name cache-hit
1944 silly fetch manifest @babel/plugin-transform-react-jsx-development@^7.27.1
1945 silly packumentCache full:https://registry.npmjs.org/@babel%2fplugin-transform-react-jsx-development cache-miss
1946 http fetch GET 200 https://registry.npmjs.org/@babel%2fplugin-transform-shorthand-properties 2908ms (cache miss)
1947 silly packumentCache full:https://registry.npmjs.org/@babel%2fplugin-transform-shorthand-properties set size:undefined disposed:false
1948 silly fetch manifest @babel/plugin-transform-react-pure-annotations@^7.27.1
1949 silly packumentCache full:https://registry.npmjs.org/@babel%2fplugin-transform-react-pure-annotations cache-miss
1950 http fetch GET 200 https://registry.npmjs.org/babel-plugin-polyfill-corejs2 1125ms (cache miss)
1951 silly packumentCache full:https://registry.npmjs.org/babel-plugin-polyfill-corejs2 set size:undefined disposed:false
1952 silly fetch manifest @svgr/babel-preset@^5.5.0
1953 silly packumentCache full:https://registry.npmjs.org/@svgr%2fbabel-preset cache-miss
1954 http fetch GET 200 https://registry.npmjs.org/@babel%2fplugin-transform-unicode-regex 1883ms (cache miss)
1955 silly packumentCache full:https://registry.npmjs.org/@babel%2fplugin-transform-unicode-regex set size:undefined disposed:false
1956 silly fetch manifest @svgr/hast-util-to-babel-ast@^5.5.0
1957 silly packumentCache full:https://registry.npmjs.org/@svgr%2fhast-util-to-babel-ast cache-miss
1958 http fetch GET 200 https://registry.npmjs.org/babel-plugin-polyfill-regenerator 1692ms (cache miss)
1959 silly packumentCache full:https://registry.npmjs.org/babel-plugin-polyfill-regenerator set size:undefined disposed:false
1960 silly fetch manifest svg-parser@^2.0.2
1961 silly packumentCache full:https://registry.npmjs.org/svg-parser cache-miss
1962 http fetch GET 200 https://registry.npmjs.org/@babel%2fplugin-transform-react-pure-annotations 1069ms (cache miss)
1963 silly packumentCache full:https://registry.npmjs.org/@babel%2fplugin-transform-react-pure-annotations set size:undefined disposed:false
1964 silly fetch manifest deepmerge@^4.2.2
1965 silly packumentCache full:https://registry.npmjs.org/deepmerge cache-miss
1966 http fetch GET 200 https://registry.npmjs.org/@svgr%2fbabel-preset 1053ms (cache miss)
1967 silly packumentCache full:https://registry.npmjs.org/@svgr%2fbabel-preset set size:undefined disposed:false
1968 silly fetch manifest svgo@^1.2.2
1969 silly packumentCache full:https://registry.npmjs.org/svgo cache-miss
1970 http fetch GET 200 https://registry.npmjs.org/@babel%2fplugin-transform-react-jsx 1909ms (cache miss)
1971 silly packumentCache full:https://registry.npmjs.org/@babel%2fplugin-transform-react-jsx set size:undefined disposed:false
1972 http fetch GET 200 https://registry.npmjs.org/@babel%2fplugin-transform-react-jsx-development 1428ms (cache miss)
1973 silly packumentCache full:https://registry.npmjs.org/@babel%2fplugin-transform-react-jsx-development set size:undefined disposed:false
1974 http fetch GET 200 https://registry.npmjs.org/deepmerge 772ms (cache miss)
1975 silly packumentCache full:https://registry.npmjs.org/deepmerge set size:undefined disposed:false
1976 http fetch GET 200 https://registry.npmjs.org/@svgr%2fhast-util-to-babel-ast 1556ms (cache miss)
1977 silly packumentCache full:https://registry.npmjs.org/@svgr%2fhast-util-to-babel-ast set size:undefined disposed:false
1978 http fetch GET 200 https://registry.npmjs.org/svg-parser 1309ms (cache miss)
1979 silly packumentCache full:https://registry.npmjs.org/svg-parser set size:undefined disposed:false
1980 http fetch GET 200 https://registry.npmjs.org/core-js-compat 2902ms (cache miss)
1981 silly packumentCache full:https://registry.npmjs.org/core-js-compat set size:undefined disposed:false
1982 http fetch GET 200 https://registry.npmjs.org/svgo 1852ms (cache miss)
1983 silly packumentCache full:https://registry.npmjs.org/svgo set size:undefined disposed:false
1984 silly placeDep ROOT @babel/helper-plugin-utils@7.28.6 OK for: @babel/plugin-transform-react-constant-elements@7.27.1 want: ^7.27.1
1985 silly placeDep ROOT @babel/plugin-bugfix-firefox-class-in-computed-class-key@7.28.5 OK for: @babel/preset-env@7.29.3 want: ^7.28.5
1986 silly placeDep ROOT @babel/plugin-bugfix-safari-class-field-initializer-scope@7.27.1 OK for: @babel/preset-env@7.29.3 want: ^7.27.1
1987 silly placeDep ROOT @babel/plugin-bugfix-safari-id-destructuring-collision-in-function-expression@7.27.1 OK for: @babel/preset-env@7.29.3 want: ^7.27.1
1988 silly placeDep ROOT @babel/plugin-bugfix-safari-rest-destructuring-rhs-array@7.29.3 OK for: @babel/preset-env@7.29.3 want: ^7.29.3
1989 silly placeDep ROOT @babel/plugin-bugfix-v8-spread-parameters-in-optional-chaining@7.27.1 OK for: @babel/preset-env@7.29.3 want: ^7.27.1
1990 silly placeDep ROOT @babel/plugin-bugfix-v8-static-class-fields-redefine-readonly@7.28.6 OK for: @babel/preset-env@7.29.3 want: ^7.28.6
1991 silly placeDep ROOT @babel/plugin-proposal-private-property-in-object@7.21.0-placeholder-for-preset-env.2 OK for: @babel/preset-env@7.29.3 want: 7.21.0-placeholder-for-preset-env.2
1992 silly placeDep ROOT @babel/plugin-syntax-import-assertions@7.28.6 OK for: @babel/preset-env@7.29.3 want: ^7.28.6
1993 silly placeDep ROOT @babel/plugin-syntax-import-attributes@7.28.6 OK for: @babel/preset-env@7.29.3 want: ^7.28.6
1994 silly placeDep ROOT @babel/plugin-syntax-unicode-sets-regex@7.18.6 OK for: @babel/preset-env@7.29.3 want: ^7.18.6
1995 silly placeDep ROOT @babel/plugin-transform-arrow-functions@7.27.1 OK for: @babel/preset-env@7.29.3 want: ^7.27.1
1996 silly placeDep ROOT @babel/plugin-transform-async-generator-functions@7.29.0 OK for: @babel/preset-env@7.29.3 want: ^7.29.0
1997 silly placeDep ROOT @babel/plugin-transform-async-to-generator@7.28.6 OK for: @babel/preset-env@7.29.3 want: ^7.28.6
1998 silly placeDep ROOT @babel/plugin-transform-block-scoped-functions@7.27.1 OK for: @babel/preset-env@7.29.3 want: ^7.27.1
1999 silly placeDep ROOT @babel/plugin-transform-block-scoping@7.28.6 OK for: @babel/preset-env@7.29.3 want: ^7.28.6
2000 silly placeDep ROOT @babel/plugin-transform-class-properties@7.28.6 OK for: @babel/preset-env@7.29.3 want: ^7.28.6
2001 silly placeDep ROOT @babel/plugin-transform-class-static-block@7.28.6 OK for: @babel/preset-env@7.29.3 want: ^7.28.6
2002 silly placeDep ROOT @babel/plugin-transform-classes@7.28.6 OK for: @babel/preset-env@7.29.3 want: ^7.28.6
2003 silly placeDep ROOT @babel/plugin-transform-computed-properties@7.28.6 OK for: @babel/preset-env@7.29.3 want: ^7.28.6
2004 silly placeDep ROOT @babel/plugin-transform-destructuring@7.28.5 OK for: @babel/preset-env@7.29.3 want: ^7.28.5
2005 silly placeDep ROOT @babel/plugin-transform-dotall-regex@7.28.6 OK for: @babel/preset-env@7.29.3 want: ^7.28.6
2006 silly placeDep ROOT @babel/plugin-transform-duplicate-keys@7.27.1 OK for: @babel/preset-env@7.29.3 want: ^7.27.1
2007 silly placeDep ROOT @babel/plugin-transform-duplicate-named-capturing-groups-regex@7.29.0 OK for: @babel/preset-env@7.29.3 want: ^7.29.0
2008 silly placeDep ROOT @babel/plugin-transform-dynamic-import@7.27.1 OK for: @babel/preset-env@7.29.3 want: ^7.27.1
2009 silly placeDep ROOT @babel/plugin-transform-explicit-resource-management@7.28.6 OK for: @babel/preset-env@7.29.3 want: ^7.28.6
2010 silly placeDep ROOT @babel/plugin-transform-exponentiation-operator@7.28.6 OK for: @babel/preset-env@7.29.3 want: ^7.28.6
2011 silly placeDep ROOT @babel/plugin-transform-export-namespace-from@7.27.1 OK for: @babel/preset-env@7.29.3 want: ^7.27.1
2012 silly placeDep ROOT @babel/plugin-transform-for-of@7.27.1 OK for: @babel/preset-env@7.29.3 want: ^7.27.1
2013 silly placeDep ROOT @babel/plugin-transform-function-name@7.27.1 OK for: @babel/preset-env@7.29.3 want: ^7.27.1
2014 silly placeDep ROOT @babel/plugin-transform-json-strings@7.28.6 OK for: @babel/preset-env@7.29.3 want: ^7.28.6
2015 silly placeDep ROOT @babel/plugin-transform-literals@7.27.1 OK for: @babel/preset-env@7.29.3 want: ^7.27.1
2016 silly placeDep ROOT @babel/plugin-transform-logical-assignment-operators@7.28.6 OK for: @babel/preset-env@7.29.3 want: ^7.28.6
2017 silly placeDep ROOT @babel/plugin-transform-member-expression-literals@7.27.1 OK for: @babel/preset-env@7.29.3 want: ^7.27.1
2018 silly placeDep ROOT @babel/plugin-transform-modules-amd@7.27.1 OK for: @babel/preset-env@7.29.3 want: ^7.27.1
2019 silly placeDep ROOT @babel/plugin-transform-modules-commonjs@7.28.6 OK for: @babel/preset-env@7.29.3 want: ^7.28.6
2020 silly placeDep ROOT @babel/plugin-transform-modules-systemjs@7.29.0 OK for: @babel/preset-env@7.29.3 want: ^7.29.0
2021 silly placeDep ROOT @babel/plugin-transform-modules-umd@7.27.1 OK for: @babel/preset-env@7.29.3 want: ^7.27.1
2022 silly placeDep ROOT @babel/plugin-transform-named-capturing-groups-regex@7.29.0 OK for: @babel/preset-env@7.29.3 want: ^7.29.0
2023 silly placeDep ROOT @babel/plugin-transform-new-target@7.27.1 OK for: @babel/preset-env@7.29.3 want: ^7.27.1
2024 silly placeDep ROOT @babel/plugin-transform-nullish-coalescing-operator@7.28.6 OK for: @babel/preset-env@7.29.3 want: ^7.28.6
2025 silly placeDep ROOT @babel/plugin-transform-numeric-separator@7.28.6 OK for: @babel/preset-env@7.29.3 want: ^7.28.6
2026 silly placeDep ROOT @babel/plugin-transform-object-rest-spread@7.28.6 OK for: @babel/preset-env@7.29.3 want: ^7.28.6
2027 silly placeDep ROOT @babel/plugin-transform-object-super@7.27.1 OK for: @babel/preset-env@7.29.3 want: ^7.27.1
2028 silly placeDep ROOT @babel/plugin-transform-optional-catch-binding@7.28.6 OK for: @babel/preset-env@7.29.3 want: ^7.28.6
2029 silly placeDep ROOT @babel/plugin-transform-optional-chaining@7.28.6 OK for: @babel/preset-env@7.29.3 want: ^7.28.6
2030 silly placeDep ROOT @babel/plugin-transform-parameters@7.27.7 OK for: @babel/preset-env@7.29.3 want: ^7.27.7
2031 silly placeDep ROOT @babel/plugin-transform-private-methods@7.28.6 OK for: @babel/preset-env@7.29.3 want: ^7.28.6
2032 silly placeDep ROOT @babel/plugin-transform-private-property-in-object@7.28.6 OK for: @babel/preset-env@7.29.3 want: ^7.28.6
2033 silly placeDep ROOT @babel/plugin-transform-property-literals@7.27.1 OK for: @babel/preset-env@7.29.3 want: ^7.27.1
2034 silly placeDep ROOT @babel/plugin-transform-regenerator@7.29.0 OK for: @babel/preset-env@7.29.3 want: ^7.29.0
2035 silly placeDep ROOT @babel/plugin-transform-regexp-modifiers@7.28.6 OK for: @babel/preset-env@7.29.3 want: ^7.28.6
2036 silly placeDep ROOT @babel/plugin-transform-reserved-words@7.27.1 OK for: @babel/preset-env@7.29.3 want: ^7.27.1
2037 silly placeDep ROOT @babel/plugin-transform-shorthand-properties@7.27.1 OK for: @babel/preset-env@7.29.3 want: ^7.27.1
2038 silly placeDep ROOT @babel/plugin-transform-spread@7.28.6 OK for: @babel/preset-env@7.29.3 want: ^7.28.6
2039 silly placeDep ROOT @babel/plugin-transform-sticky-regex@7.27.1 OK for: @babel/preset-env@7.29.3 want: ^7.27.1
2040 silly placeDep ROOT @babel/plugin-transform-template-literals@7.27.1 OK for: @babel/preset-env@7.29.3 want: ^7.27.1
2041 silly placeDep ROOT @babel/plugin-transform-typeof-symbol@7.27.1 OK for: @babel/preset-env@7.29.3 want: ^7.27.1
2042 silly placeDep ROOT @babel/plugin-transform-unicode-escapes@7.27.1 OK for: @babel/preset-env@7.29.3 want: ^7.27.1
2043 silly placeDep ROOT @babel/plugin-transform-unicode-property-regex@7.28.6 OK for: @babel/preset-env@7.29.3 want: ^7.28.6
2044 silly placeDep ROOT @babel/plugin-transform-unicode-regex@7.27.1 OK for: @babel/preset-env@7.29.3 want: ^7.27.1
2045 silly placeDep ROOT @babel/plugin-transform-unicode-sets-regex@7.28.6 OK for: @babel/preset-env@7.29.3 want: ^7.28.6
2046 silly placeDep ROOT @babel/preset-modules@0.1.6-no-external-plugins OK for: @babel/preset-env@7.29.3 want: 0.1.6-no-external-plugins
2047 silly placeDep ROOT babel-plugin-polyfill-corejs2@0.4.17 OK for: @babel/preset-env@7.29.3 want: ^0.4.15
2048 silly placeDep ROOT babel-plugin-polyfill-corejs3@0.14.2 OK for: @babel/preset-env@7.29.3 want: ^0.14.0
2049 silly placeDep ROOT babel-plugin-polyfill-regenerator@0.6.8 OK for: @babel/preset-env@7.29.3 want: ^0.6.6
2050 silly placeDep ROOT core-js-compat@3.49.0 OK for: @babel/preset-env@7.29.3 want: ^3.48.0
2051 silly placeDep node_modules/@babel/preset-env semver@6.3.1 OK for: @babel/preset-env@7.29.3 want: ^6.3.1
2052 silly fetch manifest @babel/helper-skip-transparent-expression-wrappers@^7.27.1
2053 silly packumentCache full:https://registry.npmjs.org/@babel%2fhelper-skip-transparent-expression-wrappers cache-miss
2054 silly fetch manifest @babel/plugin-transform-optional-chaining@^7.27.1
2055 silly packumentCache full:https://registry.npmjs.org/@babel%2fplugin-transform-optional-chaining cache-miss
2056 silly fetch manifest @babel/helper-skip-transparent-expression-wrappers@^7.27.1
2057 silly packumentCache full:https://registry.npmjs.org/@babel%2fhelper-skip-transparent-expression-wrappers cache-miss
2058 silly fetch manifest @babel/helper-create-regexp-features-plugin@^7.18.6
2059 silly packumentCache full:https://registry.npmjs.org/@babel%2fhelper-create-regexp-features-plugin cache-miss
2060 silly fetch manifest @babel/helper-remap-async-to-generator@^7.27.1
2061 silly packumentCache full:https://registry.npmjs.org/@babel%2fhelper-remap-async-to-generator cache-miss
2062 silly fetch manifest @babel/helper-remap-async-to-generator@^7.27.1
2063 silly packumentCache full:https://registry.npmjs.org/@babel%2fhelper-remap-async-to-generator cache-miss
2064 silly fetch manifest @babel/helper-create-class-features-plugin@^7.28.6
2065 silly packumentCache full:https://registry.npmjs.org/@babel%2fhelper-create-class-features-plugin cache-miss
2066 http cache https://registry.npmjs.org/@babel%2fplugin-transform-optional-chaining 37ms (cache hit)
2067 silly packumentCache full:https://registry.npmjs.org/@babel%2fplugin-transform-optional-chaining set size:106851 disposed:false
2068 silly fetch manifest @babel/helper-create-class-features-plugin@^7.28.6
2069 silly packumentCache full:https://registry.npmjs.org/@babel%2fhelper-create-class-features-plugin cache-miss
2070 http fetch GET 200 https://registry.npmjs.org/@babel%2fhelper-skip-transparent-expression-wrappers 1017ms (cache miss)
2071 silly packumentCache full:https://registry.npmjs.org/@babel%2fhelper-skip-transparent-expression-wrappers set size:undefined disposed:false
2072 silly fetch manifest @babel/helper-replace-supers@^7.28.6
2073 silly packumentCache full:https://registry.npmjs.org/@babel%2fhelper-replace-supers cache-miss
2074 http fetch GET 200 https://registry.npmjs.org/@babel%2fhelper-skip-transparent-expression-wrappers 1256ms (cache miss)
2075 silly packumentCache full:https://registry.npmjs.org/@babel%2fhelper-skip-transparent-expression-wrappers set size:undefined disposed:false
2076 silly fetch manifest @babel/helper-annotate-as-pure@^7.27.3
2077 silly packumentCache full:https://registry.npmjs.org/@babel%2fhelper-annotate-as-pure cache-miss
2078 http fetch GET 200 https://registry.npmjs.org/@babel%2fhelper-create-regexp-features-plugin 1419ms (cache miss)
2079 silly packumentCache full:https://registry.npmjs.org/@babel%2fhelper-create-regexp-features-plugin set size:undefined disposed:false
2080 silly fetch manifest @babel/helper-create-regexp-features-plugin@^7.28.5
2081 silly packumentCache full:https://registry.npmjs.org/@babel%2fhelper-create-regexp-features-plugin cache-miss
2082 http cache https://registry.npmjs.org/@babel%2fhelper-create-regexp-features-plugin 13ms (cache hit)
2083 silly packumentCache full:https://registry.npmjs.org/@babel%2fhelper-create-regexp-features-plugin set size:178215 disposed:false
2084 silly fetch manifest @babel/helper-replace-supers@^7.27.1
2085 silly packumentCache full:https://registry.npmjs.org/@babel%2fhelper-replace-supers cache-miss
2086 http fetch GET 200 https://registry.npmjs.org/@babel%2fhelper-remap-async-to-generator 1573ms (cache miss)
2087 silly packumentCache full:https://registry.npmjs.org/@babel%2fhelper-remap-async-to-generator set size:undefined disposed:false
2088 silly fetch manifest @babel/helper-create-class-features-plugin@^7.28.6
2089 silly packumentCache full:https://registry.npmjs.org/@babel%2fhelper-create-class-features-plugin cache-miss
2090 http fetch GET 200 https://registry.npmjs.org/@babel%2fhelper-create-class-features-plugin 1956ms (cache miss)
2091 silly packumentCache full:https://registry.npmjs.org/@babel%2fhelper-create-class-features-plugin set size:undefined disposed:false
2092 silly fetch manifest @babel/helper-annotate-as-pure@^7.27.3
2093 silly packumentCache full:https://registry.npmjs.org/@babel%2fhelper-annotate-as-pure cache-miss
2094 http fetch GET 200 https://registry.npmjs.org/@babel%2fhelper-remap-async-to-generator 2014ms (cache miss)
2095 silly packumentCache full:https://registry.npmjs.org/@babel%2fhelper-remap-async-to-generator set size:undefined disposed:false
2096 silly fetch manifest @babel/helper-create-regexp-features-plugin@^7.27.1
2097 silly packumentCache full:https://registry.npmjs.org/@babel%2fhelper-create-regexp-features-plugin cache-hit
2098 silly fetch manifest @babel/helper-define-polyfill-provider@^0.6.8
2099 silly packumentCache full:https://registry.npmjs.org/@babel%2fhelper-define-polyfill-provider cache-miss
2100 http fetch GET 200 https://registry.npmjs.org/@babel%2fhelper-create-class-features-plugin 2406ms (cache miss)
2101 silly packumentCache full:https://registry.npmjs.org/@babel%2fhelper-create-class-features-plugin set size:undefined disposed:false
2102 silly fetch manifest @babel/helper-define-polyfill-provider@^0.6.8
2103 silly packumentCache full:https://registry.npmjs.org/@babel%2fhelper-define-polyfill-provider cache-miss
2104 http fetch GET 200 https://registry.npmjs.org/@babel%2fhelper-annotate-as-pure 1433ms (cache miss)
2105 silly packumentCache full:https://registry.npmjs.org/@babel%2fhelper-annotate-as-pure set size:undefined disposed:false
2106 silly fetch manifest @babel/helper-define-polyfill-provider@^0.6.8
2107 silly packumentCache full:https://registry.npmjs.org/@babel%2fhelper-define-polyfill-provider cache-miss
2108 http fetch GET 200 https://registry.npmjs.org/@babel%2fhelper-replace-supers 1669ms (cache miss)
2109 silly packumentCache full:https://registry.npmjs.org/@babel%2fhelper-replace-supers set size:undefined disposed:false
2110 http fetch GET 200 https://registry.npmjs.org/@babel%2fhelper-annotate-as-pure 997ms (cache miss)
2111 silly packumentCache full:https://registry.npmjs.org/@babel%2fhelper-annotate-as-pure set size:undefined disposed:false
2112 http fetch GET 200 https://registry.npmjs.org/@babel%2fhelper-define-polyfill-provider 847ms (cache miss)
2113 silly packumentCache full:https://registry.npmjs.org/@babel%2fhelper-define-polyfill-provider set size:undefined disposed:false
2114 http fetch GET 200 https://registry.npmjs.org/@babel%2fhelper-replace-supers 1893ms (cache miss)
2115 silly packumentCache full:https://registry.npmjs.org/@babel%2fhelper-replace-supers set size:undefined disposed:false
2116 http fetch GET 200 https://registry.npmjs.org/@babel%2fhelper-define-polyfill-provider 1696ms (cache miss)
2117 silly packumentCache full:https://registry.npmjs.org/@babel%2fhelper-define-polyfill-provider set size:undefined disposed:false
2118 http fetch GET 200 https://registry.npmjs.org/@babel%2fhelper-create-class-features-plugin 2165ms (cache miss)
2119 silly packumentCache full:https://registry.npmjs.org/@babel%2fhelper-create-class-features-plugin set size:undefined disposed:false
2120 http fetch GET 200 https://registry.npmjs.org/@babel%2fhelper-define-polyfill-provider 1077ms (cache miss)
2121 silly packumentCache full:https://registry.npmjs.org/@babel%2fhelper-define-polyfill-provider set size:undefined disposed:false
2122 silly placeDep ROOT @babel/helper-skip-transparent-expression-wrappers@7.27.1 OK for: @babel/plugin-bugfix-safari-rest-destructuring-rhs-array@7.29.3 want: ^7.27.1
2123 silly placeDep ROOT @babel/helper-create-regexp-features-plugin@7.28.5 OK for: @babel/plugin-syntax-unicode-sets-regex@7.18.6 want: ^7.18.6
2124 silly fetch manifest regexpu-core@^6.3.1
2125 silly packumentCache full:https://registry.npmjs.org/regexpu-core cache-miss
2126 http fetch GET 200 https://registry.npmjs.org/regexpu-core 988ms (cache miss)
2127 silly packumentCache full:https://registry.npmjs.org/regexpu-core set size:undefined disposed:false
2128 silly placeDep ROOT @babel/helper-annotate-as-pure@7.27.3 OK for: @babel/helper-create-regexp-features-plugin@7.28.5 want: ^7.27.3
2129 silly placeDep ROOT regexpu-core@6.4.0 OK for: @babel/helper-create-regexp-features-plugin@7.28.5 want: ^6.3.1
2130 silly placeDep node_modules/@babel/helper-create-regexp-features-plugin semver@6.3.1 OK for: @babel/helper-create-regexp-features-plugin@7.28.5 want: ^6.3.1
2131 silly fetch manifest regenerate@^1.4.2
2132 silly packumentCache full:https://registry.npmjs.org/regenerate cache-miss
2133 silly fetch manifest regenerate-unicode-properties@^10.2.2
2134 silly packumentCache full:https://registry.npmjs.org/regenerate-unicode-properties cache-miss
2135 silly fetch manifest regjsgen@^0.8.0
2136 silly packumentCache full:https://registry.npmjs.org/regjsgen cache-miss
2137 silly fetch manifest regjsparser@^0.13.0
2138 silly packumentCache full:https://registry.npmjs.org/regjsparser cache-miss
2139 silly fetch manifest unicode-match-property-ecmascript@^2.0.0
2140 silly packumentCache full:https://registry.npmjs.org/unicode-match-property-ecmascript cache-miss
2141 silly fetch manifest unicode-match-property-value-ecmascript@^2.2.1
2142 silly packumentCache full:https://registry.npmjs.org/unicode-match-property-value-ecmascript cache-miss
2143 http fetch GET 200 https://registry.npmjs.org/unicode-match-property-value-ecmascript 580ms (cache miss)
2144 silly packumentCache full:https://registry.npmjs.org/unicode-match-property-value-ecmascript set size:undefined disposed:false
2145 http fetch GET 200 https://registry.npmjs.org/unicode-match-property-ecmascript 602ms (cache miss)
2146 silly packumentCache full:https://registry.npmjs.org/unicode-match-property-ecmascript set size:undefined disposed:false
2147 http fetch GET 200 https://registry.npmjs.org/regenerate-unicode-properties 788ms (cache miss)
2148 silly packumentCache full:https://registry.npmjs.org/regenerate-unicode-properties set size:undefined disposed:false
2149 http fetch GET 200 https://registry.npmjs.org/regjsparser 793ms (cache miss)
2150 silly packumentCache full:https://registry.npmjs.org/regjsparser set size:undefined disposed:false
2151 http fetch GET 200 https://registry.npmjs.org/regjsgen 1170ms (cache miss)
2152 silly packumentCache full:https://registry.npmjs.org/regjsgen set size:undefined disposed:false
2153 http fetch GET 200 https://registry.npmjs.org/regenerate 2213ms (cache miss)
2154 silly packumentCache full:https://registry.npmjs.org/regenerate set size:undefined disposed:false
2155 silly placeDep ROOT @babel/helper-remap-async-to-generator@7.27.1 OK for: @babel/plugin-transform-async-generator-functions@7.29.0 want: ^7.27.1
2156 silly fetch manifest @babel/helper-wrap-function@^7.27.1
2157 silly packumentCache full:https://registry.npmjs.org/@babel%2fhelper-wrap-function cache-miss
2158 http fetch GET 200 https://registry.npmjs.org/@babel%2fhelper-wrap-function 2288ms (cache miss)
2159 silly packumentCache full:https://registry.npmjs.org/@babel%2fhelper-wrap-function set size:undefined disposed:false
2160 silly placeDep ROOT @babel/helper-wrap-function@7.28.6 OK for: @babel/helper-remap-async-to-generator@7.27.1 want: ^7.27.1
2161 silly placeDep ROOT @babel/helper-create-class-features-plugin@7.29.3 OK for: @babel/plugin-transform-class-properties@7.28.6 want: ^7.28.6
2162 silly fetch manifest @babel/helper-member-expression-to-functions@^7.28.5
2163 silly packumentCache full:https://registry.npmjs.org/@babel%2fhelper-member-expression-to-functions cache-miss
2164 silly fetch manifest @babel/helper-optimise-call-expression@^7.27.1
2165 silly packumentCache full:https://registry.npmjs.org/@babel%2fhelper-optimise-call-expression cache-miss
2166 http fetch GET 200 https://registry.npmjs.org/@babel%2fhelper-optimise-call-expression 1245ms (cache miss)
2167 silly packumentCache full:https://registry.npmjs.org/@babel%2fhelper-optimise-call-expression set size:undefined disposed:false
2168 http fetch GET 200 https://registry.npmjs.org/@babel%2fhelper-member-expression-to-functions 1624ms (cache miss)
2169 silly packumentCache full:https://registry.npmjs.org/@babel%2fhelper-member-expression-to-functions set size:undefined disposed:false
2170 silly placeDep ROOT @babel/helper-member-expression-to-functions@7.28.5 OK for: @babel/helper-create-class-features-plugin@7.29.3 want: ^7.28.5
2171 silly placeDep ROOT @babel/helper-optimise-call-expression@7.27.1 OK for: @babel/helper-create-class-features-plugin@7.29.3 want: ^7.27.1
2172 silly placeDep ROOT @babel/helper-replace-supers@7.28.6 OK for: @babel/helper-create-class-features-plugin@7.29.3 want: ^7.28.6
2173 silly placeDep node_modules/@babel/helper-create-class-features-plugin semver@6.3.1 OK for: @babel/helper-create-class-features-plugin@7.29.3 want: ^6.3.1
2174 silly placeDep ROOT esutils@2.0.3 OK for: @babel/preset-modules@0.1.6-no-external-plugins want: ^2.0.2
2175 silly placeDep ROOT @babel/plugin-transform-react-display-name@7.28.0 OK for: @babel/preset-react@7.28.5 want: ^7.28.0
2176 silly placeDep ROOT @babel/plugin-transform-react-jsx@7.28.6 OK for: @babel/preset-react@7.28.5 want: ^7.27.1
2177 silly placeDep ROOT @babel/plugin-transform-react-jsx-development@7.27.1 OK for: @babel/preset-react@7.28.5 want: ^7.27.1
2178 silly placeDep ROOT @babel/plugin-transform-react-pure-annotations@7.27.1 OK for: @babel/preset-react@7.28.5 want: ^7.27.1
2179 silly fetch manifest @babel/plugin-syntax-jsx@^7.28.6
2180 silly packumentCache full:https://registry.npmjs.org/@babel%2fplugin-syntax-jsx cache-miss
2181 http fetch GET 200 https://registry.npmjs.org/@babel%2fplugin-syntax-jsx 1242ms (cache miss)
2182 silly packumentCache full:https://registry.npmjs.org/@babel%2fplugin-syntax-jsx set size:undefined disposed:false
2183 silly placeDep ROOT @babel/plugin-syntax-jsx@7.28.6 OK for: @babel/plugin-transform-react-jsx@7.28.6 want: ^7.28.6
2184 silly placeDep ROOT cosmiconfig@7.1.0 OK for: @svgr/core@5.5.0 want: ^7.0.0
2185 silly fetch manifest yaml@^1.10.0
2186 silly packumentCache full:https://registry.npmjs.org/yaml cache-miss
2187 silly fetch manifest path-type@^4.0.0
2188 silly packumentCache full:https://registry.npmjs.org/path-type cache-miss
2189 silly fetch manifest parse-json@^5.0.0
2190 silly packumentCache full:https://registry.npmjs.org/parse-json cache-miss
2191 silly fetch manifest import-fresh@^3.2.1
2192 silly packumentCache full:https://registry.npmjs.org/import-fresh cache-miss
2193 silly fetch manifest @types/parse-json@^4.0.0
2194 silly packumentCache full:https://registry.npmjs.org/@types%2fparse-json cache-miss
2195 http fetch GET 200 https://registry.npmjs.org/@types%2fparse-json 261ms (cache miss)
2196 silly packumentCache full:https://registry.npmjs.org/@types%2fparse-json set size:undefined disposed:false
2197 http fetch GET 200 https://registry.npmjs.org/yaml 1718ms (cache miss)
2198 silly packumentCache full:https://registry.npmjs.org/yaml set size:undefined disposed:false
2199 http fetch GET 200 https://registry.npmjs.org/import-fresh 1881ms (cache miss)
2200 silly packumentCache full:https://registry.npmjs.org/import-fresh set size:undefined disposed:false
2201 http fetch GET 200 https://registry.npmjs.org/parse-json 3840ms (cache miss)
2202 silly packumentCache full:https://registry.npmjs.org/parse-json set size:undefined disposed:false
2203 http fetch GET 200 https://registry.npmjs.org/path-type 7375ms (cache miss)
2204 silly packumentCache full:https://registry.npmjs.org/path-type set size:undefined disposed:false
2205 silly placeDep ROOT @svgr/babel-preset@5.5.0 OK for: @svgr/plugin-jsx@5.5.0 want: ^5.5.0
2206 silly placeDep ROOT @svgr/hast-util-to-babel-ast@5.5.0 OK for: @svgr/plugin-jsx@5.5.0 want: ^5.5.0
2207 silly placeDep ROOT svg-parser@2.0.4 OK for: @svgr/plugin-jsx@5.5.0 want: ^2.0.2
2208 silly fetch manifest @svgr/babel-plugin-add-jsx-attribute@^5.4.0
2209 silly packumentCache full:https://registry.npmjs.org/@svgr%2fbabel-plugin-add-jsx-attribute cache-miss
2210 silly fetch manifest @svgr/babel-plugin-remove-jsx-attribute@^5.4.0
2211 silly packumentCache full:https://registry.npmjs.org/@svgr%2fbabel-plugin-remove-jsx-attribute cache-miss
2212 silly fetch manifest @svgr/babel-plugin-remove-jsx-empty-expression@^5.0.1
2213 silly packumentCache full:https://registry.npmjs.org/@svgr%2fbabel-plugin-remove-jsx-empty-expression cache-miss
2214 silly fetch manifest @svgr/babel-plugin-replace-jsx-attribute-value@^5.0.1
2215 silly packumentCache full:https://registry.npmjs.org/@svgr%2fbabel-plugin-replace-jsx-attribute-value cache-miss
2216 silly fetch manifest @svgr/babel-plugin-svg-dynamic-title@^5.4.0
2217 silly packumentCache full:https://registry.npmjs.org/@svgr%2fbabel-plugin-svg-dynamic-title cache-miss
2218 silly fetch manifest @svgr/babel-plugin-svg-em-dimensions@^5.4.0
2219 silly packumentCache full:https://registry.npmjs.org/@svgr%2fbabel-plugin-svg-em-dimensions cache-miss
2220 silly fetch manifest @svgr/babel-plugin-transform-react-native-svg@^5.4.0
2221 silly packumentCache full:https://registry.npmjs.org/@svgr%2fbabel-plugin-transform-react-native-svg cache-miss
2222 http fetch GET 200 https://registry.npmjs.org/@svgr%2fbabel-plugin-replace-jsx-attribute-value 606ms (cache miss)
2223 silly packumentCache full:https://registry.npmjs.org/@svgr%2fbabel-plugin-replace-jsx-attribute-value set size:undefined disposed:false
2224 silly fetch manifest @svgr/babel-plugin-transform-svg-component@^5.5.0
2225 silly packumentCache full:https://registry.npmjs.org/@svgr%2fbabel-plugin-transform-svg-component cache-miss
2226 http fetch GET 200 https://registry.npmjs.org/@svgr%2fbabel-plugin-add-jsx-attribute 857ms (cache miss)
2227 silly packumentCache full:https://registry.npmjs.org/@svgr%2fbabel-plugin-add-jsx-attribute set size:undefined disposed:false
2228 http fetch GET 200 https://registry.npmjs.org/@svgr%2fbabel-plugin-transform-react-native-svg 1013ms (cache miss)
2229 silly packumentCache full:https://registry.npmjs.org/@svgr%2fbabel-plugin-transform-react-native-svg set size:undefined disposed:false
2230 http fetch GET 200 https://registry.npmjs.org/@svgr%2fbabel-plugin-svg-dynamic-title 1590ms (cache miss)
2231 silly packumentCache full:https://registry.npmjs.org/@svgr%2fbabel-plugin-svg-dynamic-title set size:undefined disposed:false
2232 http fetch GET 200 https://registry.npmjs.org/@svgr%2fbabel-plugin-remove-jsx-empty-expression 1628ms (cache miss)
2233 silly packumentCache full:https://registry.npmjs.org/@svgr%2fbabel-plugin-remove-jsx-empty-expression set size:undefined disposed:false
2234 http fetch GET 200 https://registry.npmjs.org/@svgr%2fbabel-plugin-remove-jsx-attribute 1650ms (cache miss)
2235 silly packumentCache full:https://registry.npmjs.org/@svgr%2fbabel-plugin-remove-jsx-attribute set size:undefined disposed:false
2236 http fetch GET 200 https://registry.npmjs.org/@svgr%2fbabel-plugin-svg-em-dimensions 2382ms (cache miss)
2237 silly packumentCache full:https://registry.npmjs.org/@svgr%2fbabel-plugin-svg-em-dimensions set size:undefined disposed:false
2238 http fetch GET 200 https://registry.npmjs.org/@svgr%2fbabel-plugin-transform-svg-component 2205ms (cache miss)
2239 silly packumentCache full:https://registry.npmjs.org/@svgr%2fbabel-plugin-transform-svg-component set size:undefined disposed:false
2240 silly placeDep ROOT @svgr/babel-plugin-add-jsx-attribute@5.4.0 OK for: @svgr/babel-preset@5.5.0 want: ^5.4.0
2241 silly placeDep ROOT @svgr/babel-plugin-remove-jsx-attribute@5.4.0 OK for: @svgr/babel-preset@5.5.0 want: ^5.4.0
2242 silly placeDep ROOT @svgr/babel-plugin-remove-jsx-empty-expression@5.0.1 OK for: @svgr/babel-preset@5.5.0 want: ^5.0.1
2243 silly placeDep ROOT @svgr/babel-plugin-replace-jsx-attribute-value@5.0.1 OK for: @svgr/babel-preset@5.5.0 want: ^5.0.1
2244 silly placeDep ROOT @svgr/babel-plugin-svg-dynamic-title@5.4.0 OK for: @svgr/babel-preset@5.5.0 want: ^5.4.0
2245 silly placeDep ROOT @svgr/babel-plugin-svg-em-dimensions@5.4.0 OK for: @svgr/babel-preset@5.5.0 want: ^5.4.0
2246 silly placeDep ROOT @svgr/babel-plugin-transform-react-native-svg@5.4.0 OK for: @svgr/babel-preset@5.5.0 want: ^5.4.0
2247 silly placeDep ROOT @svgr/babel-plugin-transform-svg-component@5.5.0 OK for: @svgr/babel-preset@5.5.0 want: ^5.5.0
2248 silly placeDep ROOT deepmerge@4.3.1 OK for: @svgr/plugin-svgo@5.5.0 want: ^4.2.2
2249 silly placeDep ROOT svgo@1.3.2 OK for: @svgr/plugin-svgo@5.5.0 want: ^1.2.2
2250 silly fetch manifest coa@^2.0.2
2251 silly packumentCache full:https://registry.npmjs.org/coa cache-miss
2252 silly fetch manifest sax@~1.2.4
2253 silly packumentCache full:https://registry.npmjs.org/sax cache-miss
2254 silly fetch manifest csso@^4.0.2
2255 silly packumentCache full:https://registry.npmjs.org/csso cache-miss
2256 silly fetch manifest chalk@^2.4.1
2257 silly packumentCache full:https://registry.npmjs.org/chalk cache-hit
2258 silly fetch manifest mkdirp@~0.5.1
2259 silly packumentCache full:https://registry.npmjs.org/mkdirp cache-miss
2260 silly fetch manifest stable@^0.1.8
2261 silly packumentCache full:https://registry.npmjs.org/stable cache-miss
2262 silly fetch manifest js-yaml@^3.13.1
2263 silly packumentCache full:https://registry.npmjs.org/js-yaml cache-hit
2264 silly fetch manifest unquote@~1.1.1
2265 silly packumentCache full:https://registry.npmjs.org/unquote cache-miss
2266 silly fetch manifest css-tree@1.0.0-alpha.37
2267 silly packumentCache full:https://registry.npmjs.org/css-tree cache-miss
2268 http fetch GET 200 https://registry.npmjs.org/stable 781ms (cache miss)
2269 silly packumentCache full:https://registry.npmjs.org/stable set size:undefined disposed:false
2270 silly fetch manifest css-select@^2.0.0
2271 silly packumentCache full:https://registry.npmjs.org/css-select cache-miss
2272 http fetch GET 200 https://registry.npmjs.org/unquote 770ms (cache miss)
2273 silly packumentCache full:https://registry.npmjs.org/unquote set size:undefined disposed:false
2274 silly fetch manifest object.values@^1.1.0
2275 silly packumentCache full:https://registry.npmjs.org/object.values cache-miss
2276 http fetch GET 200 https://registry.npmjs.org/coa 1316ms (cache miss)
2277 silly packumentCache full:https://registry.npmjs.org/coa set size:undefined disposed:false
2278 silly fetch manifest util.promisify@~1.0.0
2279 silly packumentCache full:https://registry.npmjs.org/util.promisify cache-miss
2280 http fetch GET 200 https://registry.npmjs.org/sax 1631ms (cache miss)
2281 silly packumentCache full:https://registry.npmjs.org/sax set size:undefined disposed:false
2282 silly fetch manifest css-select-base-adapter@^0.1.1
2283 silly packumentCache full:https://registry.npmjs.org/css-select-base-adapter cache-miss
2284 http fetch GET 200 https://registry.npmjs.org/css-tree 2199ms (cache miss)
2285 silly packumentCache full:https://registry.npmjs.org/css-tree set size:undefined disposed:false
2286 http fetch GET 200 https://registry.npmjs.org/util.promisify 949ms (cache miss)
2287 silly packumentCache full:https://registry.npmjs.org/util.promisify set size:undefined disposed:false
2288 http fetch GET 200 https://registry.npmjs.org/css-select 1497ms (cache miss)
2289 silly packumentCache full:https://registry.npmjs.org/css-select set size:undefined disposed:false
2290 http fetch GET 200 https://registry.npmjs.org/css-select-base-adapter 682ms (cache miss)
2291 silly packumentCache full:https://registry.npmjs.org/css-select-base-adapter set size:undefined disposed:false
2292 http fetch GET 200 https://registry.npmjs.org/csso 3143ms (cache miss)
2293 silly packumentCache full:https://registry.npmjs.org/csso set size:undefined disposed:false
2294 http fetch GET 200 https://registry.npmjs.org/object.values 2537ms (cache miss)
2295 silly packumentCache full:https://registry.npmjs.org/object.values set size:undefined disposed:false
