0 verbose cli /data/data/com.termux/files/usr/bin/node /data/data/com.termux/files/usr/bin/npm
1 info using npm@11.13.0
2 info using node@v25.8.2
3 silly config load:file:/data/data/com.termux/files/usr/lib/node_modules/npm/npmrc
4 silly config load:file:/data/data/com.termux/files/home/nexus-ai/frontend/canvas/.npmrc
5 silly config load:file:/data/data/com.termux/files/home/.npmrc
6 silly config load:file:/data/data/com.termux/files/usr/etc/npmrc
7 verbose title npm install
8 verbose argv "install" "--legacy-peer-deps"
9 verbose logfile logs-max:10 dir:/data/data/com.termux/files/home/.npm/_logs/2026-05-04T21_38_53_625Z-
10 verbose logfile /data/data/com.termux/files/home/.npm/_logs/2026-05-04T21_38_53_625Z-debug-0.log
11 silly logfile start cleaning logs, removing 1 files
12 silly packumentCache heap:1089470464 maxSize:272367616 maxEntrySize:136183808
13 silly logfile done cleaning log files
14 silly idealTree buildDeps
15 silly fetch manifest react@^18.2.0
16 silly packumentCache full:https://registry.npmjs.org/react cache-miss
17 http fetch GET 200 https://registry.npmjs.org/react 11324ms (cache miss)
18 silly packumentCache full:https://registry.npmjs.org/react set size:undefined disposed:false
19 silly fetch manifest react-dom@^18.2.0
20 silly packumentCache full:https://registry.npmjs.org/react-dom cache-miss
21 http fetch GET 200 https://registry.npmjs.org/react-dom 5915ms (cache miss)
22 silly packumentCache full:https://registry.npmjs.org/react-dom set size:undefined disposed:false
23 silly fetch manifest react-scripts@5.0.1
24 silly packumentCache full:https://registry.npmjs.org/react-scripts cache-miss
25 http fetch GET 200 https://registry.npmjs.org/react-scripts 1038ms (cache miss)
26 silly packumentCache full:https://registry.npmjs.org/react-scripts set size:undefined disposed:false
27 silly placeDep ROOT react@18.3.1 OK for: nexus-canvas@1.0.0 want: ^18.2.0
28 silly placeDep ROOT react-dom@18.3.1 OK for: nexus-canvas@1.0.0 want: ^18.2.0
29 silly placeDep ROOT react-scripts@5.0.1 OK for: nexus-canvas@1.0.0 want: 5.0.1
30 silly fetch manifest loose-envify@^1.1.0
31 silly packumentCache full:https://registry.npmjs.org/loose-envify cache-miss
32 silly fetch manifest scheduler@^0.23.2
33 silly packumentCache full:https://registry.npmjs.org/scheduler cache-miss
34 silly fetch manifest loose-envify@^1.1.0
35 silly packumentCache full:https://registry.npmjs.org/loose-envify cache-miss
36 silly fetch manifest bfj@^7.0.2
37 silly packumentCache full:https://registry.npmjs.org/bfj cache-miss
38 silly fetch manifest jest@^27.4.3
39 silly packumentCache full:https://registry.npmjs.org/jest cache-miss
40 silly fetch manifest dotenv@^10.0.0
41 silly packumentCache full:https://registry.npmjs.org/dotenv cache-miss
42 silly fetch manifest eslint@^8.3.0
43 silly packumentCache full:https://registry.npmjs.org/eslint cache-miss
44 http fetch GET 200 https://registry.npmjs.org/loose-envify 310ms (cache miss)
45 silly packumentCache full:https://registry.npmjs.org/loose-envify set size:undefined disposed:false
46 silly fetch manifest semver@^7.3.5
47 silly packumentCache full:https://registry.npmjs.org/semver cache-miss
48 http fetch GET 200 https://registry.npmjs.org/semver 1048ms (cache miss)
49 silly packumentCache full:https://registry.npmjs.org/semver set size:undefined disposed:false
50 silly fetch manifest postcss@^8.4.4
51 silly packumentCache full:https://registry.npmjs.org/postcss cache-miss
52 http fetch GET 200 https://registry.npmjs.org/jest 2093ms (cache miss)
53 silly packumentCache full:https://registry.npmjs.org/jest set size:undefined disposed:false
54 silly fetch manifest prompts@^2.4.2
55 silly packumentCache full:https://registry.npmjs.org/prompts cache-miss
56 http fetch GET 200 https://registry.npmjs.org/eslint 2291ms (cache miss)
57 silly packumentCache full:https://registry.npmjs.org/eslint set size:undefined disposed:false
58 silly fetch manifest resolve@^1.20.0
59 silly packumentCache full:https://registry.npmjs.org/resolve cache-miss
60 http fetch GET 200 https://registry.npmjs.org/prompts 1020ms (cache miss)
61 silly packumentCache full:https://registry.npmjs.org/prompts set size:undefined disposed:false
62 silly fetch manifest webpack@^5.64.4
63 silly packumentCache full:https://registry.npmjs.org/webpack cache-miss
64 http fetch GET 200 https://registry.npmjs.org/postcss 1843ms (cache miss)
65 silly packumentCache full:https://registry.npmjs.org/postcss set size:undefined disposed:false
66 silly fetch manifest fs-extra@^10.0.0
67 silly packumentCache full:https://registry.npmjs.org/fs-extra cache-miss
68 http fetch GET 200 https://registry.npmjs.org/resolve 812ms (cache miss)
69 silly packumentCache full:https://registry.npmjs.org/resolve set size:undefined disposed:false
70 silly fetch manifest camelcase@^6.2.1
71 silly packumentCache full:https://registry.npmjs.org/camelcase cache-miss
72 http fetch GET 200 https://registry.npmjs.org/camelcase 344ms (cache revalidated)
73 silly packumentCache full:https://registry.npmjs.org/camelcase set size:60255 disposed:false
74 silly fetch manifest babel-jest@^27.4.2
75 silly packumentCache full:https://registry.npmjs.org/babel-jest cache-miss
76 http fetch GET 200 https://registry.npmjs.org/bfj 4210ms (cache miss)
77 silly packumentCache full:https://registry.npmjs.org/bfj set size:undefined disposed:false
78 silly fetch manifest css-loader@^6.5.1
79 silly packumentCache full:https://registry.npmjs.org/css-loader cache-miss
80 http fetch GET 200 https://registry.npmjs.org/dotenv 4248ms (cache miss)
81 silly packumentCache full:https://registry.npmjs.org/dotenv set size:undefined disposed:false
82 silly fetch manifest @babel/core@^7.16.0
83 silly packumentCache full:https://registry.npmjs.org/@babel%2fcore cache-miss
84 http fetch GET 200 https://registry.npmjs.org/fs-extra 1158ms (cache miss)
85 silly packumentCache full:https://registry.npmjs.org/fs-extra set size:undefined disposed:false
86 silly fetch manifest file-loader@^6.2.0
87 silly packumentCache full:https://registry.npmjs.org/file-loader cache-miss
88 http fetch GET 200 https://registry.npmjs.org/scheduler 4804ms (cache miss)
89 silly packumentCache full:https://registry.npmjs.org/scheduler set size:undefined disposed:false
90 silly fetch manifest sass-loader@^12.3.0
91 silly packumentCache full:https://registry.npmjs.org/sass-loader cache-miss
92 http fetch GET 200 https://registry.npmjs.org/loose-envify 5000ms (cache miss)
93 silly packumentCache full:https://registry.npmjs.org/loose-envify set size:undefined disposed:false
94 silly fetch manifest tailwindcss@^3.0.2
95 silly packumentCache full:https://registry.npmjs.org/tailwindcss cache-miss
96 http fetch GET 200 https://registry.npmjs.org/babel-jest 1418ms (cache miss)
97 silly packumentCache full:https://registry.npmjs.org/babel-jest set size:undefined disposed:false
98 silly fetch manifest babel-loader@^8.2.3
99 silly packumentCache full:https://registry.npmjs.org/babel-loader cache-miss
100 http fetch GET 200 https://registry.npmjs.org/css-loader 930ms (cache miss)
101 silly packumentCache full:https://registry.npmjs.org/css-loader set size:undefined disposed:false
102 silly fetch manifest browserslist@^4.18.1
103 silly packumentCache full:https://registry.npmjs.org/browserslist cache-miss
104 http fetch GET 200 https://registry.npmjs.org/webpack 1999ms (cache miss)
105 silly packumentCache full:https://registry.npmjs.org/webpack set size:undefined disposed:false
106 silly fetch manifest jest-resolve@^27.4.2
107 silly packumentCache full:https://registry.npmjs.org/jest-resolve cache-miss
108 http fetch GET 200 https://registry.npmjs.org/file-loader 1317ms (cache miss)
109 silly packumentCache full:https://registry.npmjs.org/file-loader set size:undefined disposed:false
110 silly fetch manifest style-loader@^3.3.1
111 silly packumentCache full:https://registry.npmjs.org/style-loader cache-miss
112 http fetch GET 200 https://registry.npmjs.org/@babel%2fcore 2051ms (cache miss)
113 silly packumentCache full:https://registry.npmjs.org/@babel%2fcore set size:undefined disposed:false
114 silly fetch manifest @svgr/webpack@^5.5.0
115 silly packumentCache full:https://registry.npmjs.org/@svgr%2fwebpack cache-miss
116 http fetch GET 200 https://registry.npmjs.org/sass-loader 1416ms (cache miss)
117 silly packumentCache full:https://registry.npmjs.org/sass-loader set size:undefined disposed:false
118 silly fetch manifest dotenv-expand@^5.1.0
119 silly packumentCache full:https://registry.npmjs.org/dotenv-expand cache-miss
120 http fetch GET 200 https://registry.npmjs.org/babel-loader 1334ms (cache miss)
121 silly packumentCache full:https://registry.npmjs.org/babel-loader set size:undefined disposed:false
122 silly fetch manifest react-refresh@^0.11.0
123 silly packumentCache full:https://registry.npmjs.org/react-refresh cache-miss
124 http fetch GET 200 https://registry.npmjs.org/browserslist 1373ms (cache miss)
125 silly packumentCache full:https://registry.npmjs.org/browserslist set size:undefined disposed:false
126 silly fetch manifest postcss-loader@^6.2.1
127 silly packumentCache full:https://registry.npmjs.org/postcss-loader cache-miss
128 http fetch GET 200 https://registry.npmjs.org/style-loader 850ms (cache miss)
129 silly packumentCache full:https://registry.npmjs.org/style-loader set size:undefined disposed:false
130 silly fetch manifest react-dev-utils@^12.0.1
131 silly packumentCache full:https://registry.npmjs.org/react-dev-utils cache-miss
132 http fetch GET 200 https://registry.npmjs.org/jest-resolve 1199ms (cache miss)
133 silly packumentCache full:https://registry.npmjs.org/jest-resolve set size:undefined disposed:false
134 silly fetch manifest postcss-normalize@^10.0.1
135 silly packumentCache full:https://registry.npmjs.org/postcss-normalize cache-miss
136 http fetch GET 200 https://registry.npmjs.org/dotenv-expand 477ms (cache miss)
137 silly packumentCache full:https://registry.npmjs.org/dotenv-expand set size:undefined disposed:false
138 silly fetch manifest source-map-loader@^3.0.0
139 silly packumentCache full:https://registry.npmjs.org/source-map-loader cache-miss
140 http fetch GET 200 https://registry.npmjs.org/@svgr%2fwebpack 858ms (cache miss)
141 silly packumentCache full:https://registry.npmjs.org/@svgr%2fwebpack set size:undefined disposed:false
142 silly fetch manifest identity-obj-proxy@^3.0.0
143 silly packumentCache full:https://registry.npmjs.org/identity-obj-proxy cache-miss
144 http fetch GET 200 https://registry.npmjs.org/postcss-loader 716ms (cache miss)
145 silly packumentCache full:https://registry.npmjs.org/postcss-loader set size:undefined disposed:false
146 silly fetch manifest postcss-preset-env@^7.0.1
147 silly packumentCache full:https://registry.npmjs.org/postcss-preset-env cache-miss
148 http fetch GET 200 https://registry.npmjs.org/postcss-normalize 1099ms (cache miss)
149 silly packumentCache full:https://registry.npmjs.org/postcss-normalize set size:undefined disposed:false
150 silly fetch manifest react-app-polyfill@^3.0.0
151 silly packumentCache full:https://registry.npmjs.org/react-app-polyfill cache-miss
152 http fetch GET 200 https://registry.npmjs.org/source-map-loader 996ms (cache miss)
153 silly packumentCache full:https://registry.npmjs.org/source-map-loader set size:undefined disposed:false
154 silly fetch manifest resolve-url-loader@^4.0.0
155 silly packumentCache full:https://registry.npmjs.org/resolve-url-loader cache-miss
156 http fetch GET 200 https://registry.npmjs.org/identity-obj-proxy 796ms (cache miss)
157 silly packumentCache full:https://registry.npmjs.org/identity-obj-proxy set size:undefined disposed:false
158 silly fetch manifest webpack-dev-server@^4.6.0
159 silly packumentCache full:https://registry.npmjs.org/webpack-dev-server cache-miss
160 http fetch GET 200 https://registry.npmjs.org/postcss-preset-env 1031ms (cache miss)
161 silly packumentCache full:https://registry.npmjs.org/postcss-preset-env set size:undefined disposed:false
162 silly fetch manifest html-webpack-plugin@^5.5.0
163 silly packumentCache full:https://registry.npmjs.org/html-webpack-plugin cache-miss
164 http fetch GET 200 https://registry.npmjs.org/react-dev-utils 1768ms (cache miss)
165 silly packumentCache full:https://registry.npmjs.org/react-dev-utils set size:undefined disposed:false
166 silly fetch manifest jest-watch-typeahead@^1.0.0
167 silly packumentCache full:https://registry.npmjs.org/jest-watch-typeahead cache-miss
168 http fetch GET 200 https://registry.npmjs.org/react-app-polyfill 747ms (cache miss)
169 silly packumentCache full:https://registry.npmjs.org/react-app-polyfill set size:undefined disposed:false
170 silly fetch manifest eslint-webpack-plugin@^3.1.1
171 silly packumentCache full:https://registry.npmjs.org/eslint-webpack-plugin cache-miss
172 http fetch GET 200 https://registry.npmjs.org/resolve-url-loader 777ms (cache miss)
173 silly packumentCache full:https://registry.npmjs.org/resolve-url-loader set size:undefined disposed:false
174 silly fetch manifest terser-webpack-plugin@^5.2.5
175 silly packumentCache full:https://registry.npmjs.org/terser-webpack-plugin cache-miss
176 http fetch GET 200 https://registry.npmjs.org/tailwindcss 3910ms (cache miss)
177 silly packumentCache full:https://registry.npmjs.org/tailwindcss set size:undefined disposed:false
178 silly fetch manifest babel-preset-react-app@^10.0.1
179 silly packumentCache full:https://registry.npmjs.org/babel-preset-react-app cache-miss
180 http fetch GET 200 https://registry.npmjs.org/webpack-dev-server 1253ms (cache miss)
181 silly packumentCache full:https://registry.npmjs.org/webpack-dev-server set size:undefined disposed:false
182 silly fetch manifest postcss-flexbugs-fixes@^5.0.2
183 silly packumentCache full:https://registry.npmjs.org/postcss-flexbugs-fixes cache-miss
184 http fetch GET 200 https://registry.npmjs.org/jest-watch-typeahead 922ms (cache miss)
185 silly packumentCache full:https://registry.npmjs.org/jest-watch-typeahead set size:undefined disposed:false
186 silly fetch manifest workbox-webpack-plugin@^6.4.1
187 silly packumentCache full:https://registry.npmjs.org/workbox-webpack-plugin cache-miss
188 http fetch GET 200 https://registry.npmjs.org/eslint-webpack-plugin 812ms (cache miss)
189 silly packumentCache full:https://registry.npmjs.org/eslint-webpack-plugin set size:undefined disposed:false
190 silly fetch manifest eslint-config-react-app@^7.0.1
191 silly packumentCache full:https://registry.npmjs.org/eslint-config-react-app cache-miss
192 http fetch GET 200 https://registry.npmjs.org/html-webpack-plugin 984ms (cache miss)
193 silly packumentCache full:https://registry.npmjs.org/html-webpack-plugin set size:undefined disposed:false
194 silly fetch manifest mini-css-extract-plugin@^2.4.5
195 silly packumentCache full:https://registry.npmjs.org/mini-css-extract-plugin cache-miss
196 http fetch GET 200 https://registry.npmjs.org/postcss-flexbugs-fixes 747ms (cache miss)
197 silly packumentCache full:https://registry.npmjs.org/postcss-flexbugs-fixes set size:undefined disposed:false
198 silly fetch manifest webpack-manifest-plugin@^4.0.2
199 silly packumentCache full:https://registry.npmjs.org/webpack-manifest-plugin cache-miss
200 http fetch GET 200 https://registry.npmjs.org/mini-css-extract-plugin 900ms (cache miss)
201 silly packumentCache full:https://registry.npmjs.org/mini-css-extract-plugin set size:undefined disposed:false
202 silly fetch manifest css-minimizer-webpack-plugin@^3.2.0
203 silly packumentCache full:https://registry.npmjs.org/css-minimizer-webpack-plugin cache-miss
204 http fetch GET 200 https://registry.npmjs.org/eslint-config-react-app 975ms (cache miss)
205 silly packumentCache full:https://registry.npmjs.org/eslint-config-react-app set size:undefined disposed:false
206 silly fetch manifest babel-plugin-named-asset-import@^0.3.8
207 silly packumentCache full:https://registry.npmjs.org/babel-plugin-named-asset-import cache-miss
208 http fetch GET 200 https://registry.npmjs.org/terser-webpack-plugin 1741ms (cache miss)
209 silly packumentCache full:https://registry.npmjs.org/terser-webpack-plugin set size:undefined disposed:false
210 silly fetch manifest case-sensitive-paths-webpack-plugin@^2.4.0
211 silly packumentCache full:https://registry.npmjs.org/case-sensitive-paths-webpack-plugin cache-miss
212 http fetch GET 200 https://registry.npmjs.org/workbox-webpack-plugin 1131ms (cache miss)
213 silly packumentCache full:https://registry.npmjs.org/workbox-webpack-plugin set size:undefined disposed:false
214 silly fetch manifest @pmmmwh/react-refresh-webpack-plugin@^0.5.3
215 silly packumentCache full:https://registry.npmjs.org/@pmmmwh%2freact-refresh-webpack-plugin cache-miss
216 http fetch GET 200 https://registry.npmjs.org/webpack-manifest-plugin 1084ms (cache miss)
217 silly packumentCache full:https://registry.npmjs.org/webpack-manifest-plugin set size:undefined disposed:false
218 silly fetch manifest fsevents@^2.3.2
219 silly packumentCache full:https://registry.npmjs.org/fsevents cache-miss
220 http fetch GET 200 https://registry.npmjs.org/case-sensitive-paths-webpack-plugin 727ms (cache miss)
221 silly packumentCache full:https://registry.npmjs.org/case-sensitive-paths-webpack-plugin set size:undefined disposed:false
222 http fetch GET 200 https://registry.npmjs.org/@pmmmwh%2freact-refresh-webpack-plugin 797ms (cache miss)
223 silly packumentCache full:https://registry.npmjs.org/@pmmmwh%2freact-refresh-webpack-plugin set size:undefined disposed:false
224 http fetch GET 200 https://registry.npmjs.org/css-minimizer-webpack-plugin 1257ms (cache miss)
225 silly packumentCache full:https://registry.npmjs.org/css-minimizer-webpack-plugin set size:undefined disposed:false
226 http fetch GET 200 https://registry.npmjs.org/babel-preset-react-app 2389ms (cache miss)
227 silly packumentCache full:https://registry.npmjs.org/babel-preset-react-app set size:undefined disposed:false
228 http fetch GET 200 https://registry.npmjs.org/fsevents 738ms (cache miss)
229 silly packumentCache full:https://registry.npmjs.org/fsevents set size:undefined disposed:false
230 http fetch GET 200 https://registry.npmjs.org/babel-plugin-named-asset-import 1583ms (cache miss)
231 silly packumentCache full:https://registry.npmjs.org/babel-plugin-named-asset-import set size:undefined disposed:false
232 http fetch GET 200 https://registry.npmjs.org/react-refresh 8666ms (cache miss)
233 silly packumentCache full:https://registry.npmjs.org/react-refresh set size:undefined disposed:false
234 silly placeDep ROOT loose-envify@1.4.0 OK for: react@18.3.1 want: ^1.1.0
235 silly fetch manifest js-tokens@^3.0.0 || ^4.0.0
236 silly packumentCache full:https://registry.npmjs.org/js-tokens cache-miss
237 http fetch GET 200 https://registry.npmjs.org/js-tokens 800ms (cache miss)
238 silly packumentCache full:https://registry.npmjs.org/js-tokens set size:undefined disposed:false
239 silly placeDep ROOT js-tokens@4.0.0 OK for: loose-envify@1.4.0 want: ^3.0.0 || ^4.0.0
240 silly placeDep ROOT scheduler@0.23.2 OK for: react-dom@18.3.1 want: ^0.23.2
241 silly placeDep ROOT @babel/core@7.29.0 OK for: react-scripts@5.0.1 want: ^7.16.0
242 silly placeDep ROOT @pmmmwh/react-refresh-webpack-plugin@0.5.17 OK for: react-scripts@5.0.1 want: ^0.5.3
243 silly placeDep ROOT @svgr/webpack@5.5.0 OK for: react-scripts@5.0.1 want: ^5.5.0
244 silly placeDep ROOT babel-jest@27.5.1 OK for: react-scripts@5.0.1 want: ^27.4.2
245 silly placeDep ROOT babel-loader@8.4.1 OK for: react-scripts@5.0.1 want: ^8.2.3
246 silly placeDep ROOT babel-plugin-named-asset-import@0.3.8 OK for: react-scripts@5.0.1 want: ^0.3.8
247 silly placeDep ROOT babel-preset-react-app@10.1.0 OK for: react-scripts@5.0.1 want: ^10.0.1
248 silly placeDep ROOT bfj@7.1.0 OK for: react-scripts@5.0.1 want: ^7.0.2
249 silly placeDep ROOT browserslist@4.28.2 OK for: react-scripts@5.0.1 want: ^4.18.1
250 silly placeDep ROOT camelcase@6.3.0 OK for: react-scripts@5.0.1 want: ^6.2.1
251 silly placeDep ROOT case-sensitive-paths-webpack-plugin@2.4.0 OK for: react-scripts@5.0.1 want: ^2.4.0
252 silly placeDep ROOT css-loader@6.11.0 OK for: react-scripts@5.0.1 want: ^6.5.1
253 silly placeDep ROOT css-minimizer-webpack-plugin@3.4.1 OK for: react-scripts@5.0.1 want: ^3.2.0
254 silly placeDep ROOT dotenv@10.0.0 OK for: react-scripts@5.0.1 want: ^10.0.0
255 silly placeDep ROOT dotenv-expand@5.1.0 OK for: react-scripts@5.0.1 want: ^5.1.0
256 silly placeDep ROOT eslint@8.57.1 OK for: react-scripts@5.0.1 want: ^8.3.0
257 silly placeDep ROOT eslint-config-react-app@7.0.1 OK for: react-scripts@5.0.1 want: ^7.0.1
258 silly placeDep ROOT eslint-webpack-plugin@3.2.0 OK for: react-scripts@5.0.1 want: ^3.1.1
259 silly placeDep ROOT file-loader@6.2.0 OK for: react-scripts@5.0.1 want: ^6.2.0
260 silly placeDep ROOT fs-extra@10.1.0 OK for: react-scripts@5.0.1 want: ^10.0.0
261 silly placeDep ROOT fsevents@2.3.3 OK for: react-scripts@5.0.1 want: ^2.3.2
262 silly placeDep ROOT html-webpack-plugin@5.6.7 OK for: react-scripts@5.0.1 want: ^5.5.0
263 silly placeDep ROOT identity-obj-proxy@3.0.0 OK for: react-scripts@5.0.1 want: ^3.0.0
264 silly placeDep ROOT jest@27.5.1 OK for: react-scripts@5.0.1 want: ^27.4.3
265 silly placeDep ROOT jest-resolve@27.5.1 OK for: react-scripts@5.0.1 want: ^27.4.2
266 silly placeDep ROOT jest-watch-typeahead@1.1.0 OK for: react-scripts@5.0.1 want: ^1.0.0
267 silly placeDep ROOT mini-css-extract-plugin@2.10.2 OK for: react-scripts@5.0.1 want: ^2.4.5
268 silly placeDep ROOT postcss@8.5.14 OK for: react-scripts@5.0.1 want: ^8.4.4
269 silly placeDep ROOT postcss-flexbugs-fixes@5.0.2 OK for: react-scripts@5.0.1 want: ^5.0.2
270 silly placeDep ROOT postcss-loader@6.2.1 OK for: react-scripts@5.0.1 want: ^6.2.1
271 silly placeDep ROOT postcss-normalize@10.0.1 OK for: react-scripts@5.0.1 want: ^10.0.1
272 silly placeDep ROOT postcss-preset-env@7.8.3 OK for: react-scripts@5.0.1 want: ^7.0.1
273 silly placeDep ROOT prompts@2.4.2 OK for: react-scripts@5.0.1 want: ^2.4.2
274 silly placeDep ROOT react-app-polyfill@3.0.0 OK for: react-scripts@5.0.1 want: ^3.0.0
275 silly placeDep ROOT react-dev-utils@12.0.1 OK for: react-scripts@5.0.1 want: ^12.0.1
276 silly placeDep ROOT react-refresh@0.11.0 OK for: react-scripts@5.0.1 want: ^0.11.0
277 silly placeDep ROOT resolve@1.22.12 OK for: react-scripts@5.0.1 want: ^1.20.0
278 silly placeDep ROOT resolve-url-loader@4.0.0 OK for: react-scripts@5.0.1 want: ^4.0.0
279 silly placeDep ROOT sass-loader@12.6.0 OK for: react-scripts@5.0.1 want: ^12.3.0
280 silly placeDep ROOT semver@7.7.4 OK for: react-scripts@5.0.1 want: ^7.3.5
281 silly placeDep ROOT source-map-loader@3.0.2 OK for: react-scripts@5.0.1 want: ^3.0.0
282 silly placeDep ROOT style-loader@3.3.4 OK for: react-scripts@5.0.1 want: ^3.3.1
283 silly placeDep ROOT tailwindcss@3.4.19 OK for: react-scripts@5.0.1 want: ^3.0.2
284 silly placeDep ROOT terser-webpack-plugin@5.5.0 OK for: react-scripts@5.0.1 want: ^5.2.5
285 silly placeDep ROOT webpack@5.106.2 OK for: react-scripts@5.0.1 want: ^5.64.4
286 silly placeDep ROOT webpack-dev-server@4.15.2 OK for: react-scripts@5.0.1 want: ^4.6.0
287 silly placeDep ROOT webpack-manifest-plugin@4.1.1 OK for: react-scripts@5.0.1 want: ^4.0.2
288 silly placeDep ROOT workbox-webpack-plugin@6.6.0 OK for: react-scripts@5.0.1 want: ^6.4.1
289 silly fetch manifest debug@^4.1.0
290 silly packumentCache full:https://registry.npmjs.org/debug cache-miss
291 silly fetch manifest json5@^2.2.3
292 silly packumentCache full:https://registry.npmjs.org/json5 cache-miss
293 silly fetch manifest semver@^6.3.1
294 silly packumentCache full:https://registry.npmjs.org/semver cache-miss
295 silly fetch manifest gensync@^1.0.0-beta.2
296 silly packumentCache full:https://registry.npmjs.org/gensync cache-miss
297 silly fetch manifest @babel/types@^7.29.0
298 silly packumentCache full:https://registry.npmjs.org/@babel%2ftypes cache-miss
299 silly fetch manifest @babel/parser@^7.29.0
300 silly packumentCache full:https://registry.npmjs.org/@babel%2fparser cache-miss
301 silly fetch manifest @babel/helpers@^7.28.6
302 silly packumentCache full:https://registry.npmjs.org/@babel%2fhelpers cache-miss
303 http cache https://registry.npmjs.org/semver 54ms (cache hit)
304 silly packumentCache full:https://registry.npmjs.org/semver set size:229571 disposed:false
305 silly fetch manifest @babel/template@^7.28.6
306 silly packumentCache full:https://registry.npmjs.org/@babel%2ftemplate cache-miss
307 http fetch GET 200 https://registry.npmjs.org/debug 317ms (cache revalidated)
308 silly packumentCache full:https://registry.npmjs.org/debug set size:195840 disposed:false
309 silly fetch manifest @babel/traverse@^7.29.0
310 silly packumentCache full:https://registry.npmjs.org/@babel%2ftraverse cache-miss
311 http fetch GET 200 https://registry.npmjs.org/@babel%2ftypes 731ms (cache miss)
312 silly packumentCache full:https://registry.npmjs.org/@babel%2ftypes set size:undefined disposed:false
313 silly fetch manifest @babel/generator@^7.29.0
314 silly packumentCache full:https://registry.npmjs.org/@babel%2fgenerator cache-miss
315 http fetch GET 200 https://registry.npmjs.org/gensync 906ms (cache miss)
316 silly packumentCache full:https://registry.npmjs.org/gensync set size:undefined disposed:false
317 silly fetch manifest @babel/code-frame@^7.29.0
318 silly packumentCache full:https://registry.npmjs.org/@babel%2fcode-frame cache-miss
319 http fetch GET 200 https://registry.npmjs.org/json5 1356ms (cache miss)
320 silly packumentCache full:https://registry.npmjs.org/json5 set size:undefined disposed:false
321 silly fetch manifest convert-source-map@^2.0.0
322 silly packumentCache full:https://registry.npmjs.org/convert-source-map cache-miss
323 http fetch GET 200 https://registry.npmjs.org/@babel%2fhelpers 1570ms (cache miss)
324 silly packumentCache full:https://registry.npmjs.org/@babel%2fhelpers set size:undefined disposed:false
325 silly fetch manifest @jridgewell/remapping@^2.3.5
326 silly packumentCache full:https://registry.npmjs.org/@jridgewell%2fremapping cache-miss
327 http fetch GET 200 https://registry.npmjs.org/@babel%2fcode-frame 778ms (cache miss)
328 silly packumentCache full:https://registry.npmjs.org/@babel%2fcode-frame set size:undefined disposed:false
329 silly fetch manifest @babel/helper-module-transforms@^7.28.6
330 silly packumentCache full:https://registry.npmjs.org/@babel%2fhelper-module-transforms cache-miss
331 http fetch GET 200 https://registry.npmjs.org/@babel%2ftraverse 1562ms (cache miss)
332 silly packumentCache full:https://registry.npmjs.org/@babel%2ftraverse set size:undefined disposed:false
333 silly fetch manifest @babel/helper-compilation-targets@^7.28.6
334 silly packumentCache full:https://registry.npmjs.org/@babel%2fhelper-compilation-targets cache-miss
335 http fetch GET 200 https://registry.npmjs.org/@babel%2fgenerator 1238ms (cache miss)
336 silly packumentCache full:https://registry.npmjs.org/@babel%2fgenerator set size:undefined disposed:false
337 silly fetch manifest ansi-html@^0.0.9
338 silly packumentCache full:https://registry.npmjs.org/ansi-html cache-miss
339 http fetch GET 200 https://registry.npmjs.org/@jridgewell%2fremapping 533ms (cache miss)
340 silly packumentCache full:https://registry.npmjs.org/@jridgewell%2fremapping set size:undefined disposed:false
341 silly fetch manifest source-map@^0.7.3
342 silly packumentCache full:https://registry.npmjs.org/source-map cache-miss
343 http fetch GET 200 https://registry.npmjs.org/@babel%2fparser 2223ms (cache miss)
344 silly packumentCache full:https://registry.npmjs.org/@babel%2fparser set size:undefined disposed:false
345 silly fetch manifest core-js-pure@^3.23.3
346 silly packumentCache full:https://registry.npmjs.org/core-js-pure cache-miss
347 http fetch GET 200 https://registry.npmjs.org/convert-source-map 902ms (cache miss)
348 silly packumentCache full:https://registry.npmjs.org/convert-source-map set size:undefined disposed:false
349 silly fetch manifest loader-utils@^2.0.4
350 silly packumentCache full:https://registry.npmjs.org/loader-utils cache-miss
351 http fetch GET 200 https://registry.npmjs.org/@babel%2ftemplate 2244ms (cache miss)
352 silly packumentCache full:https://registry.npmjs.org/@babel%2ftemplate set size:undefined disposed:false
353 silly fetch manifest schema-utils@^4.2.0
354 silly packumentCache full:https://registry.npmjs.org/schema-utils cache-miss
355 http fetch GET 200 https://registry.npmjs.org/@babel%2fhelper-compilation-targets 781ms (cache miss)
356 silly packumentCache full:https://registry.npmjs.org/@babel%2fhelper-compilation-targets set size:undefined disposed:false
357 silly fetch manifest html-entities@^2.1.0
358 silly packumentCache full:https://registry.npmjs.org/html-entities cache-miss
359 http fetch GET 200 https://registry.npmjs.org/source-map 658ms (cache miss)
360 silly packumentCache full:https://registry.npmjs.org/source-map set size:undefined disposed:false
361 silly fetch manifest error-stack-parser@^2.0.6
362 silly packumentCache full:https://registry.npmjs.org/error-stack-parser cache-miss
363 http fetch GET 200 https://registry.npmjs.org/schema-utils 855ms (cache miss)
364 silly packumentCache full:https://registry.npmjs.org/schema-utils set size:undefined disposed:false
365 silly fetch manifest @babel/plugin-transform-react-constant-elements@^7.12.1
366 silly packumentCache full:https://registry.npmjs.org/@babel%2fplugin-transform-react-constant-elements cache-miss
367 http fetch GET 200 https://registry.npmjs.org/loader-utils 1120ms (cache miss)
368 silly packumentCache full:https://registry.npmjs.org/loader-utils set size:undefined disposed:false
369 silly fetch manifest @babel/preset-env@^7.12.1
370 silly packumentCache full:https://registry.npmjs.org/@babel%2fpreset-env cache-miss
371 http fetch GET 200 https://registry.npmjs.org/error-stack-parser 606ms (cache miss)
372 silly packumentCache full:https://registry.npmjs.org/error-stack-parser set size:undefined disposed:false
373 silly fetch manifest @babel/preset-react@^7.12.5
374 silly packumentCache full:https://registry.npmjs.org/@babel%2fpreset-react cache-miss
375 http fetch GET 200 https://registry.npmjs.org/@babel%2fhelper-module-transforms 1785ms (cache miss)
376 silly packumentCache full:https://registry.npmjs.org/@babel%2fhelper-module-transforms set size:undefined disposed:false
377 silly fetch manifest @svgr/core@^5.5.0
378 silly packumentCache full:https://registry.npmjs.org/@svgr%2fcore cache-miss
379 http fetch GET 200 https://registry.npmjs.org/html-entities 831ms (cache miss)
380 silly packumentCache full:https://registry.npmjs.org/html-entities set size:undefined disposed:false
381 silly fetch manifest @svgr/plugin-jsx@^5.5.0
382 silly packumentCache full:https://registry.npmjs.org/@svgr%2fplugin-jsx cache-miss
383 http fetch GET 200 https://registry.npmjs.org/core-js-pure 1390ms (cache miss)
384 silly packumentCache full:https://registry.npmjs.org/core-js-pure set size:undefined disposed:false
385 silly fetch manifest @svgr/plugin-svgo@^5.5.0
386 silly packumentCache full:https://registry.npmjs.org/@svgr%2fplugin-svgo cache-miss
387 http fetch GET 200 https://registry.npmjs.org/@svgr%2fplugin-svgo 562ms (cache miss)
388 silly packumentCache full:https://registry.npmjs.org/@svgr%2fplugin-svgo set size:undefined disposed:false
389 silly fetch manifest loader-utils@^2.0.0
390 silly packumentCache full:https://registry.npmjs.org/loader-utils cache-miss
391 http fetch GET 200 https://registry.npmjs.org/@svgr%2fplugin-jsx 689ms (cache miss)
392 silly packumentCache full:https://registry.npmjs.org/@svgr%2fplugin-jsx set size:undefined disposed:false
393 silly fetch manifest chalk@^4.0.0
394 silly packumentCache full:https://registry.npmjs.org/chalk cache-miss
395 http cache https://registry.npmjs.org/loader-utils 23ms (cache hit)
396 silly packumentCache full:https://registry.npmjs.org/loader-utils set size:168663 disposed:false
397 silly fetch manifest slash@^3.0.0
398 silly packumentCache full:https://registry.npmjs.org/slash cache-miss
399 http fetch GET 200 https://registry.npmjs.org/chalk 284ms (cache revalidated)
400 silly packumentCache full:https://registry.npmjs.org/chalk set size:117861 disposed:false
401 silly fetch manifest @jest/types@^27.5.1
402 silly packumentCache full:https://registry.npmjs.org/@jest%2ftypes cache-miss
403 http fetch GET 200 https://registry.npmjs.org/slash 277ms (cache miss)
404 silly packumentCache full:https://registry.npmjs.org/slash set size:undefined disposed:false
405 silly fetch manifest graceful-fs@^4.2.9
406 silly packumentCache full:https://registry.npmjs.org/graceful-fs cache-miss
407 http fetch GET 200 https://registry.npmjs.org/@babel%2fpreset-react 1320ms (cache miss)
408 silly packumentCache full:https://registry.npmjs.org/@babel%2fpreset-react set size:undefined disposed:false
409 silly fetch manifest @jest/transform@^27.5.1
410 silly packumentCache full:https://registry.npmjs.org/@jest%2ftransform cache-miss
411 http fetch GET 200 https://registry.npmjs.org/@babel%2fplugin-transform-react-constant-elements 1660ms (cache miss)
412 silly packumentCache full:https://registry.npmjs.org/@babel%2fplugin-transform-react-constant-elements set size:undefined disposed:false
413 silly fetch manifest babel-preset-jest@^27.5.1
414 silly packumentCache full:https://registry.npmjs.org/babel-preset-jest cache-miss
415 http fetch GET 200 https://registry.npmjs.org/@svgr%2fcore 1370ms (cache miss)
416 silly packumentCache full:https://registry.npmjs.org/@svgr%2fcore set size:undefined disposed:false
417 silly fetch manifest @types/babel__core@^7.1.14
418 silly packumentCache full:https://registry.npmjs.org/@types%2fbabel__core cache-miss
419 http fetch GET 200 https://registry.npmjs.org/graceful-fs 405ms (cache miss)
420 silly packumentCache full:https://registry.npmjs.org/graceful-fs set size:undefined disposed:false
421 silly fetch manifest babel-plugin-istanbul@^6.1.1
422 silly packumentCache full:https://registry.npmjs.org/babel-plugin-istanbul cache-miss
423 http fetch GET 200 https://registry.npmjs.org/@types%2fbabel__core 615ms (cache miss)
424 silly packumentCache full:https://registry.npmjs.org/@types%2fbabel__core set size:undefined disposed:false
425 silly fetch manifest make-dir@^3.1.0
426 silly packumentCache full:https://registry.npmjs.org/make-dir cache-miss
427 http fetch GET 200 https://registry.npmjs.org/ansi-html 3948ms (cache miss)
428 silly packumentCache full:https://registry.npmjs.org/ansi-html set size:undefined disposed:false
429 silly fetch manifest schema-utils@^2.6.5
430 silly packumentCache full:https://registry.npmjs.org/schema-utils cache-miss
431 http cache https://registry.npmjs.org/schema-utils 8ms (cache hit)
432 silly packumentCache full:https://registry.npmjs.org/schema-utils set size:166563 disposed:false
433 silly fetch manifest find-cache-dir@^3.3.1
434 silly packumentCache full:https://registry.npmjs.org/find-cache-dir cache-miss
435 http fetch GET 200 https://registry.npmjs.org/@babel%2fpreset-env 2677ms (cache miss)
436 silly packumentCache full:https://registry.npmjs.org/@babel%2fpreset-env set size:undefined disposed:false
437 silly fetch manifest @babel/plugin-proposal-class-properties@^7.16.0
438 silly packumentCache full:https://registry.npmjs.org/@babel%2fplugin-proposal-class-properties cache-miss
439 http fetch GET 200 https://registry.npmjs.org/babel-plugin-istanbul 1208ms (cache miss)
440 silly packumentCache full:https://registry.npmjs.org/babel-plugin-istanbul set size:undefined disposed:false
441 silly fetch manifest @babel/plugin-proposal-decorators@^7.16.4
442 silly packumentCache full:https://registry.npmjs.org/@babel%2fplugin-proposal-decorators cache-miss
443 http fetch GET 200 https://registry.npmjs.org/find-cache-dir 316ms (cache miss)
444 silly packumentCache full:https://registry.npmjs.org/find-cache-dir set size:undefined disposed:false
445 silly fetch manifest @babel/plugin-proposal-nullish-coalescing-operator@^7.16.0
446 silly packumentCache full:https://registry.npmjs.org/@babel%2fplugin-proposal-nullish-coalescing-operator cache-miss
447 http fetch GET 200 https://registry.npmjs.org/make-dir 807ms (cache miss)
448 silly packumentCache full:https://registry.npmjs.org/make-dir set size:undefined disposed:false
449 silly fetch manifest @babel/plugin-proposal-numeric-separator@^7.16.0
450 silly packumentCache full:https://registry.npmjs.org/@babel%2fplugin-proposal-numeric-separator cache-miss
451 http fetch GET 200 https://registry.npmjs.org/babel-preset-jest 1503ms (cache miss)
452 silly packumentCache full:https://registry.npmjs.org/babel-preset-jest set size:undefined disposed:false
453 silly fetch manifest @babel/plugin-proposal-optional-chaining@^7.16.0
454 silly packumentCache full:https://registry.npmjs.org/@babel%2fplugin-proposal-optional-chaining cache-miss
455 http fetch GET 200 https://registry.npmjs.org/@babel%2fplugin-proposal-numeric-separator 627ms (cache miss)
456 silly packumentCache full:https://registry.npmjs.org/@babel%2fplugin-proposal-numeric-separator set size:undefined disposed:false
457 silly fetch manifest @babel/plugin-proposal-private-methods@^7.16.0
458 silly packumentCache full:https://registry.npmjs.org/@babel%2fplugin-proposal-private-methods cache-miss
459 http fetch GET 200 https://registry.npmjs.org/@babel%2fplugin-proposal-optional-chaining 1185ms (cache miss)
460 silly packumentCache full:https://registry.npmjs.org/@babel%2fplugin-proposal-optional-chaining set size:undefined disposed:false
461 silly fetch manifest @babel/plugin-proposal-private-property-in-object@^7.16.7
462 silly packumentCache full:https://registry.npmjs.org/@babel%2fplugin-proposal-private-property-in-object cache-miss
463 http fetch GET 200 https://registry.npmjs.org/@jest%2ftransform 3047ms (cache miss)
464 silly packumentCache full:https://registry.npmjs.org/@jest%2ftransform set size:undefined disposed:false
465 silly fetch manifest @babel/plugin-transform-flow-strip-types@^7.16.0
466 silly packumentCache full:https://registry.npmjs.org/@babel%2fplugin-transform-flow-strip-types cache-miss
467 http fetch GET 200 https://registry.npmjs.org/@babel%2fplugin-proposal-class-properties 1813ms (cache miss)
468 silly packumentCache full:https://registry.npmjs.org/@babel%2fplugin-proposal-class-properties set size:undefined disposed:false
469 silly fetch manifest @babel/plugin-transform-react-display-name@^7.16.0
470 silly packumentCache full:https://registry.npmjs.org/@babel%2fplugin-transform-react-display-name cache-miss
471 http fetch GET 200 https://registry.npmjs.org/@babel%2fplugin-proposal-private-methods 1186ms (cache miss)
472 silly packumentCache full:https://registry.npmjs.org/@babel%2fplugin-proposal-private-methods set size:undefined disposed:false
473 silly fetch manifest @babel/plugin-transform-runtime@^7.16.4
474 silly packumentCache full:https://registry.npmjs.org/@babel%2fplugin-transform-runtime cache-miss
475 http fetch GET 200 https://registry.npmjs.org/@babel%2fplugin-transform-react-display-name 903ms (cache miss)
476 silly packumentCache full:https://registry.npmjs.org/@babel%2fplugin-transform-react-display-name set size:undefined disposed:false
477 silly fetch manifest @babel/preset-env@^7.16.4
478 silly packumentCache full:https://registry.npmjs.org/@babel%2fpreset-env cache-miss
479 http cache https://registry.npmjs.org/@babel%2fpreset-env 16ms (cache hit)
480 silly packumentCache full:https://registry.npmjs.org/@babel%2fpreset-env set size:1168184 disposed:false
481 silly fetch manifest @babel/preset-react@^7.16.0
482 silly packumentCache full:https://registry.npmjs.org/@babel%2fpreset-react cache-miss
483 http fetch GET 200 https://registry.npmjs.org/@babel%2fplugin-proposal-private-property-in-object 1331ms (cache miss)
484 silly packumentCache full:https://registry.npmjs.org/@babel%2fplugin-proposal-private-property-in-object set size:undefined disposed:false
485 silly fetch manifest @babel/preset-typescript@^7.16.0
486 silly packumentCache full:https://registry.npmjs.org/@babel%2fpreset-typescript cache-miss
487 http cache https://registry.npmjs.org/@babel%2fpreset-react 55ms (cache hit)
488 silly packumentCache full:https://registry.npmjs.org/@babel%2fpreset-react set size:252756 disposed:false
489 silly fetch manifest @babel/runtime@^7.16.3
490 silly packumentCache full:https://registry.npmjs.org/@babel%2fruntime cache-miss
491 http fetch GET 200 https://registry.npmjs.org/@babel%2fplugin-proposal-decorators 2969ms (cache miss)
492 silly packumentCache full:https://registry.npmjs.org/@babel%2fplugin-proposal-decorators set size:undefined disposed:false
493 silly fetch manifest babel-plugin-macros@^3.1.0
494 silly packumentCache full:https://registry.npmjs.org/babel-plugin-macros cache-miss
495 http fetch GET 200 https://registry.npmjs.org/@jest%2ftypes 4955ms (cache miss)
496 silly packumentCache full:https://registry.npmjs.org/@jest%2ftypes set size:undefined disposed:false
497 silly fetch manifest babel-plugin-transform-react-remove-prop-types@^0.4.24
498 silly packumentCache full:https://registry.npmjs.org/babel-plugin-transform-react-remove-prop-types cache-miss
499 http fetch GET 200 https://registry.npmjs.org/@babel%2fplugin-transform-flow-strip-types 1900ms (cache miss)
500 silly packumentCache full:https://registry.npmjs.org/@babel%2fplugin-transform-flow-strip-types set size:undefined disposed:false
501 silly fetch manifest hoopy@^0.1.4
502 silly packumentCache full:https://registry.npmjs.org/hoopy cache-miss
503 http fetch GET 200 https://registry.npmjs.org/babel-plugin-transform-react-remove-prop-types 740ms (cache miss)
504 silly packumentCache full:https://registry.npmjs.org/babel-plugin-transform-react-remove-prop-types set size:undefined disposed:false
505 silly fetch manifest tryer@^1.0.1
506 silly packumentCache full:https://registry.npmjs.org/tryer cache-miss
507 http fetch GET 200 https://registry.npmjs.org/babel-plugin-macros 1281ms (cache miss)
508 silly packumentCache full:https://registry.npmjs.org/babel-plugin-macros set size:undefined disposed:false
509 silly fetch manifest bluebird@^3.7.2
510 silly packumentCache full:https://registry.npmjs.org/bluebird cache-miss
511 http fetch GET 200 https://registry.npmjs.org/@babel%2fpreset-typescript 1681ms (cache miss)
512 silly packumentCache full:https://registry.npmjs.org/@babel%2fpreset-typescript set size:undefined disposed:false
513 silly fetch manifest jsonpath@^1.1.1
514 silly packumentCache full:https://registry.npmjs.org/jsonpath cache-miss
515 http fetch GET 200 https://registry.npmjs.org/tryer 508ms (cache miss)
516 silly packumentCache full:https://registry.npmjs.org/tryer set size:undefined disposed:false
517 silly fetch manifest check-types@^11.2.3
518 silly packumentCache full:https://registry.npmjs.org/check-types cache-miss
519 http fetch GET 200 https://registry.npmjs.org/hoopy 1403ms (cache miss)
520 silly packumentCache full:https://registry.npmjs.org/hoopy set size:undefined disposed:false
521 silly fetch manifest baseline-browser-mapping@^2.10.12
522 silly packumentCache full:https://registry.npmjs.org/baseline-browser-mapping cache-miss
523 http fetch GET 200 https://registry.npmjs.org/@babel%2fplugin-transform-runtime 3154ms (cache miss)
524 silly packumentCache full:https://registry.npmjs.org/@babel%2fplugin-transform-runtime set size:undefined disposed:false
525 silly fetch manifest caniuse-lite@^1.0.30001782
526 silly packumentCache full:https://registry.npmjs.org/caniuse-lite cache-miss
527 http fetch GET 200 https://registry.npmjs.org/bluebird 1175ms (cache miss)
528 silly packumentCache full:https://registry.npmjs.org/bluebird set size:undefined disposed:false
529 silly fetch manifest electron-to-chromium@^1.5.328
530 silly packumentCache full:https://registry.npmjs.org/electron-to-chromium cache-miss
531 http fetch GET 200 https://registry.npmjs.org/check-types 956ms (cache miss)
532 silly packumentCache full:https://registry.npmjs.org/check-types set size:undefined disposed:false
533 silly fetch manifest node-releases@^2.0.36
534 silly packumentCache full:https://registry.npmjs.org/node-releases cache-miss
535 http fetch GET 200 https://registry.npmjs.org/baseline-browser-mapping 1128ms (cache miss)
536 silly packumentCache full:https://registry.npmjs.org/baseline-browser-mapping set size:undefined disposed:false
537 silly fetch manifest update-browserslist-db@^1.2.3
538 silly packumentCache full:https://registry.npmjs.org/update-browserslist-db cache-miss
539 http fetch GET 200 https://registry.npmjs.org/jsonpath 2013ms (cache miss)
540 silly packumentCache full:https://registry.npmjs.org/jsonpath set size:undefined disposed:false
541 silly fetch manifest semver@^7.5.4
542 silly packumentCache full:https://registry.npmjs.org/semver cache-hit
543 silly fetch manifest postcss@^8.4.33
544 silly packumentCache full:https://registry.npmjs.org/postcss cache-miss
545 http cache https://registry.npmjs.org/postcss 14ms (cache hit)
546 silly packumentCache full:https://registry.npmjs.org/postcss set size:720302 disposed:false
547 silly fetch manifest icss-utils@^5.1.0
548 silly packumentCache full:https://registry.npmjs.org/icss-utils cache-miss
549 http fetch GET 200 https://registry.npmjs.org/update-browserslist-db 526ms (cache miss)
550 silly packumentCache full:https://registry.npmjs.org/update-browserslist-db set size:undefined disposed:false
551 silly fetch manifest postcss-value-parser@^4.2.0
552 silly packumentCache full:https://registry.npmjs.org/postcss-value-parser cache-miss
553 http fetch GET 200 https://registry.npmjs.org/node-releases 1165ms (cache miss)
554 silly packumentCache full:https://registry.npmjs.org/node-releases set size:undefined disposed:false
555 silly fetch manifest postcss-modules-scope@^3.2.0
556 silly packumentCache full:https://registry.npmjs.org/postcss-modules-scope cache-miss
557 http fetch GET 200 https://registry.npmjs.org/icss-utils 481ms (cache miss)
558 silly packumentCache full:https://registry.npmjs.org/icss-utils set size:undefined disposed:false
559 silly fetch manifest postcss-modules-values@^4.0.0
560 silly packumentCache full:https://registry.npmjs.org/postcss-modules-values cache-miss
561 http fetch GET 200 https://registry.npmjs.org/postcss-value-parser 599ms (cache miss)
562 silly packumentCache full:https://registry.npmjs.org/postcss-value-parser set size:undefined disposed:false
563 silly fetch manifest postcss-modules-extract-imports@^3.1.0
564 silly packumentCache full:https://registry.npmjs.org/postcss-modules-extract-imports cache-miss
565 http fetch GET 200 https://registry.npmjs.org/@babel%2fruntime 4637ms (cache miss)
566 silly packumentCache full:https://registry.npmjs.org/@babel%2fruntime set size:undefined disposed:false
567 silly fetch manifest postcss-modules-local-by-default@^4.0.5
568 silly packumentCache full:https://registry.npmjs.org/postcss-modules-local-by-default cache-miss
569 http fetch GET 200 https://registry.npmjs.org/postcss-modules-scope 811ms (cache miss)
570 silly packumentCache full:https://registry.npmjs.org/postcss-modules-scope set size:undefined disposed:false
571 silly fetch manifest cssnano@^5.0.6
572 silly packumentCache full:https://registry.npmjs.org/cssnano cache-miss
573 http fetch GET 200 https://registry.npmjs.org/postcss-modules-values 679ms (cache miss)
574 silly packumentCache full:https://registry.npmjs.org/postcss-modules-values set size:undefined disposed:false
575 silly fetch manifest postcss@^8.3.5
576 silly packumentCache full:https://registry.npmjs.org/postcss cache-hit
577 silly fetch manifest source-map@^0.6.1
578 silly packumentCache full:https://registry.npmjs.org/source-map cache-miss
579 http cache https://registry.npmjs.org/source-map 11ms (cache hit)
580 silly packumentCache full:https://registry.npmjs.org/source-map set size:226141 disposed:false
581 silly fetch manifest jest-worker@^27.0.2
582 silly packumentCache full:https://registry.npmjs.org/jest-worker cache-miss
583 http fetch GET 200 https://registry.npmjs.org/@babel%2fplugin-proposal-nullish-coalescing-operator 7750ms (cache miss)
584 silly packumentCache full:https://registry.npmjs.org/@babel%2fplugin-proposal-nullish-coalescing-operator set size:undefined disposed:false
585 silly fetch manifest schema-utils@^4.0.0
586 silly packumentCache full:https://registry.npmjs.org/schema-utils cache-hit
587 silly fetch manifest serialize-javascript@^6.0.0
588 silly packumentCache full:https://registry.npmjs.org/serialize-javascript cache-miss
589 http fetch GET 200 https://registry.npmjs.org/postcss-modules-extract-imports 1245ms (cache miss)
590 silly packumentCache full:https://registry.npmjs.org/postcss-modules-extract-imports set size:undefined disposed:false
591 silly fetch manifest ajv@^6.12.4
592 silly packumentCache full:https://registry.npmjs.org/ajv cache-miss
593 http fetch GET 200 https://registry.npmjs.org/ajv 293ms (cache revalidated)
594 silly packumentCache full:https://registry.npmjs.org/ajv set size:1142658 disposed:false
595 silly fetch manifest levn@^0.4.1
596 silly packumentCache full:https://registry.npmjs.org/levn cache-miss
597 http fetch GET 200 https://registry.npmjs.org/serialize-javascript 973ms (cache miss)
598 silly packumentCache full:https://registry.npmjs.org/serialize-javascript set size:undefined disposed:false
599 silly fetch manifest debug@^4.3.2
600 silly packumentCache full:https://registry.npmjs.org/debug cache-hit
601 silly fetch manifest espree@^9.6.1
602 silly packumentCache full:https://registry.npmjs.org/espree cache-miss
603 http fetch GET 200 https://registry.npmjs.org/postcss-modules-local-by-default 1438ms (cache miss)
604 silly packumentCache full:https://registry.npmjs.org/postcss-modules-local-by-default set size:undefined disposed:false
605 silly fetch manifest ignore@^5.2.0
606 silly packumentCache full:https://registry.npmjs.org/ignore cache-miss
607 http fetch GET 200 https://registry.npmjs.org/cssnano 1589ms (cache miss)
608 silly packumentCache full:https://registry.npmjs.org/cssnano set size:undefined disposed:false
609 silly fetch manifest esquery@^1.4.2
610 silly packumentCache full:https://registry.npmjs.org/esquery cache-miss
611 http fetch GET 200 https://registry.npmjs.org/levn 594ms (cache miss)
612 silly packumentCache full:https://registry.npmjs.org/levn set size:undefined disposed:false
613 silly fetch manifest esutils@^2.0.2
614 silly packumentCache full:https://registry.npmjs.org/esutils cache-miss
615 http fetch GET 200 https://registry.npmjs.org/esquery 748ms (cache miss)
616 silly packumentCache full:https://registry.npmjs.org/esquery set size:undefined disposed:false
617 silly fetch manifest find-up@^5.0.0
618 silly packumentCache full:https://registry.npmjs.org/find-up cache-miss
619 http fetch GET 200 https://registry.npmjs.org/espree 1112ms (cache miss)
620 silly packumentCache full:https://registry.npmjs.org/espree set size:undefined disposed:false
621 silly fetch manifest globals@^13.19.0
622 silly packumentCache full:https://registry.npmjs.org/globals cache-miss
623 http fetch GET 200 https://registry.npmjs.org/esutils 837ms (cache miss)
624 silly packumentCache full:https://registry.npmjs.org/esutils set size:undefined disposed:false
625 silly fetch manifest is-glob@^4.0.0
626 silly packumentCache full:https://registry.npmjs.org/is-glob cache-miss
627 http fetch GET 200 https://registry.npmjs.org/ignore 1668ms (cache miss)
628 silly packumentCache full:https://registry.npmjs.org/ignore set size:undefined disposed:false
629 silly fetch manifest js-yaml@^4.1.0
630 silly packumentCache full:https://registry.npmjs.org/js-yaml cache-miss
631 http fetch GET 200 https://registry.npmjs.org/find-up 1094ms (cache miss)
632 silly packumentCache full:https://registry.npmjs.org/find-up set size:undefined disposed:false
633 silly fetch manifest doctrine@^3.0.0
634 silly packumentCache full:https://registry.npmjs.org/doctrine cache-miss
635 http fetch GET 200 https://registry.npmjs.org/is-glob 751ms (cache miss)
636 silly packumentCache full:https://registry.npmjs.org/is-glob set size:undefined disposed:false
637 silly fetch manifest graphemer@^1.4.0
638 silly packumentCache full:https://registry.npmjs.org/graphemer cache-miss
639 http fetch GET 200 https://registry.npmjs.org/globals 1295ms (cache miss)
640 silly packumentCache full:https://registry.npmjs.org/globals set size:undefined disposed:false
641 silly fetch manifest minimatch@^3.1.2
642 silly packumentCache full:https://registry.npmjs.org/minimatch cache-miss
643 http fetch GET 200 https://registry.npmjs.org/doctrine 374ms (cache miss)
644 silly packumentCache full:https://registry.npmjs.org/doctrine set size:undefined disposed:false
645 silly fetch manifest @eslint/js@8.57.1
646 silly packumentCache full:https://registry.npmjs.org/@eslint%2fjs cache-miss
647 http fetch GET 200 https://registry.npmjs.org/graphemer 462ms (cache miss)
648 silly packumentCache full:https://registry.npmjs.org/graphemer set size:undefined disposed:false
649 silly fetch manifest optionator@^0.9.3
650 silly packumentCache full:https://registry.npmjs.org/optionator cache-miss
651 http fetch GET 200 https://registry.npmjs.org/js-yaml 887ms (cache miss)
652 silly packumentCache full:https://registry.npmjs.org/js-yaml set size:undefined disposed:false
653 silly fetch manifest strip-ansi@^6.0.1
654 silly packumentCache full:https://registry.npmjs.org/strip-ansi cache-miss
655 http fetch GET 200 https://registry.npmjs.org/minimatch 280ms (cache revalidated)
656 silly packumentCache full:https://registry.npmjs.org/minimatch set size:375282 disposed:false
657 silly fetch manifest text-table@^0.2.0
658 silly packumentCache full:https://registry.npmjs.org/text-table cache-miss
659 http fetch GET 200 https://registry.npmjs.org/jest-worker 4251ms (cache miss)
660 silly packumentCache full:https://registry.npmjs.org/jest-worker set size:undefined disposed:false
661 silly fetch manifest cross-spawn@^7.0.2
662 silly packumentCache full:https://registry.npmjs.org/cross-spawn cache-miss
663 http fetch GET 200 https://registry.npmjs.org/@eslint%2fjs 640ms (cache miss)
664 silly packumentCache full:https://registry.npmjs.org/@eslint%2fjs set size:undefined disposed:false
665 silly fetch manifest glob-parent@^6.0.2
666 silly packumentCache full:https://registry.npmjs.org/glob-parent cache-miss
667 http fetch GET 200 https://registry.npmjs.org/cross-spawn 269ms (cache revalidated)
668 silly packumentCache full:https://registry.npmjs.org/cross-spawn set size:109066 disposed:false
669 silly fetch manifest imurmurhash@^0.1.4
670 silly packumentCache full:https://registry.npmjs.org/imurmurhash cache-miss
671 http fetch GET 200 https://registry.npmjs.org/text-table 918ms (cache miss)
672 silly packumentCache full:https://registry.npmjs.org/text-table set size:undefined disposed:false
673 silly fetch manifest eslint-scope@^7.2.2
674 silly packumentCache full:https://registry.npmjs.org/eslint-scope cache-miss
675 http fetch GET 200 https://registry.npmjs.org/glob-parent 515ms (cache miss)
676 silly packumentCache full:https://registry.npmjs.org/glob-parent set size:undefined disposed:false
677 silly fetch manifest lodash.merge@^4.6.2
678 silly packumentCache full:https://registry.npmjs.org/lodash.merge cache-miss
679 http fetch GET 200 https://registry.npmjs.org/imurmurhash 830ms (cache miss)
680 silly packumentCache full:https://registry.npmjs.org/imurmurhash set size:undefined disposed:false
681 silly fetch manifest is-path-inside@^3.0.3
682 silly packumentCache full:https://registry.npmjs.org/is-path-inside cache-miss
683 http fetch GET 200 https://registry.npmjs.org/lodash.merge 536ms (cache miss)
684 silly packumentCache full:https://registry.npmjs.org/lodash.merge set size:undefined disposed:false
685 silly fetch manifest fast-deep-equal@^3.1.3
686 silly packumentCache full:https://registry.npmjs.org/fast-deep-equal cache-miss
687 http fetch GET 200 https://registry.npmjs.org/fast-deep-equal 240ms (cache revalidated)
688 silly packumentCache full:https://registry.npmjs.org/fast-deep-equal set size:48634 disposed:false
689 silly fetch manifest natural-compare@^1.4.0
690 silly packumentCache full:https://registry.npmjs.org/natural-compare cache-miss
691 http fetch GET 200 https://registry.npmjs.org/optionator 1876ms (cache miss)
692 silly packumentCache full:https://registry.npmjs.org/optionator set size:undefined disposed:false
693 silly fetch manifest @eslint/eslintrc@^2.1.4
694 silly packumentCache full:https://registry.npmjs.org/@eslint%2feslintrc cache-miss
695 http fetch GET 200 https://registry.npmjs.org/is-path-inside 637ms (cache miss)
696 silly packumentCache full:https://registry.npmjs.org/is-path-inside set size:undefined disposed:false
697 silly fetch manifest @nodelib/fs.walk@^1.2.8
698 silly packumentCache full:https://registry.npmjs.org/@nodelib%2ffs.walk cache-miss
699 http fetch GET 200 https://registry.npmjs.org/natural-compare 598ms (cache miss)
700 silly packumentCache full:https://registry.npmjs.org/natural-compare set size:undefined disposed:false
701 silly fetch manifest file-entry-cache@^6.0.1
702 silly packumentCache full:https://registry.npmjs.org/file-entry-cache cache-miss
703 http fetch GET 200 https://registry.npmjs.org/eslint-scope 1581ms (cache miss)
704 silly packumentCache full:https://registry.npmjs.org/eslint-scope set size:undefined disposed:false
705 silly fetch manifest eslint-visitor-keys@^3.4.3
706 silly packumentCache full:https://registry.npmjs.org/eslint-visitor-keys cache-miss
707 http fetch GET 200 https://registry.npmjs.org/@eslint%2feslintrc 854ms (cache miss)
708 silly packumentCache full:https://registry.npmjs.org/@eslint%2feslintrc set size:undefined disposed:false
709 silly fetch manifest escape-string-regexp@^4.0.0
710 silly packumentCache full:https://registry.npmjs.org/escape-string-regexp cache-miss
711 http fetch GET 200 https://registry.npmjs.org/@nodelib%2ffs.walk 728ms (cache miss)
712 silly packumentCache full:https://registry.npmjs.org/@nodelib%2ffs.walk set size:undefined disposed:false
713 silly fetch manifest @ungap/structured-clone@^1.2.0
714 silly packumentCache full:https://registry.npmjs.org/@ungap%2fstructured-clone cache-miss
715 http fetch GET 200 https://registry.npmjs.org/@ungap%2fstructured-clone 864ms (cache miss)
716 silly packumentCache full:https://registry.npmjs.org/@ungap%2fstructured-clone set size:undefined disposed:false
717 silly fetch manifest @eslint-community/regexpp@^4.6.1
718 silly packumentCache full:https://registry.npmjs.org/@eslint-community%2fregexpp cache-miss
719 http fetch GET 200 https://registry.npmjs.org/escape-string-regexp 1102ms (cache miss)
720 silly packumentCache full:https://registry.npmjs.org/escape-string-regexp set size:undefined disposed:false
721 silly fetch manifest @humanwhocodes/config-array@^0.13.0
722 silly packumentCache full:https://registry.npmjs.org/@humanwhocodes%2fconfig-array cache-miss
723 http fetch GET 200 https://registry.npmjs.org/file-entry-cache 1410ms (cache miss)
724 silly packumentCache full:https://registry.npmjs.org/file-entry-cache set size:undefined disposed:false
725 silly fetch manifest @eslint-community/eslint-utils@^4.2.0
726 silly packumentCache full:https://registry.npmjs.org/@eslint-community%2feslint-utils cache-miss
727 http fetch GET 200 https://registry.npmjs.org/strip-ansi 3945ms (cache revalidated)
728 silly packumentCache full:https://registry.npmjs.org/strip-ansi set size:44998 disposed:false
729 silly fetch manifest @humanwhocodes/module-importer@^1.0.1
730 silly packumentCache full:https://registry.npmjs.org/@humanwhocodes%2fmodule-importer cache-miss
731 http fetch GET 200 https://registry.npmjs.org/eslint-visitor-keys 1396ms (cache miss)
732 silly packumentCache full:https://registry.npmjs.org/eslint-visitor-keys set size:undefined disposed:false
733 silly fetch manifest json-stable-stringify-without-jsonify@^1.0.1
734 silly packumentCache full:https://registry.npmjs.org/json-stable-stringify-without-jsonify cache-miss
735 http fetch GET 200 https://registry.npmjs.org/json-stable-stringify-without-jsonify 264ms (cache miss)
736 silly packumentCache full:https://registry.npmjs.org/json-stable-stringify-without-jsonify set size:undefined disposed:false
737 silly fetch manifest eslint-plugin-jest@^25.3.0
738 silly packumentCache full:https://registry.npmjs.org/eslint-plugin-jest cache-miss
739 http fetch GET 200 https://registry.npmjs.org/@eslint-community%2fregexpp 957ms (cache miss)
740 silly packumentCache full:https://registry.npmjs.org/@eslint-community%2fregexpp set size:undefined disposed:false
741 silly fetch manifest eslint-plugin-react@^7.27.1
742 silly packumentCache full:https://registry.npmjs.org/eslint-plugin-react cache-miss
743 http fetch GET 200 https://registry.npmjs.org/@humanwhocodes%2fconfig-array 1039ms (cache miss)
744 silly packumentCache full:https://registry.npmjs.org/@humanwhocodes%2fconfig-array set size:undefined disposed:false
745 silly fetch manifest @babel/eslint-parser@^7.16.3
746 silly packumentCache full:https://registry.npmjs.org/@babel%2feslint-parser cache-miss
747 http fetch GET 200 https://registry.npmjs.org/@eslint-community%2feslint-utils 1085ms (cache miss)
748 silly packumentCache full:https://registry.npmjs.org/@eslint-community%2feslint-utils set size:undefined disposed:false
749 silly fetch manifest eslint-plugin-import@^2.25.3
750 silly packumentCache full:https://registry.npmjs.org/eslint-plugin-import cache-miss
751 http fetch GET 200 https://registry.npmjs.org/@humanwhocodes%2fmodule-importer 1286ms (cache miss)
752 silly packumentCache full:https://registry.npmjs.org/@humanwhocodes%2fmodule-importer set size:undefined disposed:false
753 silly fetch manifest eslint-plugin-flowtype@^8.0.3
754 silly packumentCache full:https://registry.npmjs.org/eslint-plugin-flowtype cache-miss
755 http fetch GET 200 https://registry.npmjs.org/@babel%2feslint-parser 2694ms (cache miss)
756 silly packumentCache full:https://registry.npmjs.org/@babel%2feslint-parser set size:undefined disposed:false
757 silly fetch manifest eslint-plugin-jsx-a11y@^6.5.1
758 silly packumentCache full:https://registry.npmjs.org/eslint-plugin-jsx-a11y cache-miss
759 http fetch GET 200 https://registry.npmjs.org/eslint-plugin-import 3539ms (cache miss)
760 silly packumentCache full:https://registry.npmjs.org/eslint-plugin-import set size:undefined disposed:false
761 silly fetch manifest @rushstack/eslint-patch@^1.1.0
762 silly packumentCache full:https://registry.npmjs.org/@rushstack%2feslint-patch cache-miss
763 http fetch GET 200 https://registry.npmjs.org/eslint-plugin-jest 4453ms (cache miss)
764 silly packumentCache full:https://registry.npmjs.org/eslint-plugin-jest set size:undefined disposed:false
765 silly fetch manifest @typescript-eslint/parser@^5.5.0
766 silly packumentCache full:https://registry.npmjs.org/@typescript-eslint%2fparser cache-miss
767 http fetch GET 200 https://registry.npmjs.org/eslint-plugin-jsx-a11y 1273ms (cache miss)
768 silly packumentCache full:https://registry.npmjs.org/eslint-plugin-jsx-a11y set size:undefined disposed:false
769 silly fetch manifest confusing-browser-globals@^1.0.11
770 silly packumentCache full:https://registry.npmjs.org/confusing-browser-globals cache-miss
771 http fetch GET 200 https://registry.npmjs.org/eslint-plugin-react 5286ms (cache miss)
772 silly packumentCache full:https://registry.npmjs.org/eslint-plugin-react set size:undefined disposed:false
773 silly fetch manifest eslint-plugin-react-hooks@^4.3.0
774 silly packumentCache full:https://registry.npmjs.org/eslint-plugin-react-hooks cache-miss
775 http fetch GET 200 https://registry.npmjs.org/caniuse-lite 16555ms (cache miss)
776 silly packumentCache full:https://registry.npmjs.org/caniuse-lite set size:undefined disposed:false
777 silly fetch manifest eslint-plugin-testing-library@^5.0.1
778 silly packumentCache full:https://registry.npmjs.org/eslint-plugin-testing-library cache-miss
779 http fetch GET 200 https://registry.npmjs.org/@rushstack%2feslint-patch 1804ms (cache miss)
780 silly packumentCache full:https://registry.npmjs.org/@rushstack%2feslint-patch set size:undefined disposed:false
781 silly fetch manifest @typescript-eslint/eslint-plugin@^5.5.0
782 silly packumentCache full:https://registry.npmjs.org/@typescript-eslint%2feslint-plugin cache-miss
783 http fetch GET 200 https://registry.npmjs.org/confusing-browser-globals 1689ms (cache miss)
784 silly packumentCache full:https://registry.npmjs.org/confusing-browser-globals set size:undefined disposed:false
785 silly fetch manifest micromatch@^4.0.5
786 silly packumentCache full:https://registry.npmjs.org/micromatch cache-miss
787 http fetch GET 200 https://registry.npmjs.org/eslint-plugin-flowtype 6409ms (cache miss)
788 silly packumentCache full:https://registry.npmjs.org/eslint-plugin-flowtype set size:undefined disposed:false
789 silly fetch manifest jest-worker@^28.0.2
790 silly packumentCache full:https://registry.npmjs.org/jest-worker cache-miss
791 http cache https://registry.npmjs.org/jest-worker 17ms (cache hit)
792 silly packumentCache full:https://registry.npmjs.org/jest-worker set size:462624 disposed:false
793 silly fetch manifest @types/eslint@^7.29.0 || ^8.4.1
794 silly packumentCache full:https://registry.npmjs.org/@types%2feslint cache-miss
795 http fetch GET 200 https://registry.npmjs.org/micromatch 1699ms (cache miss)
796 silly packumentCache full:https://registry.npmjs.org/micromatch set size:undefined disposed:false
797 silly fetch manifest normalize-path@^3.0.0
798 silly packumentCache full:https://registry.npmjs.org/normalize-path cache-miss
799 http fetch GET 200 https://registry.npmjs.org/normalize-path 1136ms (cache miss)
800 silly packumentCache full:https://registry.npmjs.org/normalize-path set size:undefined disposed:false
801 silly fetch manifest schema-utils@^3.0.0
802 silly packumentCache full:https://registry.npmjs.org/schema-utils cache-hit
803 silly fetch manifest jsonfile@^6.0.1
804 silly packumentCache full:https://registry.npmjs.org/jsonfile cache-miss
805 http fetch GET 200 https://registry.npmjs.org/@types%2feslint 2073ms (cache miss)
806 silly packumentCache full:https://registry.npmjs.org/@types%2feslint set size:undefined disposed:false
807 silly fetch manifest graceful-fs@^4.2.0
808 silly packumentCache full:https://registry.npmjs.org/graceful-fs cache-miss
809 http cache https://registry.npmjs.org/graceful-fs 44ms (cache hit)
810 silly packumentCache full:https://registry.npmjs.org/graceful-fs set size:124285 disposed:false
811 silly fetch manifest universalify@^2.0.0
812 silly packumentCache full:https://registry.npmjs.org/universalify cache-miss
813 http fetch GET 200 https://registry.npmjs.org/universalify 579ms (cache miss)
814 silly packumentCache full:https://registry.npmjs.org/universalify set size:undefined disposed:false
815 silly fetch manifest @types/html-minifier-terser@^6.0.0
816 silly packumentCache full:https://registry.npmjs.org/@types%2fhtml-minifier-terser cache-miss
817 http fetch GET 200 https://registry.npmjs.org/eslint-plugin-testing-library 4878ms (cache miss)
818 silly packumentCache full:https://registry.npmjs.org/eslint-plugin-testing-library set size:undefined disposed:false
819 silly fetch manifest html-minifier-terser@^6.0.2
820 silly packumentCache full:https://registry.npmjs.org/html-minifier-terser cache-miss
821 http fetch GET 200 https://registry.npmjs.org/@types%2fhtml-minifier-terser 787ms (cache miss)
822 silly packumentCache full:https://registry.npmjs.org/@types%2fhtml-minifier-terser set size:undefined disposed:false
823 silly fetch manifest lodash@^4.17.21
824 silly packumentCache full:https://registry.npmjs.org/lodash cache-miss
825 http fetch GET 200 https://registry.npmjs.org/jsonfile 2284ms (cache miss)
826 silly packumentCache full:https://registry.npmjs.org/jsonfile set size:undefined disposed:false
827 silly fetch manifest pretty-error@^4.0.0
828 silly packumentCache full:https://registry.npmjs.org/pretty-error cache-miss
829 http fetch GET 200 https://registry.npmjs.org/electron-to-chromium 22177ms (cache miss)
830 silly packumentCache full:https://registry.npmjs.org/electron-to-chromium set size:undefined disposed:false
831 silly fetch manifest tapable@^2.0.0
832 silly packumentCache full:https://registry.npmjs.org/tapable cache-miss
833 http fetch GET 200 https://registry.npmjs.org/html-minifier-terser 1423ms (cache miss)
834 silly packumentCache full:https://registry.npmjs.org/html-minifier-terser set size:undefined disposed:false
835 silly fetch manifest harmony-reflect@^1.4.6
836 silly packumentCache full:https://registry.npmjs.org/harmony-reflect cache-miss
837 http fetch GET 200 https://registry.npmjs.org/lodash 1375ms (cache miss)
838 silly packumentCache full:https://registry.npmjs.org/lodash set size:undefined disposed:false
839 silly fetch manifest jest-cli@^27.5.1
840 silly packumentCache full:https://registry.npmjs.org/jest-cli cache-miss
841 http fetch GET 200 https://registry.npmjs.org/pretty-error 2420ms (cache miss)
842 silly packumentCache full:https://registry.npmjs.org/pretty-error set size:undefined disposed:false
843 silly fetch manifest @jest/core@^27.5.1
844 silly packumentCache full:https://registry.npmjs.org/@jest%2fcore cache-miss
845 http fetch GET 200 https://registry.npmjs.org/tapable 2828ms (cache miss)
846 silly packumentCache full:https://registry.npmjs.org/tapable set size:undefined disposed:false
847 silly fetch manifest import-local@^3.0.2
848 silly packumentCache full:https://registry.npmjs.org/import-local cache-miss
849 http fetch GET 200 https://registry.npmjs.org/harmony-reflect 2827ms (cache miss)
850 silly packumentCache full:https://registry.npmjs.org/harmony-reflect set size:undefined disposed:false
851 silly fetch manifest jest-util@^27.5.1
852 silly packumentCache full:https://registry.npmjs.org/jest-util cache-miss
853 http fetch GET 200 https://registry.npmjs.org/import-local 1393ms (cache miss)
854 silly packumentCache full:https://registry.npmjs.org/import-local set size:undefined disposed:false
855 silly fetch manifest jest-validate@^27.5.1
856 silly packumentCache full:https://registry.npmjs.org/jest-validate cache-miss
857 http fetch GET 200 https://registry.npmjs.org/@jest%2fcore 3988ms (cache miss)
858 silly packumentCache full:https://registry.npmjs.org/@jest%2fcore set size:undefined disposed:false
859 silly fetch manifest jest-haste-map@^27.5.1
860 silly packumentCache full:https://registry.npmjs.org/jest-haste-map cache-miss
861 http fetch GET 200 https://registry.npmjs.org/jest-cli 5730ms (cache miss)
862 silly packumentCache full:https://registry.npmjs.org/jest-cli set size:undefined disposed:false
863 silly fetch manifest resolve.exports@^1.1.0
864 silly packumentCache full:https://registry.npmjs.org/resolve.exports cache-miss
865 http fetch GET 200 https://registry.npmjs.org/resolve.exports 668ms (cache miss)
866 silly packumentCache full:https://registry.npmjs.org/resolve.exports set size:undefined disposed:false
867 silly fetch manifest jest-pnp-resolver@^1.2.2
868 silly packumentCache full:https://registry.npmjs.org/jest-pnp-resolver cache-miss
869 http fetch GET 200 https://registry.npmjs.org/jest-validate 3797ms (cache miss)
870 silly packumentCache full:https://registry.npmjs.org/jest-validate set size:undefined disposed:false
871 silly fetch manifest slash@^4.0.0
872 silly packumentCache full:https://registry.npmjs.org/slash cache-miss
873 http cache https://registry.npmjs.org/slash 18ms (cache hit)
874 silly packumentCache full:https://registry.npmjs.org/slash set size:20337 disposed:false
875 silly fetch manifest strip-ansi@^7.0.1
876 silly packumentCache full:https://registry.npmjs.org/strip-ansi cache-hit
877 silly fetch manifest ansi-escapes@^4.3.1
878 silly packumentCache full:https://registry.npmjs.org/ansi-escapes cache-miss
879 http fetch GET 200 https://registry.npmjs.org/jest-pnp-resolver 1477ms (cache miss)
880 silly packumentCache full:https://registry.npmjs.org/jest-pnp-resolver set size:undefined disposed:false
881 silly fetch manifest jest-watcher@^28.0.0
882 silly packumentCache full:https://registry.npmjs.org/jest-watcher cache-miss
883 http fetch GET 200 https://registry.npmjs.org/jest-util 5182ms (cache miss)
884 silly packumentCache full:https://registry.npmjs.org/jest-util set size:undefined disposed:false
885 silly fetch manifest string-length@^5.0.1
886 silly packumentCache full:https://registry.npmjs.org/string-length cache-miss
887 http fetch GET 200 https://registry.npmjs.org/ansi-escapes 676ms (cache miss)
888 silly packumentCache full:https://registry.npmjs.org/ansi-escapes set size:undefined disposed:false
889 silly fetch manifest jest-regex-util@^28.0.0
890 silly packumentCache full:https://registry.npmjs.org/jest-regex-util cache-miss
891 http fetch GET 200 https://registry.npmjs.org/string-length 1235ms (cache miss)
892 silly packumentCache full:https://registry.npmjs.org/string-length set size:undefined disposed:false
893 silly fetch manifest tapable@^2.2.1
894 silly packumentCache full:https://registry.npmjs.org/tapable cache-miss
895 http cache https://registry.npmjs.org/tapable 11ms (cache hit)
896 silly packumentCache full:https://registry.npmjs.org/tapable set size:141233 disposed:false
897 silly fetch manifest nanoid@^3.3.11
898 silly packumentCache full:https://registry.npmjs.org/nanoid cache-miss
899 http fetch GET 200 https://registry.npmjs.org/jest-watcher 2641ms (cache miss)
900 silly packumentCache full:https://registry.npmjs.org/jest-watcher set size:undefined disposed:false
901 silly fetch manifest picocolors@^1.1.1
902 silly packumentCache full:https://registry.npmjs.org/picocolors cache-miss
903 http fetch GET 200 https://registry.npmjs.org/jest-regex-util 2524ms (cache miss)
904 silly packumentCache full:https://registry.npmjs.org/jest-regex-util set size:undefined disposed:false
905 silly fetch manifest source-map-js@^1.2.1
906 silly packumentCache full:https://registry.npmjs.org/source-map-js cache-miss
907 http fetch GET 200 https://registry.npmjs.org/jest-haste-map 6186ms (cache miss)
908 silly packumentCache full:https://registry.npmjs.org/jest-haste-map set size:undefined disposed:false
909 silly fetch manifest klona@^2.0.5
910 silly packumentCache full:https://registry.npmjs.org/klona cache-miss
911 http fetch GET 200 https://registry.npmjs.org/picocolors 1208ms (cache miss)
912 silly packumentCache full:https://registry.npmjs.org/picocolors set size:undefined disposed:false
913 silly fetch manifest cosmiconfig@^7.0.0
914 silly packumentCache full:https://registry.npmjs.org/cosmiconfig cache-miss
915 http fetch GET 200 https://registry.npmjs.org/source-map-js 1381ms (cache miss)
916 silly packumentCache full:https://registry.npmjs.org/source-map-js set size:undefined disposed:false
917 silly fetch manifest sanitize.css@*
918 silly packumentCache full:https://registry.npmjs.org/sanitize.css cache-miss
919 http fetch GET 200 https://registry.npmjs.org/nanoid 3211ms (cache miss)
920 silly packumentCache full:https://registry.npmjs.org/nanoid set size:undefined disposed:false
921 silly fetch manifest @csstools/normalize.css@*
922 silly packumentCache full:https://registry.npmjs.org/@csstools%2fnormalize.css cache-miss
923 http fetch GET 200 https://registry.npmjs.org/klona 812ms (cache miss)
924 silly packumentCache full:https://registry.npmjs.org/klona set size:undefined disposed:false
925 silly fetch manifest postcss-browser-comments@^4
926 silly packumentCache full:https://registry.npmjs.org/postcss-browser-comments cache-miss
927 http fetch GET 200 https://registry.npmjs.org/@csstools%2fnormalize.css 662ms (cache miss)
928 silly packumentCache full:https://registry.npmjs.org/@csstools%2fnormalize.css set size:undefined disposed:false
929 silly fetch manifest cssdb@^7.1.0
930 silly packumentCache full:https://registry.npmjs.org/cssdb cache-miss
931 http fetch GET 200 https://registry.npmjs.org/sanitize.css 1544ms (cache miss)
932 silly packumentCache full:https://registry.npmjs.org/sanitize.css set size:undefined disposed:false
933 silly fetch manifest autoprefixer@^10.4.13
934 silly packumentCache full:https://registry.npmjs.org/autoprefixer cache-miss
935 http fetch GET 200 https://registry.npmjs.org/postcss-browser-comments 2013ms (cache miss)
936 silly packumentCache full:https://registry.npmjs.org/postcss-browser-comments set size:undefined disposed:false
937 silly fetch manifest postcss-clamp@^4.1.0
938 silly packumentCache full:https://registry.npmjs.org/postcss-clamp cache-miss
939 http fetch GET 200 https://registry.npmjs.org/postcss-clamp 1398ms (cache miss)
940 silly packumentCache full:https://registry.npmjs.org/postcss-clamp set size:undefined disposed:false
941 silly fetch manifest postcss-place@^7.0.5
942 silly packumentCache full:https://registry.npmjs.org/postcss-place cache-miss
943 http fetch GET 200 https://registry.npmjs.org/cssdb 2864ms (cache miss)
944 silly packumentCache full:https://registry.npmjs.org/cssdb set size:undefined disposed:false
945 silly fetch manifest css-has-pseudo@^3.0.4
946 silly packumentCache full:https://registry.npmjs.org/css-has-pseudo cache-miss
947 http fetch GET 200 https://registry.npmjs.org/postcss-place 1573ms (cache miss)
948 silly packumentCache full:https://registry.npmjs.org/postcss-place set size:undefined disposed:false
949 silly fetch manifest postcss-initial@^4.0.1
950 silly packumentCache full:https://registry.npmjs.org/postcss-initial cache-miss
951 http fetch GET 200 https://registry.npmjs.org/postcss-initial 994ms (cache miss)
952 silly packumentCache full:https://registry.npmjs.org/postcss-initial set size:undefined disposed:false
953 silly fetch manifest postcss-logical@^5.0.4
954 silly packumentCache full:https://registry.npmjs.org/postcss-logical cache-miss
955 http fetch GET 200 https://registry.npmjs.org/postcss-logical 997ms (cache miss)
956 silly packumentCache full:https://registry.npmjs.org/postcss-logical set size:undefined disposed:false
957 silly fetch manifest postcss-nesting@^10.2.0
958 silly packumentCache full:https://registry.npmjs.org/postcss-nesting cache-miss
959 http fetch GET 200 https://registry.npmjs.org/autoprefixer 5740ms (cache miss)
960 silly packumentCache full:https://registry.npmjs.org/autoprefixer set size:undefined disposed:false
961 silly fetch manifest css-blank-pseudo@^3.0.3
962 silly packumentCache full:https://registry.npmjs.org/css-blank-pseudo cache-miss
963 http fetch GET 200 https://registry.npmjs.org/css-blank-pseudo 930ms (cache miss)
964 silly packumentCache full:https://registry.npmjs.org/css-blank-pseudo set size:undefined disposed:false
965 silly fetch manifest postcss-page-break@^3.0.4
966 silly packumentCache full:https://registry.npmjs.org/postcss-page-break cache-miss
967 http fetch GET 200 https://registry.npmjs.org/postcss-nesting 1628ms (cache miss)
968 silly packumentCache full:https://registry.npmjs.org/postcss-nesting set size:undefined disposed:false
969 silly fetch manifest postcss-custom-media@^8.0.2
970 silly packumentCache full:https://registry.npmjs.org/postcss-custom-media cache-miss
971 http fetch GET 200 https://registry.npmjs.org/postcss-page-break 1008ms (cache miss)
972 silly packumentCache full:https://registry.npmjs.org/postcss-page-break set size:undefined disposed:false
973 silly fetch manifest postcss-env-function@^4.0.6
974 silly packumentCache full:https://registry.npmjs.org/postcss-env-function cache-miss
975 http fetch GET 200 https://registry.npmjs.org/postcss-custom-media 1399ms (cache miss)
976 silly packumentCache full:https://registry.npmjs.org/postcss-custom-media set size:undefined disposed:false
977 silly fetch manifest postcss-focus-within@^5.0.4
978 silly packumentCache full:https://registry.npmjs.org/postcss-focus-within cache-miss
979 http fetch GET 200 https://registry.npmjs.org/postcss-env-function 1270ms (cache miss)
980 silly packumentCache full:https://registry.npmjs.org/postcss-env-function set size:undefined disposed:false
981 silly fetch manifest postcss-font-variant@^5.0.0
982 silly packumentCache full:https://registry.npmjs.org/postcss-font-variant cache-miss
983 http fetch GET 200 https://registry.npmjs.org/postcss-focus-within 990ms (cache miss)
984 silly packumentCache full:https://registry.npmjs.org/postcss-focus-within set size:undefined disposed:false
985 silly fetch manifest postcss-lab-function@^4.2.1
986 silly packumentCache full:https://registry.npmjs.org/postcss-lab-function cache-miss
987 http fetch GET 200 https://registry.npmjs.org/postcss-font-variant 1502ms (cache miss)
988 silly packumentCache full:https://registry.npmjs.org/postcss-font-variant set size:undefined disposed:false
989 silly fetch manifest postcss-media-minmax@^5.0.0
990 silly packumentCache full:https://registry.npmjs.org/postcss-media-minmax cache-miss
991 http fetch GET 200 https://registry.npmjs.org/postcss-media-minmax 1036ms (cache miss)
992 silly packumentCache full:https://registry.npmjs.org/postcss-media-minmax set size:undefined disposed:false
993 silly fetch manifest postcss-selector-not@^6.0.1
994 silly packumentCache full:https://registry.npmjs.org/postcss-selector-not cache-miss
995 http fetch GET 200 https://registry.npmjs.org/postcss-lab-function 1896ms (cache miss)
996 silly packumentCache full:https://registry.npmjs.org/postcss-lab-function set size:undefined disposed:false
997 silly fetch manifest postcss-focus-visible@^6.0.4
998 silly packumentCache full:https://registry.npmjs.org/postcss-focus-visible cache-miss
999 http fetch GET 200 https://registry.npmjs.org/postcss-focus-visible 702ms (cache miss)
1000 silly packumentCache full:https://registry.npmjs.org/postcss-focus-visible set size:undefined disposed:false
1001 silly fetch manifest postcss-gap-properties@^3.0.5
1002 silly packumentCache full:https://registry.npmjs.org/postcss-gap-properties cache-miss
1003 http fetch GET 200 https://registry.npmjs.org/postcss-selector-not 1280ms (cache miss)
1004 silly packumentCache full:https://registry.npmjs.org/postcss-selector-not set size:undefined disposed:false
1005 silly fetch manifest postcss-color-hex-alpha@^8.0.4
1006 silly packumentCache full:https://registry.npmjs.org/postcss-color-hex-alpha cache-miss
1007 http fetch GET 200 https://registry.npmjs.org/postcss-gap-properties 1294ms (cache miss)
1008 silly packumentCache full:https://registry.npmjs.org/postcss-gap-properties set size:undefined disposed:false
1009 silly fetch manifest css-prefers-color-scheme@^6.0.3
1010 silly packumentCache full:https://registry.npmjs.org/css-prefers-color-scheme cache-miss
1011 http fetch GET 200 https://registry.npmjs.org/postcss-color-hex-alpha 962ms (cache miss)
1012 silly packumentCache full:https://registry.npmjs.org/postcss-color-hex-alpha set size:undefined disposed:false
1013 silly fetch manifest postcss-custom-selectors@^6.0.3
1014 silly packumentCache full:https://registry.npmjs.org/postcss-custom-selectors cache-miss
1015 http fetch GET 200 https://registry.npmjs.org/cosmiconfig 16507ms (cache miss)
1016 silly packumentCache full:https://registry.npmjs.org/cosmiconfig set size:undefined disposed:false
1017 silly fetch manifest postcss-dir-pseudo-class@^6.0.5
1018 silly packumentCache full:https://registry.npmjs.org/postcss-dir-pseudo-class cache-miss
1019 http fetch GET 200 https://registry.npmjs.org/css-prefers-color-scheme 1207ms (cache miss)
1020 silly packumentCache full:https://registry.npmjs.org/css-prefers-color-scheme set size:undefined disposed:false
1021 silly fetch manifest @csstools/postcss-ic-unit@^1.0.1
1022 silly packumentCache full:https://registry.npmjs.org/@csstools%2fpostcss-ic-unit cache-miss
1023 http fetch GET 200 https://registry.npmjs.org/postcss-dir-pseudo-class 1227ms (cache miss)
1024 silly packumentCache full:https://registry.npmjs.org/postcss-dir-pseudo-class set size:undefined disposed:false
1025 silly fetch manifest postcss-custom-properties@^12.1.10
1026 silly packumentCache full:https://registry.npmjs.org/postcss-custom-properties cache-miss
1027 http fetch GET 200 https://registry.npmjs.org/@csstools%2fpostcss-ic-unit 910ms (cache miss)
1028 silly packumentCache full:https://registry.npmjs.org/@csstools%2fpostcss-ic-unit set size:undefined disposed:false
1029 silly fetch manifest postcss-image-set-function@^4.0.7
1030 silly packumentCache full:https://registry.npmjs.org/postcss-image-set-function cache-miss
1031 http fetch GET 200 https://registry.npmjs.org/postcss-custom-selectors 2362ms (cache miss)
1032 silly packumentCache full:https://registry.npmjs.org/postcss-custom-selectors set size:undefined disposed:false
1033 silly fetch manifest postcss-opacity-percentage@^1.1.2
1034 silly packumentCache full:https://registry.npmjs.org/postcss-opacity-percentage cache-miss
1035 http fetch GET 200 https://registry.npmjs.org/postcss-image-set-function 990ms (cache miss)
1036 silly packumentCache full:https://registry.npmjs.org/postcss-image-set-function set size:undefined disposed:false
1037 silly fetch manifest postcss-overflow-shorthand@^3.0.4
1038 silly packumentCache full:https://registry.npmjs.org/postcss-overflow-shorthand cache-miss
1039 http fetch GET 200 https://registry.npmjs.org/postcss-opacity-percentage 708ms (cache miss)
1040 silly packumentCache full:https://registry.npmjs.org/postcss-opacity-percentage set size:undefined disposed:false
1041 silly fetch manifest postcss-color-rebeccapurple@^7.1.1
1042 silly packumentCache full:https://registry.npmjs.org/postcss-color-rebeccapurple cache-miss
1043 http fetch GET 200 https://registry.npmjs.org/css-has-pseudo 15050ms (cache miss)
1044 silly packumentCache full:https://registry.npmjs.org/css-has-pseudo set size:undefined disposed:false
1045 silly fetch manifest @csstools/postcss-nested-calc@^1.0.0
1046 silly packumentCache full:https://registry.npmjs.org/@csstools%2fpostcss-nested-calc cache-miss
1047 http fetch GET 200 https://registry.npmjs.org/postcss-overflow-shorthand 641ms (cache miss)
1048 silly packumentCache full:https://registry.npmjs.org/postcss-overflow-shorthand set size:undefined disposed:false
1049 silly fetch manifest @csstools/postcss-unset-value@^1.0.2
1050 silly packumentCache full:https://registry.npmjs.org/@csstools%2fpostcss-unset-value cache-miss
1051 http fetch GET 200 https://registry.npmjs.org/postcss-custom-properties 1975ms (cache miss)
1052 silly packumentCache full:https://registry.npmjs.org/postcss-custom-properties set size:undefined disposed:false
1053 silly fetch manifest postcss-pseudo-class-any-link@^7.1.6
1054 silly packumentCache full:https://registry.npmjs.org/postcss-pseudo-class-any-link cache-miss
1055 http fetch GET 200 https://registry.npmjs.org/postcss-color-rebeccapurple 804ms (cache miss)
1056 silly packumentCache full:https://registry.npmjs.org/postcss-color-rebeccapurple set size:undefined disposed:false
1057 silly fetch manifest postcss-replace-overflow-wrap@^4.0.0
1058 silly packumentCache full:https://registry.npmjs.org/postcss-replace-overflow-wrap cache-miss
1059 http fetch GET 200 https://registry.npmjs.org/@csstools%2fpostcss-unset-value 472ms (cache miss)
1060 silly packumentCache full:https://registry.npmjs.org/@csstools%2fpostcss-unset-value set size:undefined disposed:false
1061 silly fetch manifest @csstools/postcss-hwb-function@^1.0.2
1062 silly packumentCache full:https://registry.npmjs.org/@csstools%2fpostcss-hwb-function cache-miss
1063 http fetch GET 200 https://registry.npmjs.org/postcss-replace-overflow-wrap 327ms (cache miss)
1064 silly packumentCache full:https://registry.npmjs.org/postcss-replace-overflow-wrap set size:undefined disposed:false
1065 silly fetch manifest @csstools/postcss-cascade-layers@^1.1.1
1066 silly packumentCache full:https://registry.npmjs.org/@csstools%2fpostcss-cascade-layers cache-miss
1067 http fetch GET 200 https://registry.npmjs.org/@csstools%2fpostcss-nested-calc 936ms (cache miss)
1068 silly packumentCache full:https://registry.npmjs.org/@csstools%2fpostcss-nested-calc set size:undefined disposed:false
1069 silly fetch manifest @csstools/postcss-color-function@^1.1.1
1070 silly packumentCache full:https://registry.npmjs.org/@csstools%2fpostcss-color-function cache-miss
1071 http fetch GET 200 https://registry.npmjs.org/postcss-pseudo-class-any-link 707ms (cache miss)
1072 silly packumentCache full:https://registry.npmjs.org/postcss-pseudo-class-any-link set size:undefined disposed:false
1073 silly fetch manifest @csstools/postcss-oklab-function@^1.1.1
1074 silly packumentCache full:https://registry.npmjs.org/@csstools%2fpostcss-oklab-function cache-miss
1075 http fetch GET 200 https://registry.npmjs.org/@csstools%2fpostcss-hwb-function 811ms (cache miss)
1076 silly packumentCache full:https://registry.npmjs.org/@csstools%2fpostcss-hwb-function set size:undefined disposed:false
1077 silly fetch manifest @csstools/postcss-is-pseudo-class@^2.0.7
1078 silly packumentCache full:https://registry.npmjs.org/@csstools%2fpostcss-is-pseudo-class cache-miss
1079 http fetch GET 200 https://registry.npmjs.org/@csstools%2fpostcss-cascade-layers 1419ms (cache miss)
1080 silly packumentCache full:https://registry.npmjs.org/@csstools%2fpostcss-cascade-layers set size:undefined disposed:false
1081 silly fetch manifest postcss-color-functional-notation@^4.2.4
1082 silly packumentCache full:https://registry.npmjs.org/postcss-color-functional-notation cache-miss
1083 http fetch GET 200 https://registry.npmjs.org/@csstools%2fpostcss-is-pseudo-class 729ms (cache miss)
1084 silly packumentCache full:https://registry.npmjs.org/@csstools%2fpostcss-is-pseudo-class set size:undefined disposed:false
1085 silly fetch manifest postcss-double-position-gradients@^3.1.2
1086 silly packumentCache full:https://registry.npmjs.org/postcss-double-position-gradients cache-miss
1087 http fetch GET 200 https://registry.npmjs.org/@csstools%2fpostcss-color-function 1659ms (cache miss)
1088 silly packumentCache full:https://registry.npmjs.org/@csstools%2fpostcss-color-function set size:undefined disposed:false
1089 silly fetch manifest postcss-attribute-case-insensitive@^5.0.2
1090 silly packumentCache full:https://registry.npmjs.org/postcss-attribute-case-insensitive cache-miss
1091 http fetch GET 200 https://registry.npmjs.org/@csstools%2fpostcss-oklab-function 1498ms (cache miss)
1092 silly packumentCache full:https://registry.npmjs.org/@csstools%2fpostcss-oklab-function set size:undefined disposed:false
1093 silly fetch manifest @csstools/postcss-font-format-keywords@^1.0.1
1094 silly packumentCache full:https://registry.npmjs.org/@csstools%2fpostcss-font-format-keywords cache-miss
1095 http fetch GET 200 https://registry.npmjs.org/@csstools%2fpostcss-font-format-keywords 621ms (cache miss)
1096 silly packumentCache full:https://registry.npmjs.org/@csstools%2fpostcss-font-format-keywords set size:undefined disposed:false
1097 silly fetch manifest @csstools/postcss-stepped-value-functions@^1.0.1
1098 silly packumentCache full:https://registry.npmjs.org/@csstools%2fpostcss-stepped-value-functions cache-miss
1099 http fetch GET 200 https://registry.npmjs.org/postcss-attribute-case-insensitive 849ms (cache miss)
1100 silly packumentCache full:https://registry.npmjs.org/postcss-attribute-case-insensitive set size:undefined disposed:false
1101 silly fetch manifest @csstools/postcss-trigonometric-functions@^1.0.2
1102 silly packumentCache full:https://registry.npmjs.org/@csstools%2fpostcss-trigonometric-functions cache-miss
1103 http fetch GET 200 https://registry.npmjs.org/postcss-color-functional-notation 1186ms (cache miss)
1104 silly packumentCache full:https://registry.npmjs.org/postcss-color-functional-notation set size:undefined disposed:false
1105 silly fetch manifest @csstools/postcss-normalize-display-values@^1.0.1
1106 silly packumentCache full:https://registry.npmjs.org/@csstools%2fpostcss-normalize-display-values cache-miss
1107 http fetch GET 200 https://registry.npmjs.org/postcss-double-position-gradients 1621ms (cache miss)
1108 silly packumentCache full:https://registry.npmjs.org/postcss-double-position-gradients set size:undefined disposed:false
1109 silly fetch manifest @csstools/postcss-text-decoration-shorthand@^1.0.0
1110 silly packumentCache full:https://registry.npmjs.org/@csstools%2fpostcss-text-decoration-shorthand cache-miss
1111 http fetch GET 200 https://registry.npmjs.org/@csstools%2fpostcss-stepped-value-functions 704ms (cache miss)
1112 silly packumentCache full:https://registry.npmjs.org/@csstools%2fpostcss-stepped-value-functions set size:undefined disposed:false
1113 silly fetch manifest @csstools/postcss-progressive-custom-properties@^1.3.0
1114 silly packumentCache full:https://registry.npmjs.org/@csstools%2fpostcss-progressive-custom-properties cache-miss
1115 http fetch GET 200 https://registry.npmjs.org/@csstools%2fpostcss-normalize-display-values 832ms (cache miss)
1116 silly packumentCache full:https://registry.npmjs.org/@csstools%2fpostcss-normalize-display-values set size:undefined disposed:false
1117 silly fetch manifest kleur@^3.0.3
1118 silly packumentCache full:https://registry.npmjs.org/kleur cache-miss
1119 http fetch GET 200 https://registry.npmjs.org/@csstools%2fpostcss-trigonometric-functions 1058ms (cache miss)
1120 silly packumentCache full:https://registry.npmjs.org/@csstools%2fpostcss-trigonometric-functions set size:undefined disposed:false
1121 silly fetch manifest sisteransi@^1.0.5
1122 silly packumentCache full:https://registry.npmjs.org/sisteransi cache-miss
1123 http fetch GET 200 https://registry.npmjs.org/@csstools%2fpostcss-progressive-custom-properties 822ms (cache miss)
1124 silly packumentCache full:https://registry.npmjs.org/@csstools%2fpostcss-progressive-custom-properties set size:undefined disposed:false
1125 silly fetch manifest raf@^3.4.1
1126 silly packumentCache full:https://registry.npmjs.org/raf cache-miss
1127 http fetch GET 200 https://registry.npmjs.org/sisteransi 697ms (cache miss)
1128 silly packumentCache full:https://registry.npmjs.org/sisteransi set size:undefined disposed:false
1129 silly fetch manifest core-js@^3.19.2
1130 silly packumentCache full:https://registry.npmjs.org/core-js cache-miss
1131 http fetch GET 200 https://registry.npmjs.org/kleur 1801ms (cache miss)
1132 silly packumentCache full:https://registry.npmjs.org/kleur set size:undefined disposed:false
1133 silly fetch manifest promise@^8.1.0
1134 silly packumentCache full:https://registry.npmjs.org/promise cache-miss
1135 http fetch GET 200 https://registry.npmjs.org/raf 1322ms (cache miss)
1136 silly packumentCache full:https://registry.npmjs.org/raf set size:undefined disposed:false
1137 silly fetch manifest whatwg-fetch@^3.6.2
1138 silly packumentCache full:https://registry.npmjs.org/whatwg-fetch cache-miss
1139 http fetch GET 200 https://registry.npmjs.org/@csstools%2fpostcss-text-decoration-shorthand 2282ms (cache miss)
1140 silly packumentCache full:https://registry.npmjs.org/@csstools%2fpostcss-text-decoration-shorthand set size:undefined disposed:false
1141 silly fetch manifest object-assign@^4.1.1
1142 silly packumentCache full:https://registry.npmjs.org/object-assign cache-miss
1143 http fetch GET 200 https://registry.npmjs.org/whatwg-fetch 1032ms (cache miss)
1144 silly packumentCache full:https://registry.npmjs.org/whatwg-fetch set size:undefined disposed:false
1145 silly fetch manifest regenerator-runtime@^0.13.9
1146 silly packumentCache full:https://registry.npmjs.org/regenerator-runtime cache-miss
1147 http fetch GET 200 https://registry.npmjs.org/object-assign 1474ms (cache miss)
1148 silly packumentCache full:https://registry.npmjs.org/object-assign set size:undefined disposed:false
1149 silly fetch manifest open@^8.4.0
1150 silly packumentCache full:https://registry.npmjs.org/open cache-miss
1151 http fetch GET 200 https://registry.npmjs.org/promise 1659ms (cache miss)
1152 silly packumentCache full:https://registry.npmjs.org/promise set size:undefined disposed:false
1153 silly fetch manifest chalk@^4.1.2
1154 silly packumentCache full:https://registry.npmjs.org/chalk cache-hit
1155 silly fetch manifest immer@^9.0.7
1156 silly packumentCache full:https://registry.npmjs.org/immer cache-miss
1157 http fetch GET 200 https://registry.npmjs.org/regenerator-runtime 885ms (cache miss)
1158 silly packumentCache full:https://registry.npmjs.org/regenerator-runtime set size:undefined disposed:false
1159 silly fetch manifest globby@^11.0.4
1160 silly packumentCache full:https://registry.npmjs.org/globby cache-miss
1161 http fetch GET 200 https://registry.npmjs.org/open 2958ms (cache miss)
1162 silly packumentCache full:https://registry.npmjs.org/open set size:undefined disposed:false
1163 silly fetch manifest pkg-up@^3.1.0
1164 silly packumentCache full:https://registry.npmjs.org/pkg-up cache-miss
1165 http fetch GET 200 https://registry.npmjs.org/core-js 5525ms (cache miss)
1166 silly packumentCache full:https://registry.npmjs.org/core-js set size:undefined disposed:false
1167 silly fetch manifest address@^1.1.2
1168 silly packumentCache full:https://registry.npmjs.org/address cache-miss
1169 http fetch GET 200 https://registry.npmjs.org/globby 2780ms (cache miss)
1170 silly packumentCache full:https://registry.npmjs.org/globby set size:undefined disposed:false
1171 silly fetch manifest is-root@^2.1.0
1172 silly packumentCache full:https://registry.npmjs.org/is-root cache-miss
1173 http fetch GET 200 https://registry.npmjs.org/pkg-up 457ms (cache miss)
1174 silly packumentCache full:https://registry.npmjs.org/pkg-up set size:undefined disposed:false
1175 silly fetch manifest filesize@^8.0.6
1176 silly packumentCache full:https://registry.npmjs.org/filesize cache-miss
1177 http fetch GET 200 https://registry.npmjs.org/address 647ms (cache miss)
1178 silly packumentCache full:https://registry.npmjs.org/address set size:undefined disposed:false
1179 silly fetch manifest gzip-size@^6.0.0
1180 silly packumentCache full:https://registry.npmjs.org/gzip-size cache-miss
1181 http fetch GET 200 https://registry.npmjs.org/is-root 543ms (cache miss)
1182 silly packumentCache full:https://registry.npmjs.org/is-root set size:undefined disposed:false
1183 silly fetch manifest cross-spawn@^7.0.3
1184 silly packumentCache full:https://registry.npmjs.org/cross-spawn cache-hit
1185 silly fetch manifest shell-quote@^1.7.3
1186 silly packumentCache full:https://registry.npmjs.org/shell-quote cache-miss
1187 http fetch GET 200 https://registry.npmjs.org/shell-quote 578ms (cache miss)
1188 silly packumentCache full:https://registry.npmjs.org/shell-quote set size:undefined disposed:false
1189 silly fetch manifest loader-utils@^3.2.0
1190 silly packumentCache full:https://registry.npmjs.org/loader-utils cache-hit
1191 silly fetch manifest global-modules@^2.0.0
1192 silly packumentCache full:https://registry.npmjs.org/global-modules cache-miss
1193 http fetch GET 200 https://registry.npmjs.org/immer 4309ms (cache miss)
1194 silly packumentCache full:https://registry.npmjs.org/immer set size:undefined disposed:false
1195 silly fetch manifest detect-port-alt@^1.1.6
1196 silly packumentCache full:https://registry.npmjs.org/detect-port-alt cache-miss
1197 http fetch GET 200 https://registry.npmjs.org/detect-port-alt 364ms (cache miss)
1198 silly packumentCache full:https://registry.npmjs.org/detect-port-alt set size:undefined disposed:false
1199 silly fetch manifest @babel/code-frame@^7.16.0
1200 silly packumentCache full:https://registry.npmjs.org/@babel%2fcode-frame cache-miss
1201 http fetch GET 200 https://registry.npmjs.org/gzip-size 1189ms (cache miss)
1202 silly packumentCache full:https://registry.npmjs.org/gzip-size set size:undefined disposed:false
1203 silly fetch manifest recursive-readdir@^2.2.2
1204 silly packumentCache full:https://registry.npmjs.org/recursive-readdir cache-miss
1205 http cache https://registry.npmjs.org/@babel%2fcode-frame 135ms (cache hit)
1206 silly packumentCache full:https://registry.npmjs.org/@babel%2fcode-frame set size:198217 disposed:false
1207 silly fetch manifest react-error-overlay@^6.0.11
1208 silly packumentCache full:https://registry.npmjs.org/react-error-overlay cache-miss
1209 http fetch GET 200 https://registry.npmjs.org/global-modules 598ms (cache miss)
1210 silly packumentCache full:https://registry.npmjs.org/global-modules set size:undefined disposed:false
1211 silly fetch manifest fork-ts-checker-webpack-plugin@^6.5.0
1212 silly packumentCache full:https://registry.npmjs.org/fork-ts-checker-webpack-plugin cache-miss
1213 http fetch GET 200 https://registry.npmjs.org/recursive-readdir 1058ms (cache miss)
1214 silly packumentCache full:https://registry.npmjs.org/recursive-readdir set size:undefined disposed:false
1215 silly fetch manifest es-errors@^1.3.0
1216 silly packumentCache full:https://registry.npmjs.org/es-errors cache-miss
1217 http fetch GET 200 https://registry.npmjs.org/filesize 3205ms (cache miss)
1218 silly packumentCache full:https://registry.npmjs.org/filesize set size:undefined disposed:false
1219 silly fetch manifest is-core-module@^2.16.1
1220 silly packumentCache full:https://registry.npmjs.org/is-core-module cache-miss
1221 http fetch GET 200 https://registry.npmjs.org/es-errors 773ms (cache revalidated)
1222 silly packumentCache full:https://registry.npmjs.org/es-errors set size:16918 disposed:false
1223 silly fetch manifest path-parse@^1.0.7
1224 silly packumentCache full:https://registry.npmjs.org/path-parse cache-miss
1225 http fetch GET 200 https://registry.npmjs.org/path-parse 505ms (cache miss)
1226 silly packumentCache full:https://registry.npmjs.org/path-parse set size:undefined disposed:false
1227 silly fetch manifest supports-preserve-symlinks-flag@^1.0.0
1228 silly packumentCache full:https://registry.npmjs.org/supports-preserve-symlinks-flag cache-miss
1229 http fetch GET 200 https://registry.npmjs.org/supports-preserve-symlinks-flag 320ms (cache miss)
1230 silly packumentCache full:https://registry.npmjs.org/supports-preserve-symlinks-flag set size:undefined disposed:false
1231 silly fetch manifest adjust-sourcemap-loader@^4.0.0
1232 silly packumentCache full:https://registry.npmjs.org/adjust-sourcemap-loader cache-miss
1233 http fetch GET 200 https://registry.npmjs.org/react-error-overlay 3060ms (cache miss)
1234 silly packumentCache full:https://registry.npmjs.org/react-error-overlay set size:undefined disposed:false
1235 silly fetch manifest convert-source-map@^1.7.0
1236 silly packumentCache full:https://registry.npmjs.org/convert-source-map cache-miss
1237 http cache https://registry.npmjs.org/convert-source-map 15ms (cache hit)
1238 silly packumentCache full:https://registry.npmjs.org/convert-source-map set size:66997 disposed:false
1239 silly fetch manifest postcss@^7.0.35
1240 silly packumentCache full:https://registry.npmjs.org/postcss cache-hit
1241 silly fetch manifest source-map@0.6.1
1242 silly packumentCache full:https://registry.npmjs.org/source-map cache-hit
1243 silly fetch manifest klona@^2.0.4
1244 silly packumentCache full:https://registry.npmjs.org/klona cache-miss
1245 http cache https://registry.npmjs.org/klona 23ms (cache hit)
1246 silly packumentCache full:https://registry.npmjs.org/klona set size:42195 disposed:false
1247 silly fetch manifest neo-async@^2.6.2
1248 silly packumentCache full:https://registry.npmjs.org/neo-async cache-miss
1249 http fetch GET 200 https://registry.npmjs.org/adjust-sourcemap-loader 889ms (cache miss)
1250 silly packumentCache full:https://registry.npmjs.org/adjust-sourcemap-loader set size:undefined disposed:false
1251 silly fetch manifest abab@^2.0.5
1252 silly packumentCache full:https://registry.npmjs.org/abab cache-miss
1253 http fetch GET 200 https://registry.npmjs.org/abab 680ms (cache miss)
1254 silly packumentCache full:https://registry.npmjs.org/abab set size:undefined disposed:false
1255 silly fetch manifest iconv-lite@^0.6.3
1256 silly packumentCache full:https://registry.npmjs.org/iconv-lite cache-miss
1257 http fetch GET 200 https://registry.npmjs.org/neo-async 1377ms (cache miss)
1258 silly packumentCache full:https://registry.npmjs.org/neo-async set size:undefined disposed:false
1259 silly fetch manifest source-map-js@^1.0.1
1260 silly packumentCache full:https://registry.npmjs.org/source-map-js cache-miss
1261 http fetch GET 200 https://registry.npmjs.org/iconv-lite 262ms (cache revalidated)
1262 silly packumentCache full:https://registry.npmjs.org/iconv-lite set size:120557 disposed:false
1263 silly fetch manifest arg@^5.0.2
1264 silly packumentCache full:https://registry.npmjs.org/arg cache-miss
1265 http cache https://registry.npmjs.org/source-map-js 29ms (cache hit)
1266 silly packumentCache full:https://registry.npmjs.org/source-map-js set size:62640 disposed:false
1267 silly fetch manifest dlv@^1.1.3
1268 silly packumentCache full:https://registry.npmjs.org/dlv cache-miss
1269 http fetch GET 200 https://registry.npmjs.org/arg 249ms (cache revalidated)
1270 silly packumentCache full:https://registry.npmjs.org/arg set size:67036 disposed:false
1271 silly fetch manifest jiti@^1.21.7
1272 silly packumentCache full:https://registry.npmjs.org/jiti cache-miss
1273 http fetch GET 200 https://registry.npmjs.org/dlv 384ms (cache miss)
1274 silly packumentCache full:https://registry.npmjs.org/dlv set size:undefined disposed:false
1275 silly fetch manifest is-glob@^4.0.3
1276 silly packumentCache full:https://registry.npmjs.org/is-glob cache-miss
1277 http cache https://registry.npmjs.org/is-glob 17ms (cache hit)
1278 silly packumentCache full:https://registry.npmjs.org/is-glob set size:40530 disposed:false
1279 silly fetch manifest sucrase@^3.35.0
1280 silly packumentCache full:https://registry.npmjs.org/sucrase cache-miss
1281 http fetch GET 200 https://registry.npmjs.org/fork-ts-checker-webpack-plugin 5621ms (cache miss)
1282 silly packumentCache full:https://registry.npmjs.org/fork-ts-checker-webpack-plugin set size:undefined disposed:false
1283 silly fetch manifest chokidar@^3.6.0
1284 silly packumentCache full:https://registry.npmjs.org/chokidar cache-miss
1285 http fetch GET 200 https://registry.npmjs.org/is-core-module 4124ms (cache miss)
1286 silly packumentCache full:https://registry.npmjs.org/is-core-module set size:undefined disposed:false
1287 silly fetch manifest fast-glob@^3.3.2
1288 silly packumentCache full:https://registry.npmjs.org/fast-glob cache-miss
1289 http fetch GET 200 https://registry.npmjs.org/sucrase 1776ms (cache miss)
1290 silly packumentCache full:https://registry.npmjs.org/sucrase set size:undefined disposed:false
1291 silly fetch manifest lilconfig@^3.1.3
1292 silly packumentCache full:https://registry.npmjs.org/lilconfig cache-miss
1293 http fetch GET 200 https://registry.npmjs.org/lilconfig 815ms (cache miss)
1294 silly packumentCache full:https://registry.npmjs.org/lilconfig set size:undefined disposed:false
1295 silly fetch manifest didyoumean@^1.2.2
1296 silly packumentCache full:https://registry.npmjs.org/didyoumean cache-miss
1297 http fetch GET 200 https://registry.npmjs.org/chokidar 1927ms (cache miss)
1298 silly packumentCache full:https://registry.npmjs.org/chokidar set size:undefined disposed:false
1299 silly fetch manifest micromatch@^4.0.8
1300 silly packumentCache full:https://registry.npmjs.org/micromatch cache-miss
1301 http cache https://registry.npmjs.org/micromatch 66ms (cache hit)
1302 silly packumentCache full:https://registry.npmjs.org/micromatch set size:240630 disposed:false
1303 silly fetch manifest postcss-js@^4.0.1
1304 silly packumentCache full:https://registry.npmjs.org/postcss-js cache-miss
1305 http fetch GET 200 https://registry.npmjs.org/fast-glob 1922ms (cache miss)
1306 silly packumentCache full:https://registry.npmjs.org/fast-glob set size:undefined disposed:false
1307 silly fetch manifest object-hash@^3.0.0
1308 silly packumentCache full:https://registry.npmjs.org/object-hash cache-miss
1309 http fetch GET 200 https://registry.npmjs.org/jiti 3260ms (cache miss)
1310 silly packumentCache full:https://registry.npmjs.org/jiti set size:undefined disposed:false
1311 silly fetch manifest postcss-import@^15.1.0
1312 silly packumentCache full:https://registry.npmjs.org/postcss-import cache-miss
1313 http fetch GET 200 https://registry.npmjs.org/didyoumean 521ms (cache miss)
1314 silly packumentCache full:https://registry.npmjs.org/didyoumean set size:undefined disposed:false
1315 silly fetch manifest postcss-nested@^6.2.0
1316 silly packumentCache full:https://registry.npmjs.org/postcss-nested cache-miss
1317 http fetch GET 200 https://registry.npmjs.org/postcss-nested 665ms (cache miss)
1318 silly packumentCache full:https://registry.npmjs.org/postcss-nested set size:undefined disposed:false
1319 silly fetch manifest @alloc/quick-lru@^5.2.0
1320 silly packumentCache full:https://registry.npmjs.org/@alloc%2fquick-lru cache-miss
1321 http fetch GET 200 https://registry.npmjs.org/@alloc%2fquick-lru 298ms (cache miss)
1322 silly packumentCache full:https://registry.npmjs.org/@alloc%2fquick-lru set size:undefined disposed:false
1323 silly fetch manifest postcss-load-config@^4.0.2 || ^5.0 || ^6.0
1324 silly packumentCache full:https://registry.npmjs.org/postcss-load-config cache-miss
1325 http fetch GET 200 https://registry.npmjs.org/postcss-js 1479ms (cache miss)
1326 silly packumentCache full:https://registry.npmjs.org/postcss-js set size:undefined disposed:false
1327 silly fetch manifest postcss-selector-parser@^6.1.2
1328 silly packumentCache full:https://registry.npmjs.org/postcss-selector-parser cache-miss
1329 http fetch GET 200 https://registry.npmjs.org/postcss-import 1149ms (cache miss)
1330 silly packumentCache full:https://registry.npmjs.org/postcss-import set size:undefined disposed:false
1331 silly fetch manifest @jridgewell/trace-mapping@^0.3.25
1332 silly packumentCache full:https://registry.npmjs.org/@jridgewell%2ftrace-mapping cache-miss
1333 http fetch GET 200 https://registry.npmjs.org/object-hash 1671ms (cache miss)
1334 silly packumentCache full:https://registry.npmjs.org/object-hash set size:undefined disposed:false
1335 silly fetch manifest jest-worker@^27.4.5
1336 silly packumentCache full:https://registry.npmjs.org/jest-worker cache-hit
1337 silly fetch manifest schema-utils@^4.3.0
1338 silly packumentCache full:https://registry.npmjs.org/schema-utils cache-hit
1339 silly fetch manifest terser@^5.31.1
1340 silly packumentCache full:https://registry.npmjs.org/terser cache-miss
1341 http fetch GET 200 https://registry.npmjs.org/postcss-load-config 692ms (cache miss)
1342 silly packumentCache full:https://registry.npmjs.org/postcss-load-config set size:undefined disposed:false
1343 silly fetch manifest @types/eslint-scope@^3.7.7
1344 silly packumentCache full:https://registry.npmjs.org/@types%2feslint-scope cache-miss
1345 silly fetch manifest @types/estree@^1.0.8
1346 silly packumentCache full:https://registry.npmjs.org/@types%2festree cache-miss
1347 http fetch GET https://registry.npmjs.org/@types%2feslint-scope attempt 1 failed with ETIMEDOUT
1348 http fetch GET https://registry.npmjs.org/@types%2festree attempt 1 failed with ECONNRESET
