0 verbose cli /data/data/com.termux/files/usr/bin/node /data/data/com.termux/files/usr/bin/npm
1 info using npm@11.13.0
2 info using node@v25.8.2
3 silly config load:file:/data/data/com.termux/files/usr/lib/node_modules/npm/npmrc
4 silly config load:file:/data/data/com.termux/files/home/nexus-ai/frontend/canvas/.npmrc
5 silly config load:file:/data/data/com.termux/files/home/.npmrc
6 silly config load:file:/data/data/com.termux/files/usr/etc/npmrc
7 verbose title npm install
8 verbose argv "install" "--legacy-peer-deps"
9 verbose logfile logs-max:10 dir:/data/data/com.termux/files/home/.npm/_logs/2026-05-04T21_43_07_108Z-
10 verbose logfile /data/data/com.termux/files/home/.npm/_logs/2026-05-04T21_43_07_108Z-debug-0.log
11 silly logfile start cleaning logs, removing 1 files
12 silly logfile done cleaning log files
13 silly packumentCache heap:1089470464 maxSize:272367616 maxEntrySize:136183808
14 silly idealTree buildDeps
15 silly fetch manifest react@^18.2.0
16 silly packumentCache full:https://registry.npmjs.org/react cache-miss
17 http cache https://registry.npmjs.org/react 151ms (cache hit)
18 silly packumentCache full:https://registry.npmjs.org/react set size:6637568 disposed:false
19 silly fetch manifest react-dom@^18.2.0
20 silly packumentCache full:https://registry.npmjs.org/react-dom cache-miss
21 http cache https://registry.npmjs.org/react-dom 120ms (cache hit)
22 silly packumentCache full:https://registry.npmjs.org/react-dom set size:8846320 disposed:false
23 silly fetch manifest react-scripts@5.0.1
24 silly packumentCache full:https://registry.npmjs.org/react-scripts cache-miss
25 http cache https://registry.npmjs.org/react-scripts 43ms (cache hit)
26 silly packumentCache full:https://registry.npmjs.org/react-scripts set size:485610 disposed:false
27 silly placeDep ROOT react@18.3.1 OK for: nexus-canvas@1.0.0 want: ^18.2.0
28 silly placeDep ROOT react-dom@18.3.1 OK for: nexus-canvas@1.0.0 want: ^18.2.0
29 silly placeDep ROOT react-scripts@5.0.1 OK for: nexus-canvas@1.0.0 want: 5.0.1
30 silly fetch manifest loose-envify@^1.1.0
31 silly packumentCache full:https://registry.npmjs.org/loose-envify cache-miss
32 silly fetch manifest scheduler@^0.23.2
33 silly packumentCache full:https://registry.npmjs.org/scheduler cache-miss
34 silly fetch manifest loose-envify@^1.1.0
35 silly packumentCache full:https://registry.npmjs.org/loose-envify cache-miss
36 silly fetch manifest bfj@^7.0.2
37 silly packumentCache full:https://registry.npmjs.org/bfj cache-miss
38 silly fetch manifest jest@^27.4.3
39 silly packumentCache full:https://registry.npmjs.org/jest cache-miss
40 silly fetch manifest dotenv@^10.0.0
41 silly packumentCache full:https://registry.npmjs.org/dotenv cache-miss
42 silly fetch manifest eslint@^8.3.0
43 silly packumentCache full:https://registry.npmjs.org/eslint cache-miss
44 http cache https://registry.npmjs.org/loose-envify 52ms (cache hit)
45 silly packumentCache full:https://registry.npmjs.org/loose-envify set size:12559 disposed:false
46 silly fetch manifest semver@^7.3.5
47 silly packumentCache full:https://registry.npmjs.org/semver cache-miss
48 http cache https://registry.npmjs.org/loose-envify 64ms (cache hit)
49 silly packumentCache full:https://registry.npmjs.org/loose-envify set size:12559 disposed:false
50 silly packumentCache full:https://registry.npmjs.org/loose-envify dispose
51 silly fetch manifest postcss@^8.4.4
52 silly packumentCache full:https://registry.npmjs.org/postcss cache-miss
53 http cache https://registry.npmjs.org/bfj 67ms (cache hit)
54 silly packumentCache full:https://registry.npmjs.org/bfj set size:141981 disposed:false
55 silly fetch manifest prompts@^2.4.2
56 silly packumentCache full:https://registry.npmjs.org/prompts cache-miss
57 http cache https://registry.npmjs.org/scheduler 122ms (cache hit)
58 silly packumentCache full:https://registry.npmjs.org/scheduler set size:5499334 disposed:false
59 silly fetch manifest resolve@^1.20.0
60 silly packumentCache full:https://registry.npmjs.org/resolve cache-miss
61 http cache https://registry.npmjs.org/dotenv 308ms (cache hit)
62 silly packumentCache full:https://registry.npmjs.org/dotenv set size:277832 disposed:false
63 silly fetch manifest webpack@^5.64.4
64 silly packumentCache full:https://registry.npmjs.org/webpack cache-miss
65 http cache https://registry.npmjs.org/eslint 343ms (cache hit)
66 silly packumentCache full:https://registry.npmjs.org/eslint set size:1990528 disposed:false
67 silly fetch manifest fs-extra@^10.0.0
68 silly packumentCache full:https://registry.npmjs.org/fs-extra cache-miss
69 http cache https://registry.npmjs.org/jest 501ms (cache hit)
70 silly packumentCache full:https://registry.npmjs.org/jest set size:855903 disposed:false
71 silly fetch manifest camelcase@^6.2.1
72 silly packumentCache full:https://registry.npmjs.org/camelcase cache-miss
73 http cache https://registry.npmjs.org/semver 507ms (cache hit)
74 silly packumentCache full:https://registry.npmjs.org/semver set size:229571 disposed:false
75 silly fetch manifest babel-jest@^27.4.2
76 silly packumentCache full:https://registry.npmjs.org/babel-jest cache-miss
77 http cache https://registry.npmjs.org/postcss 518ms (cache hit)
78 silly packumentCache full:https://registry.npmjs.org/postcss set size:720302 disposed:false
79 silly fetch manifest css-loader@^6.5.1
80 silly packumentCache full:https://registry.npmjs.org/css-loader cache-miss
81 http cache https://registry.npmjs.org/prompts 540ms (cache hit)
82 silly packumentCache full:https://registry.npmjs.org/prompts set size:115896 disposed:false
83 silly fetch manifest @babel/core@^7.16.0
84 silly packumentCache full:https://registry.npmjs.org/@babel%2fcore cache-miss
85 http cache https://registry.npmjs.org/resolve 340ms (cache hit)
86 silly packumentCache full:https://registry.npmjs.org/resolve set size:252941 disposed:false
87 silly fetch manifest file-loader@^6.2.0
88 silly packumentCache full:https://registry.npmjs.org/file-loader cache-miss
89 http cache https://registry.npmjs.org/fs-extra 167ms (cache hit)
90 silly packumentCache full:https://registry.npmjs.org/fs-extra set size:232595 disposed:false
91 silly fetch manifest sass-loader@^12.3.0
92 silly packumentCache full:https://registry.npmjs.org/sass-loader cache-miss
93 http cache https://registry.npmjs.org/webpack 379ms (cache hit)
94 silly packumentCache full:https://registry.npmjs.org/webpack set size:5004069 disposed:false
95 silly fetch manifest tailwindcss@^3.0.2
96 silly packumentCache full:https://registry.npmjs.org/tailwindcss cache-miss
97 http cache https://registry.npmjs.org/camelcase 351ms (cache hit)
98 silly packumentCache full:https://registry.npmjs.org/camelcase set size:60255 disposed:false
99 silly fetch manifest babel-loader@^8.2.3
100 silly packumentCache full:https://registry.npmjs.org/babel-loader cache-miss
101 http cache https://registry.npmjs.org/babel-jest 368ms (cache hit)
102 silly packumentCache full:https://registry.npmjs.org/babel-jest set size:686500 disposed:false
103 silly fetch manifest browserslist@^4.18.1
104 silly packumentCache full:https://registry.npmjs.org/browserslist cache-miss
105 http cache https://registry.npmjs.org/css-loader 360ms (cache hit)
106 silly packumentCache full:https://registry.npmjs.org/css-loader set size:520219 disposed:false
107 silly fetch manifest jest-resolve@^27.4.2
108 silly packumentCache full:https://registry.npmjs.org/jest-resolve cache-miss
109 http cache https://registry.npmjs.org/@babel%2fcore 379ms (cache hit)
110 silly packumentCache full:https://registry.npmjs.org/@babel%2fcore set size:764052 disposed:false
111 silly fetch manifest style-loader@^3.3.1
112 silly packumentCache full:https://registry.npmjs.org/style-loader cache-miss
113 http cache https://registry.npmjs.org/file-loader 391ms (cache hit)
114 silly packumentCache full:https://registry.npmjs.org/file-loader set size:159117 disposed:false
115 silly fetch manifest @svgr/webpack@^5.5.0
116 silly packumentCache full:https://registry.npmjs.org/@svgr%2fwebpack cache-miss
117 http cache https://registry.npmjs.org/babel-loader 162ms (cache hit)
118 silly packumentCache full:https://registry.npmjs.org/babel-loader set size:257763 disposed:false
119 silly fetch manifest dotenv-expand@^5.1.0
120 silly packumentCache full:https://registry.npmjs.org/dotenv-expand cache-miss
121 http cache https://registry.npmjs.org/sass-loader 415ms (cache hit)
122 silly packumentCache full:https://registry.npmjs.org/sass-loader set size:423463 disposed:false
123 silly fetch manifest react-refresh@^0.11.0
124 silly packumentCache full:https://registry.npmjs.org/react-refresh cache-miss
125 http cache https://registry.npmjs.org/tailwindcss 320ms (cache hit)
126 silly packumentCache full:https://registry.npmjs.org/tailwindcss set size:10447962 disposed:false
127 silly fetch manifest postcss-loader@^6.2.1
128 silly packumentCache full:https://registry.npmjs.org/postcss-loader cache-miss
129 http cache https://registry.npmjs.org/browserslist 555ms (cache hit)
130 silly packumentCache full:https://registry.npmjs.org/browserslist set size:504681 disposed:false
131 silly fetch manifest react-dev-utils@^12.0.1
132 silly packumentCache full:https://registry.npmjs.org/react-dev-utils cache-miss
133 http cache https://registry.npmjs.org/jest-resolve 573ms (cache hit)
134 silly packumentCache full:https://registry.npmjs.org/jest-resolve set size:656119 disposed:false
135 silly fetch manifest postcss-normalize@^10.0.1
136 silly packumentCache full:https://registry.npmjs.org/postcss-normalize cache-miss
137 http cache https://registry.npmjs.org/@svgr%2fwebpack 595ms (cache hit)
138 silly packumentCache full:https://registry.npmjs.org/@svgr%2fwebpack set size:155748 disposed:false
139 silly fetch manifest source-map-loader@^3.0.0
140 silly packumentCache full:https://registry.npmjs.org/source-map-loader cache-miss
141 http cache https://registry.npmjs.org/style-loader 625ms (cache hit)
142 silly packumentCache full:https://registry.npmjs.org/style-loader set size:214168 disposed:false
143 silly fetch manifest identity-obj-proxy@^3.0.0
144 silly packumentCache full:https://registry.npmjs.org/identity-obj-proxy cache-miss
145 http cache https://registry.npmjs.org/dotenv-expand 603ms (cache hit)
146 silly packumentCache full:https://registry.npmjs.org/dotenv-expand set size:69432 disposed:false
147 silly fetch manifest postcss-preset-env@^7.0.1
148 silly packumentCache full:https://registry.npmjs.org/postcss-preset-env cache-miss
149 http cache https://registry.npmjs.org/postcss-normalize 68ms (cache hit)
150 silly packumentCache full:https://registry.npmjs.org/postcss-normalize set size:67620 disposed:false
151 silly fetch manifest react-app-polyfill@^3.0.0
152 silly packumentCache full:https://registry.npmjs.org/react-app-polyfill cache-miss
153 http cache https://registry.npmjs.org/postcss-loader 214ms (cache hit)
154 silly packumentCache full:https://registry.npmjs.org/postcss-loader set size:282135 disposed:false
155 silly fetch manifest resolve-url-loader@^4.0.0
156 silly packumentCache full:https://registry.npmjs.org/resolve-url-loader cache-miss
157 http cache https://registry.npmjs.org/react-dev-utils 170ms (cache hit)
158 silly packumentCache full:https://registry.npmjs.org/react-dev-utils set size:320676 disposed:false
159 silly fetch manifest webpack-dev-server@^4.6.0
160 silly packumentCache full:https://registry.npmjs.org/webpack-dev-server cache-miss
161 http cache https://registry.npmjs.org/react-refresh 680ms (cache hit)
162 silly packumentCache full:https://registry.npmjs.org/react-refresh set size:6322211 disposed:false
163 silly fetch manifest html-webpack-plugin@^5.5.0
164 silly packumentCache full:https://registry.npmjs.org/html-webpack-plugin cache-miss
165 http cache https://registry.npmjs.org/identity-obj-proxy 335ms (cache hit)
166 silly packumentCache full:https://registry.npmjs.org/identity-obj-proxy set size:8188 disposed:false
167 silly fetch manifest jest-watch-typeahead@^1.0.0
168 silly packumentCache full:https://registry.npmjs.org/jest-watch-typeahead cache-miss
169 http cache https://registry.npmjs.org/source-map-loader 360ms (cache hit)
170 silly packumentCache full:https://registry.npmjs.org/source-map-loader set size:100772 disposed:false
171 silly fetch manifest eslint-webpack-plugin@^3.1.1
172 silly packumentCache full:https://registry.npmjs.org/eslint-webpack-plugin cache-miss
173 http cache https://registry.npmjs.org/react-app-polyfill 333ms (cache hit)
174 silly packumentCache full:https://registry.npmjs.org/react-app-polyfill set size:107977 disposed:false
175 silly fetch manifest terser-webpack-plugin@^5.2.5
176 silly packumentCache full:https://registry.npmjs.org/terser-webpack-plugin cache-miss
177 http cache https://registry.npmjs.org/postcss-preset-env 360ms (cache hit)
178 silly packumentCache full:https://registry.npmjs.org/postcss-preset-env set size:732078 disposed:false
179 silly fetch manifest babel-preset-react-app@^10.0.1
180 silly packumentCache full:https://registry.npmjs.org/babel-preset-react-app cache-miss
181 http cache https://registry.npmjs.org/webpack-dev-server 357ms (cache hit)
182 silly packumentCache full:https://registry.npmjs.org/webpack-dev-server set size:846607 disposed:false
183 silly fetch manifest postcss-flexbugs-fixes@^5.0.2
184 silly packumentCache full:https://registry.npmjs.org/postcss-flexbugs-fixes cache-miss
185 http cache https://registry.npmjs.org/resolve-url-loader 428ms (cache hit)
186 silly packumentCache full:https://registry.npmjs.org/resolve-url-loader set size:274156 disposed:false
187 silly fetch manifest workbox-webpack-plugin@^6.4.1
188 silly packumentCache full:https://registry.npmjs.org/workbox-webpack-plugin cache-miss
189 http cache https://registry.npmjs.org/html-webpack-plugin 217ms (cache hit)
190 silly packumentCache full:https://registry.npmjs.org/html-webpack-plugin set size:497321 disposed:false
191 silly fetch manifest eslint-config-react-app@^7.0.1
192 silly packumentCache full:https://registry.npmjs.org/eslint-config-react-app cache-miss
193 http cache https://registry.npmjs.org/jest-watch-typeahead 257ms (cache hit)
194 silly packumentCache full:https://registry.npmjs.org/jest-watch-typeahead set size:135613 disposed:false
195 silly fetch manifest mini-css-extract-plugin@^2.4.5
196 silly packumentCache full:https://registry.npmjs.org/mini-css-extract-plugin cache-miss
197 http cache https://registry.npmjs.org/eslint-webpack-plugin 260ms (cache hit)
198 silly packumentCache full:https://registry.npmjs.org/eslint-webpack-plugin set size:149078 disposed:false
199 silly fetch manifest webpack-manifest-plugin@^4.0.2
200 silly packumentCache full:https://registry.npmjs.org/webpack-manifest-plugin cache-miss
201 http cache https://registry.npmjs.org/terser-webpack-plugin 259ms (cache hit)
202 silly packumentCache full:https://registry.npmjs.org/terser-webpack-plugin set size:400206 disposed:false
203 silly fetch manifest css-minimizer-webpack-plugin@^3.2.0
204 silly packumentCache full:https://registry.npmjs.org/css-minimizer-webpack-plugin cache-miss
205 http cache https://registry.npmjs.org/postcss-flexbugs-fixes 176ms (cache hit)
206 silly packumentCache full:https://registry.npmjs.org/postcss-flexbugs-fixes set size:45700 disposed:false
207 silly fetch manifest babel-plugin-named-asset-import@^0.3.8
208 silly packumentCache full:https://registry.npmjs.org/babel-plugin-named-asset-import cache-miss
209 http cache https://registry.npmjs.org/babel-preset-react-app 241ms (cache hit)
210 silly packumentCache full:https://registry.npmjs.org/babel-preset-react-app set size:230562 disposed:false
211 silly fetch manifest case-sensitive-paths-webpack-plugin@^2.4.0
212 silly packumentCache full:https://registry.npmjs.org/case-sensitive-paths-webpack-plugin cache-miss
213 http cache https://registry.npmjs.org/workbox-webpack-plugin 172ms (cache hit)
214 silly packumentCache full:https://registry.npmjs.org/workbox-webpack-plugin set size:277780 disposed:false
215 silly fetch manifest @pmmmwh/react-refresh-webpack-plugin@^0.5.3
216 silly packumentCache full:https://registry.npmjs.org/@pmmmwh%2freact-refresh-webpack-plugin cache-miss
217 http cache https://registry.npmjs.org/eslint-config-react-app 144ms (cache hit)
218 silly packumentCache full:https://registry.npmjs.org/eslint-config-react-app set size:196719 disposed:false
219 silly fetch manifest fsevents@^2.3.2
220 silly packumentCache full:https://registry.npmjs.org/fsevents cache-miss
221 http cache https://registry.npmjs.org/webpack-manifest-plugin 113ms (cache hit)
222 silly packumentCache full:https://registry.npmjs.org/webpack-manifest-plugin set size:125261 disposed:false
223 http cache https://registry.npmjs.org/mini-css-extract-plugin 138ms (cache hit)
224 silly packumentCache full:https://registry.npmjs.org/mini-css-extract-plugin set size:404474 disposed:false
225 http cache https://registry.npmjs.org/babel-plugin-named-asset-import 109ms (cache hit)
226 silly packumentCache full:https://registry.npmjs.org/babel-plugin-named-asset-import set size:111176 disposed:false
227 http cache https://registry.npmjs.org/css-minimizer-webpack-plugin 124ms (cache hit)
228 silly packumentCache full:https://registry.npmjs.org/css-minimizer-webpack-plugin set size:186221 disposed:false
229 http cache https://registry.npmjs.org/case-sensitive-paths-webpack-plugin 114ms (cache hit)
230 silly packumentCache full:https://registry.npmjs.org/case-sensitive-paths-webpack-plugin set size:32422 disposed:false
231 http cache https://registry.npmjs.org/@pmmmwh%2freact-refresh-webpack-plugin 101ms (cache hit)
232 silly packumentCache full:https://registry.npmjs.org/@pmmmwh%2freact-refresh-webpack-plugin set size:358984 disposed:false
233 http cache https://registry.npmjs.org/fsevents 109ms (cache hit)
234 silly packumentCache full:https://registry.npmjs.org/fsevents set size:182472 disposed:false
235 silly placeDep ROOT loose-envify@1.4.0 OK for: react@18.3.1 want: ^1.1.0
236 silly fetch manifest js-tokens@^3.0.0 || ^4.0.0
237 silly packumentCache full:https://registry.npmjs.org/js-tokens cache-miss
238 http cache https://registry.npmjs.org/js-tokens 15ms (cache hit)
239 silly packumentCache full:https://registry.npmjs.org/js-tokens set size:41947 disposed:false
240 silly placeDep ROOT js-tokens@4.0.0 OK for: loose-envify@1.4.0 want: ^3.0.0 || ^4.0.0
241 silly placeDep ROOT scheduler@0.23.2 OK for: react-dom@18.3.1 want: ^0.23.2
242 silly placeDep ROOT @babel/core@7.29.0 OK for: react-scripts@5.0.1 want: ^7.16.0
243 silly placeDep ROOT @pmmmwh/react-refresh-webpack-plugin@0.5.17 OK for: react-scripts@5.0.1 want: ^0.5.3
244 silly placeDep ROOT @svgr/webpack@5.5.0 OK for: react-scripts@5.0.1 want: ^5.5.0
245 silly placeDep ROOT babel-jest@27.5.1 OK for: react-scripts@5.0.1 want: ^27.4.2
246 silly placeDep ROOT babel-loader@8.4.1 OK for: react-scripts@5.0.1 want: ^8.2.3
247 silly placeDep ROOT babel-plugin-named-asset-import@0.3.8 OK for: react-scripts@5.0.1 want: ^0.3.8
248 silly placeDep ROOT babel-preset-react-app@10.1.0 OK for: react-scripts@5.0.1 want: ^10.0.1
249 silly placeDep ROOT bfj@7.1.0 OK for: react-scripts@5.0.1 want: ^7.0.2
250 silly placeDep ROOT browserslist@4.28.2 OK for: react-scripts@5.0.1 want: ^4.18.1
251 silly placeDep ROOT camelcase@6.3.0 OK for: react-scripts@5.0.1 want: ^6.2.1
252 silly placeDep ROOT case-sensitive-paths-webpack-plugin@2.4.0 OK for: react-scripts@5.0.1 want: ^2.4.0
253 silly placeDep ROOT css-loader@6.11.0 OK for: react-scripts@5.0.1 want: ^6.5.1
254 silly placeDep ROOT css-minimizer-webpack-plugin@3.4.1 OK for: react-scripts@5.0.1 want: ^3.2.0
255 silly placeDep ROOT dotenv@10.0.0 OK for: react-scripts@5.0.1 want: ^10.0.0
256 silly placeDep ROOT dotenv-expand@5.1.0 OK for: react-scripts@5.0.1 want: ^5.1.0
257 silly placeDep ROOT eslint@8.57.1 OK for: react-scripts@5.0.1 want: ^8.3.0
258 silly placeDep ROOT eslint-config-react-app@7.0.1 OK for: react-scripts@5.0.1 want: ^7.0.1
259 silly placeDep ROOT eslint-webpack-plugin@3.2.0 OK for: react-scripts@5.0.1 want: ^3.1.1
260 silly placeDep ROOT file-loader@6.2.0 OK for: react-scripts@5.0.1 want: ^6.2.0
261 silly placeDep ROOT fs-extra@10.1.0 OK for: react-scripts@5.0.1 want: ^10.0.0
262 silly placeDep ROOT fsevents@2.3.3 OK for: react-scripts@5.0.1 want: ^2.3.2
263 silly placeDep ROOT html-webpack-plugin@5.6.7 OK for: react-scripts@5.0.1 want: ^5.5.0
264 silly placeDep ROOT identity-obj-proxy@3.0.0 OK for: react-scripts@5.0.1 want: ^3.0.0
265 silly placeDep ROOT jest@27.5.1 OK for: react-scripts@5.0.1 want: ^27.4.3
266 silly placeDep ROOT jest-resolve@27.5.1 OK for: react-scripts@5.0.1 want: ^27.4.2
267 silly placeDep ROOT jest-watch-typeahead@1.1.0 OK for: react-scripts@5.0.1 want: ^1.0.0
268 silly placeDep ROOT mini-css-extract-plugin@2.10.2 OK for: react-scripts@5.0.1 want: ^2.4.5
269 silly placeDep ROOT postcss@8.5.14 OK for: react-scripts@5.0.1 want: ^8.4.4
270 silly placeDep ROOT postcss-flexbugs-fixes@5.0.2 OK for: react-scripts@5.0.1 want: ^5.0.2
271 silly placeDep ROOT postcss-loader@6.2.1 OK for: react-scripts@5.0.1 want: ^6.2.1
272 silly placeDep ROOT postcss-normalize@10.0.1 OK for: react-scripts@5.0.1 want: ^10.0.1
273 silly placeDep ROOT postcss-preset-env@7.8.3 OK for: react-scripts@5.0.1 want: ^7.0.1
274 silly placeDep ROOT prompts@2.4.2 OK for: react-scripts@5.0.1 want: ^2.4.2
275 silly placeDep ROOT react-app-polyfill@3.0.0 OK for: react-scripts@5.0.1 want: ^3.0.0
276 silly placeDep ROOT react-dev-utils@12.0.1 OK for: react-scripts@5.0.1 want: ^12.0.1
277 silly placeDep ROOT react-refresh@0.11.0 OK for: react-scripts@5.0.1 want: ^0.11.0
278 silly placeDep ROOT resolve@1.22.12 OK for: react-scripts@5.0.1 want: ^1.20.0
279 silly placeDep ROOT resolve-url-loader@4.0.0 OK for: react-scripts@5.0.1 want: ^4.0.0
280 silly placeDep ROOT sass-loader@12.6.0 OK for: react-scripts@5.0.1 want: ^12.3.0
281 silly placeDep ROOT semver@7.7.4 OK for: react-scripts@5.0.1 want: ^7.3.5
282 silly placeDep ROOT source-map-loader@3.0.2 OK for: react-scripts@5.0.1 want: ^3.0.0
283 silly placeDep ROOT style-loader@3.3.4 OK for: react-scripts@5.0.1 want: ^3.3.1
284 silly placeDep ROOT tailwindcss@3.4.19 OK for: react-scripts@5.0.1 want: ^3.0.2
285 silly placeDep ROOT terser-webpack-plugin@5.5.0 OK for: react-scripts@5.0.1 want: ^5.2.5
286 silly placeDep ROOT webpack@5.106.2 OK for: react-scripts@5.0.1 want: ^5.64.4
287 silly placeDep ROOT webpack-dev-server@4.15.2 OK for: react-scripts@5.0.1 want: ^4.6.0
288 silly placeDep ROOT webpack-manifest-plugin@4.1.1 OK for: react-scripts@5.0.1 want: ^4.0.2
289 silly placeDep ROOT workbox-webpack-plugin@6.6.0 OK for: react-scripts@5.0.1 want: ^6.4.1
290 silly fetch manifest debug@^4.1.0
291 silly packumentCache full:https://registry.npmjs.org/debug cache-miss
292 silly fetch manifest json5@^2.2.3
293 silly packumentCache full:https://registry.npmjs.org/json5 cache-miss
294 silly fetch manifest semver@^6.3.1
295 silly packumentCache full:https://registry.npmjs.org/semver cache-hit
296 silly fetch manifest gensync@^1.0.0-beta.2
297 silly packumentCache full:https://registry.npmjs.org/gensync cache-miss
298 silly fetch manifest @babel/types@^7.29.0
299 silly packumentCache full:https://registry.npmjs.org/@babel%2ftypes cache-miss
300 silly fetch manifest @babel/parser@^7.29.0
301 silly packumentCache full:https://registry.npmjs.org/@babel%2fparser cache-miss
302 silly fetch manifest @babel/helpers@^7.28.6
303 silly packumentCache full:https://registry.npmjs.org/@babel%2fhelpers cache-miss
304 silly fetch manifest @babel/template@^7.28.6
305 silly packumentCache full:https://registry.npmjs.org/@babel%2ftemplate cache-miss
306 http cache https://registry.npmjs.org/debug 47ms (cache hit)
307 silly packumentCache full:https://registry.npmjs.org/debug set size:195840 disposed:false
308 silly fetch manifest @babel/traverse@^7.29.0
309 silly packumentCache full:https://registry.npmjs.org/@babel%2ftraverse cache-miss
310 http cache https://registry.npmjs.org/@babel%2ftypes 59ms (cache hit)
311 silly packumentCache full:https://registry.npmjs.org/@babel%2ftypes set size:489931 disposed:false
312 silly fetch manifest @babel/generator@^7.29.0
313 silly packumentCache full:https://registry.npmjs.org/@babel%2fgenerator cache-miss
314 http cache https://registry.npmjs.org/json5 87ms (cache hit)
315 silly packumentCache full:https://registry.npmjs.org/json5 set size:86136 disposed:false
316 silly fetch manifest @babel/code-frame@^7.29.0
317 silly packumentCache full:https://registry.npmjs.org/@babel%2fcode-frame cache-miss
318 http cache https://registry.npmjs.org/gensync 93ms (cache hit)
319 silly packumentCache full:https://registry.npmjs.org/gensync set size:15068 disposed:false
320 silly fetch manifest convert-source-map@^2.0.0
321 silly packumentCache full:https://registry.npmjs.org/convert-source-map cache-miss
322 http cache https://registry.npmjs.org/@babel%2fhelpers 98ms (cache hit)
323 silly packumentCache full:https://registry.npmjs.org/@babel%2fhelpers set size:390175 disposed:false
324 silly fetch manifest @jridgewell/remapping@^2.3.5
325 silly packumentCache full:https://registry.npmjs.org/@jridgewell%2fremapping cache-miss
326 http cache https://registry.npmjs.org/@babel%2fparser 123ms (cache hit)
327 silly packumentCache full:https://registry.npmjs.org/@babel%2fparser set size:723297 disposed:false
328 silly fetch manifest @babel/helper-module-transforms@^7.28.6
329 silly packumentCache full:https://registry.npmjs.org/@babel%2fhelper-module-transforms cache-miss
330 http cache https://registry.npmjs.org/@babel%2ftemplate 159ms (cache hit)
331 silly packumentCache full:https://registry.npmjs.org/@babel%2ftemplate set size:229095 disposed:false
332 silly fetch manifest @babel/helper-compilation-targets@^7.28.6
333 silly packumentCache full:https://registry.npmjs.org/@babel%2fhelper-compilation-targets cache-miss
334 http cache https://registry.npmjs.org/@babel%2fcode-frame 118ms (cache hit)
335 silly packumentCache full:https://registry.npmjs.org/@babel%2fcode-frame set size:198217 disposed:false
336 silly fetch manifest ansi-html@^0.0.9
337 silly packumentCache full:https://registry.npmjs.org/ansi-html cache-miss
338 http cache https://registry.npmjs.org/@jridgewell%2fremapping 103ms (cache hit)
339 silly packumentCache full:https://registry.npmjs.org/@jridgewell%2fremapping set size:23809 disposed:false
340 silly fetch manifest source-map@^0.7.3
341 silly packumentCache full:https://registry.npmjs.org/source-map cache-miss
342 http cache https://registry.npmjs.org/@babel%2fgenerator 153ms (cache hit)
343 silly packumentCache full:https://registry.npmjs.org/@babel%2fgenerator set size:509303 disposed:false
344 silly fetch manifest core-js-pure@^3.23.3
345 silly packumentCache full:https://registry.npmjs.org/core-js-pure cache-miss
346 http cache https://registry.npmjs.org/@babel%2fhelper-module-transforms 100ms (cache hit)
347 silly packumentCache full:https://registry.npmjs.org/@babel%2fhelper-module-transforms set size:335632 disposed:false
348 silly fetch manifest loader-utils@^2.0.4
349 silly packumentCache full:https://registry.npmjs.org/loader-utils cache-miss
350 http cache https://registry.npmjs.org/@babel%2ftraverse 219ms (cache hit)
351 silly packumentCache full:https://registry.npmjs.org/@babel%2ftraverse set size:550946 disposed:false
352 silly fetch manifest schema-utils@^4.2.0
353 silly packumentCache full:https://registry.npmjs.org/schema-utils cache-miss
354 http cache https://registry.npmjs.org/convert-source-map 195ms (cache hit)
355 silly packumentCache full:https://registry.npmjs.org/convert-source-map set size:66997 disposed:false
356 silly fetch manifest html-entities@^2.1.0
357 silly packumentCache full:https://registry.npmjs.org/html-entities cache-miss
358 http cache https://registry.npmjs.org/@babel%2fhelper-compilation-targets 126ms (cache hit)
359 silly packumentCache full:https://registry.npmjs.org/@babel%2fhelper-compilation-targets set size:220831 disposed:false
360 silly fetch manifest error-stack-parser@^2.0.6
361 silly packumentCache full:https://registry.npmjs.org/error-stack-parser cache-miss
362 http cache https://registry.npmjs.org/ansi-html 121ms (cache hit)
363 silly packumentCache full:https://registry.npmjs.org/ansi-html set size:17477 disposed:false
364 silly fetch manifest @babel/plugin-transform-react-constant-elements@^7.12.1
365 silly packumentCache full:https://registry.npmjs.org/@babel%2fplugin-transform-react-constant-elements cache-miss
366 http cache https://registry.npmjs.org/source-map 123ms (cache hit)
367 silly packumentCache full:https://registry.npmjs.org/source-map set size:226141 disposed:false
368 silly fetch manifest @babel/preset-env@^7.12.1
369 silly packumentCache full:https://registry.npmjs.org/@babel%2fpreset-env cache-miss
370 http cache https://registry.npmjs.org/html-entities 66ms (cache hit)
371 silly packumentCache full:https://registry.npmjs.org/html-entities set size:145148 disposed:false
372 silly fetch manifest @babel/preset-react@^7.12.5
373 silly packumentCache full:https://registry.npmjs.org/@babel%2fpreset-react cache-miss
374 http cache https://registry.npmjs.org/core-js-pure 131ms (cache hit)
375 silly packumentCache full:https://registry.npmjs.org/core-js-pure set size:476031 disposed:false
376 silly fetch manifest @svgr/core@^5.5.0
377 silly packumentCache full:https://registry.npmjs.org/@svgr%2fcore cache-miss
378 http cache https://registry.npmjs.org/loader-utils 132ms (cache hit)
379 silly packumentCache full:https://registry.npmjs.org/loader-utils set size:168663 disposed:false
380 silly fetch manifest @svgr/plugin-jsx@^5.5.0
381 silly packumentCache full:https://registry.npmjs.org/@svgr%2fplugin-jsx cache-miss
382 http cache https://registry.npmjs.org/schema-utils 122ms (cache hit)
383 silly packumentCache full:https://registry.npmjs.org/schema-utils set size:166563 disposed:false
384 silly fetch manifest @svgr/plugin-svgo@^5.5.0
385 silly packumentCache full:https://registry.npmjs.org/@svgr%2fplugin-svgo cache-miss
386 http cache https://registry.npmjs.org/error-stack-parser 116ms (cache hit)
387 silly packumentCache full:https://registry.npmjs.org/error-stack-parser set size:89379 disposed:false
388 silly fetch manifest loader-utils@^2.0.0
389 silly packumentCache full:https://registry.npmjs.org/loader-utils cache-hit
390 silly fetch manifest chalk@^4.0.0
391 silly packumentCache full:https://registry.npmjs.org/chalk cache-miss
392 http cache https://registry.npmjs.org/@babel%2fplugin-transform-react-constant-elements 114ms (cache hit)
393 silly packumentCache full:https://registry.npmjs.org/@babel%2fplugin-transform-react-constant-elements set size:241756 disposed:false
394 silly fetch manifest slash@^3.0.0
395 silly packumentCache full:https://registry.npmjs.org/slash cache-miss
396 http cache https://registry.npmjs.org/@babel%2fpreset-react 97ms (cache hit)
397 silly packumentCache full:https://registry.npmjs.org/@babel%2fpreset-react set size:252756 disposed:false
398 silly fetch manifest @jest/types@^27.5.1
399 silly packumentCache full:https://registry.npmjs.org/@jest%2ftypes cache-miss
400 http cache https://registry.npmjs.org/@svgr%2fcore 93ms (cache hit)
401 silly packumentCache full:https://registry.npmjs.org/@svgr%2fcore set size:120179 disposed:false
402 silly fetch manifest graceful-fs@^4.2.9
403 silly packumentCache full:https://registry.npmjs.org/graceful-fs cache-miss
404 http cache https://registry.npmjs.org/@babel%2fpreset-env 145ms (cache hit)
405 silly packumentCache full:https://registry.npmjs.org/@babel%2fpreset-env set size:1168184 disposed:false
406 silly fetch manifest @jest/transform@^27.5.1
407 silly packumentCache full:https://registry.npmjs.org/@jest%2ftransform cache-miss
408 http cache https://registry.npmjs.org/@svgr%2fplugin-jsx 139ms (cache hit)
409 silly packumentCache full:https://registry.npmjs.org/@svgr%2fplugin-jsx set size:106629 disposed:false
410 silly fetch manifest babel-preset-jest@^27.5.1
411 silly packumentCache full:https://registry.npmjs.org/babel-preset-jest cache-miss
412 http cache https://registry.npmjs.org/@svgr%2fplugin-svgo 138ms (cache hit)
413 silly packumentCache full:https://registry.npmjs.org/@svgr%2fplugin-svgo set size:64934 disposed:false
414 silly fetch manifest @types/babel__core@^7.1.14
415 silly packumentCache full:https://registry.npmjs.org/@types%2fbabel__core cache-miss
416 http cache https://registry.npmjs.org/chalk 134ms (cache hit)
417 silly packumentCache full:https://registry.npmjs.org/chalk set size:117861 disposed:false
418 silly fetch manifest babel-plugin-istanbul@^6.1.1
419 silly packumentCache full:https://registry.npmjs.org/babel-plugin-istanbul cache-miss
420 http cache https://registry.npmjs.org/slash 137ms (cache hit)
421 silly packumentCache full:https://registry.npmjs.org/slash set size:20337 disposed:false
422 silly fetch manifest make-dir@^3.1.0
423 silly packumentCache full:https://registry.npmjs.org/make-dir cache-miss
424 http cache https://registry.npmjs.org/@jest%2ftypes 131ms (cache hit)
425 silly packumentCache full:https://registry.npmjs.org/@jest%2ftypes set size:288723 disposed:false
426 silly fetch manifest schema-utils@^2.6.5
427 silly packumentCache full:https://registry.npmjs.org/schema-utils cache-hit
428 silly fetch manifest find-cache-dir@^3.3.1
429 silly packumentCache full:https://registry.npmjs.org/find-cache-dir cache-miss
430 http cache https://registry.npmjs.org/graceful-fs 163ms (cache hit)
431 silly packumentCache full:https://registry.npmjs.org/graceful-fs set size:124285 disposed:false
432 silly fetch manifest @babel/plugin-proposal-class-properties@^7.16.0
433 silly packumentCache full:https://registry.npmjs.org/@babel%2fplugin-proposal-class-properties cache-miss
434 http cache https://registry.npmjs.org/@jest%2ftransform 133ms (cache hit)
435 silly packumentCache full:https://registry.npmjs.org/@jest%2ftransform set size:463781 disposed:false
436 silly fetch manifest @babel/plugin-proposal-decorators@^7.16.4
437 silly packumentCache full:https://registry.npmjs.org/@babel%2fplugin-proposal-decorators cache-miss
438 http cache https://registry.npmjs.org/babel-preset-jest 146ms (cache hit)
439 silly packumentCache full:https://registry.npmjs.org/babel-preset-jest set size:426787 disposed:false
440 silly fetch manifest @babel/plugin-proposal-nullish-coalescing-operator@^7.16.0
441 silly packumentCache full:https://registry.npmjs.org/@babel%2fplugin-proposal-nullish-coalescing-operator cache-miss
442 http cache https://registry.npmjs.org/@types%2fbabel__core 158ms (cache hit)
443 silly packumentCache full:https://registry.npmjs.org/@types%2fbabel__core set size:88676 disposed:false
444 silly fetch manifest @babel/plugin-proposal-numeric-separator@^7.16.0
445 silly packumentCache full:https://registry.npmjs.org/@babel%2fplugin-proposal-numeric-separator cache-miss
446 http cache https://registry.npmjs.org/babel-plugin-istanbul 147ms (cache hit)
447 silly packumentCache full:https://registry.npmjs.org/babel-plugin-istanbul set size:123182 disposed:false
448 silly fetch manifest @babel/plugin-proposal-optional-chaining@^7.16.0
449 silly packumentCache full:https://registry.npmjs.org/@babel%2fplugin-proposal-optional-chaining cache-miss
450 http cache https://registry.npmjs.org/make-dir 150ms (cache hit)
451 silly packumentCache full:https://registry.npmjs.org/make-dir set size:34889 disposed:false
452 silly fetch manifest @babel/plugin-proposal-private-methods@^7.16.0
453 silly packumentCache full:https://registry.npmjs.org/@babel%2fplugin-proposal-private-methods cache-miss
454 http cache https://registry.npmjs.org/find-cache-dir 135ms (cache hit)
455 silly packumentCache full:https://registry.npmjs.org/find-cache-dir set size:35762 disposed:false
456 silly fetch manifest @babel/plugin-proposal-private-property-in-object@^7.16.7
457 silly packumentCache full:https://registry.npmjs.org/@babel%2fplugin-proposal-private-property-in-object cache-miss
458 http cache https://registry.npmjs.org/@babel%2fplugin-proposal-class-properties 107ms (cache hit)
459 silly packumentCache full:https://registry.npmjs.org/@babel%2fplugin-proposal-class-properties set size:191045 disposed:false
460 silly fetch manifest @babel/plugin-transform-flow-strip-types@^7.16.0
461 silly packumentCache full:https://registry.npmjs.org/@babel%2fplugin-transform-flow-strip-types cache-miss
462 http cache https://registry.npmjs.org/@babel%2fplugin-proposal-decorators 104ms (cache hit)
463 silly packumentCache full:https://registry.npmjs.org/@babel%2fplugin-proposal-decorators set size:373251 disposed:false
464 silly fetch manifest @babel/plugin-transform-react-display-name@^7.16.0
465 silly packumentCache full:https://registry.npmjs.org/@babel%2fplugin-transform-react-display-name cache-miss
466 http cache https://registry.npmjs.org/@babel%2fplugin-proposal-nullish-coalescing-operator 101ms (cache hit)
467 silly packumentCache full:https://registry.npmjs.org/@babel%2fplugin-proposal-nullish-coalescing-operator set size:163532 disposed:false
468 silly fetch manifest @babel/plugin-transform-runtime@^7.16.4
469 silly packumentCache full:https://registry.npmjs.org/@babel%2fplugin-transform-runtime cache-miss
470 http cache https://registry.npmjs.org/@babel%2fplugin-proposal-numeric-separator 107ms (cache hit)
471 silly packumentCache full:https://registry.npmjs.org/@babel%2fplugin-proposal-numeric-separator set size:149998 disposed:false
472 silly fetch manifest @babel/preset-env@^7.16.4
473 silly packumentCache full:https://registry.npmjs.org/@babel%2fpreset-env cache-miss
474 http cache https://registry.npmjs.org/@babel%2fplugin-proposal-optional-chaining 99ms (cache hit)
475 silly packumentCache full:https://registry.npmjs.org/@babel%2fplugin-proposal-optional-chaining set size:196573 disposed:false
476 silly fetch manifest @babel/preset-react@^7.16.0
477 silly packumentCache full:https://registry.npmjs.org/@babel%2fpreset-react cache-hit
478 silly fetch manifest @babel/preset-typescript@^7.16.0
479 silly packumentCache full:https://registry.npmjs.org/@babel%2fpreset-typescript cache-miss
480 http cache https://registry.npmjs.org/@babel%2fplugin-proposal-private-property-in-object 92ms (cache hit)
481 silly packumentCache full:https://registry.npmjs.org/@babel%2fplugin-proposal-private-property-in-object set size:80252 disposed:false
482 silly fetch manifest @babel/runtime@^7.16.3
483 silly packumentCache full:https://registry.npmjs.org/@babel%2fruntime cache-miss
484 http cache https://registry.npmjs.org/@babel%2fplugin-proposal-private-methods 109ms (cache hit)
485 silly packumentCache full:https://registry.npmjs.org/@babel%2fplugin-proposal-private-methods set size:98762 disposed:false
486 silly fetch manifest babel-plugin-macros@^3.1.0
487 silly packumentCache full:https://registry.npmjs.org/babel-plugin-macros cache-miss
488 http cache https://registry.npmjs.org/@babel%2fplugin-transform-flow-strip-types 106ms (cache hit)
489 silly packumentCache full:https://registry.npmjs.org/@babel%2fplugin-transform-flow-strip-types set size:243555 disposed:false
490 silly fetch manifest babel-plugin-transform-react-remove-prop-types@^0.4.24
491 silly packumentCache full:https://registry.npmjs.org/babel-plugin-transform-react-remove-prop-types cache-miss
492 http cache https://registry.npmjs.org/@babel%2fplugin-transform-react-display-name 99ms (cache hit)
493 silly packumentCache full:https://registry.npmjs.org/@babel%2fplugin-transform-react-display-name set size:207883 disposed:false
494 silly fetch manifest hoopy@^0.1.4
495 silly packumentCache full:https://registry.npmjs.org/hoopy cache-miss
496 http cache https://registry.npmjs.org/@babel%2fplugin-transform-runtime 102ms (cache hit)
497 silly packumentCache full:https://registry.npmjs.org/@babel%2fplugin-transform-runtime set size:454581 disposed:false
498 silly fetch manifest tryer@^1.0.1
499 silly packumentCache full:https://registry.npmjs.org/tryer cache-miss
500 http cache https://registry.npmjs.org/@babel%2fpreset-env 120ms (cache hit)
501 silly packumentCache full:https://registry.npmjs.org/@babel%2fpreset-env set size:1168184 disposed:false
502 silly fetch manifest bluebird@^3.7.2
503 silly packumentCache full:https://registry.npmjs.org/bluebird cache-miss
504 http cache https://registry.npmjs.org/@babel%2fpreset-typescript 136ms (cache hit)
505 silly packumentCache full:https://registry.npmjs.org/@babel%2fpreset-typescript set size:259618 disposed:false
506 silly fetch manifest jsonpath@^1.1.1
507 silly packumentCache full:https://registry.npmjs.org/jsonpath cache-miss
508 http cache https://registry.npmjs.org/babel-plugin-macros 145ms (cache hit)
509 silly packumentCache full:https://registry.npmjs.org/babel-plugin-macros set size:124320 disposed:false
510 silly fetch manifest check-types@^11.2.3
511 silly packumentCache full:https://registry.npmjs.org/check-types cache-miss
512 http cache https://registry.npmjs.org/@babel%2fruntime 199ms (cache hit)
513 silly packumentCache full:https://registry.npmjs.org/@babel%2fruntime set size:3388582 disposed:false
514 silly fetch manifest baseline-browser-mapping@^2.10.12
515 silly packumentCache full:https://registry.npmjs.org/baseline-browser-mapping cache-miss
516 http cache https://registry.npmjs.org/babel-plugin-transform-react-remove-prop-types 343ms (cache hit)
517 silly packumentCache full:https://registry.npmjs.org/babel-plugin-transform-react-remove-prop-types set size:136983 disposed:false
518 silly fetch manifest caniuse-lite@^1.0.30001782
519 silly packumentCache full:https://registry.npmjs.org/caniuse-lite cache-miss
520 http cache https://registry.npmjs.org/hoopy 336ms (cache hit)
521 silly packumentCache full:https://registry.npmjs.org/hoopy set size:12101 disposed:false
522 silly fetch manifest electron-to-chromium@^1.5.328
523 silly packumentCache full:https://registry.npmjs.org/electron-to-chromium cache-miss
524 http cache https://registry.npmjs.org/tryer 319ms (cache hit)
525 silly packumentCache full:https://registry.npmjs.org/tryer set size:12708 disposed:false
526 silly fetch manifest node-releases@^2.0.36
527 silly packumentCache full:https://registry.npmjs.org/node-releases cache-miss
528 http cache https://registry.npmjs.org/bluebird 291ms (cache hit)
529 silly packumentCache full:https://registry.npmjs.org/bluebird set size:491002 disposed:false
530 silly fetch manifest update-browserslist-db@^1.2.3
531 silly packumentCache full:https://registry.npmjs.org/update-browserslist-db cache-miss
532 http cache https://registry.npmjs.org/jsonpath 288ms (cache hit)
533 silly packumentCache full:https://registry.npmjs.org/jsonpath set size:66229 disposed:false
534 silly fetch manifest semver@^7.5.4
535 silly packumentCache full:https://registry.npmjs.org/semver cache-hit
536 silly fetch manifest postcss@^8.4.33
537 silly packumentCache full:https://registry.npmjs.org/postcss cache-hit
538 silly fetch manifest icss-utils@^5.1.0
539 silly packumentCache full:https://registry.npmjs.org/icss-utils cache-miss
540 http cache https://registry.npmjs.org/check-types 275ms (cache hit)
541 silly packumentCache full:https://registry.npmjs.org/check-types set size:241447 disposed:false
542 silly fetch manifest postcss-value-parser@^4.2.0
543 silly packumentCache full:https://registry.npmjs.org/postcss-value-parser cache-miss
544 http cache https://registry.npmjs.org/baseline-browser-mapping 127ms (cache hit)
545 silly packumentCache full:https://registry.npmjs.org/baseline-browser-mapping set size:471377 disposed:false
546 silly fetch manifest postcss-modules-scope@^3.2.0
547 silly packumentCache full:https://registry.npmjs.org/postcss-modules-scope cache-miss
548 http cache https://registry.npmjs.org/caniuse-lite 133ms (cache hit)
549 silly packumentCache full:https://registry.npmjs.org/caniuse-lite set size:2289092 disposed:false
550 silly fetch manifest postcss-modules-values@^4.0.0
551 silly packumentCache full:https://registry.npmjs.org/postcss-modules-values cache-miss
552 http cache https://registry.npmjs.org/electron-to-chromium 221ms (cache hit)
553 silly packumentCache full:https://registry.npmjs.org/electron-to-chromium set size:4780173 disposed:false
554 silly fetch manifest postcss-modules-extract-imports@^3.1.0
555 silly packumentCache full:https://registry.npmjs.org/postcss-modules-extract-imports cache-miss
556 http cache https://registry.npmjs.org/node-releases 351ms (cache hit)
557 silly packumentCache full:https://registry.npmjs.org/node-releases set size:273586 disposed:false
558 silly fetch manifest postcss-modules-local-by-default@^4.0.5
559 silly packumentCache full:https://registry.npmjs.org/postcss-modules-local-by-default cache-miss
560 http cache https://registry.npmjs.org/update-browserslist-db 335ms (cache hit)
561 silly packumentCache full:https://registry.npmjs.org/update-browserslist-db set size:62000 disposed:false
562 silly fetch manifest cssnano@^5.0.6
563 silly packumentCache full:https://registry.npmjs.org/cssnano cache-miss
564 http cache https://registry.npmjs.org/icss-utils 333ms (cache hit)
565 silly packumentCache full:https://registry.npmjs.org/icss-utils set size:31661 disposed:false
566 silly fetch manifest postcss@^8.3.5
567 silly packumentCache full:https://registry.npmjs.org/postcss cache-hit
568 silly fetch manifest source-map@^0.6.1
569 silly packumentCache full:https://registry.npmjs.org/source-map cache-hit
570 silly fetch manifest jest-worker@^27.0.2
571 silly packumentCache full:https://registry.npmjs.org/jest-worker cache-miss
572 http cache https://registry.npmjs.org/postcss-value-parser 328ms (cache hit)
573 silly packumentCache full:https://registry.npmjs.org/postcss-value-parser set size:73484 disposed:false
574 silly fetch manifest schema-utils@^4.0.0
575 silly packumentCache full:https://registry.npmjs.org/schema-utils cache-hit
576 silly fetch manifest serialize-javascript@^6.0.0
577 silly packumentCache full:https://registry.npmjs.org/serialize-javascript cache-miss
578 http cache https://registry.npmjs.org/postcss-modules-values 241ms (cache hit)
579 silly packumentCache full:https://registry.npmjs.org/postcss-modules-values set size:56722 disposed:false
580 silly fetch manifest ajv@^6.12.4
581 silly packumentCache full:https://registry.npmjs.org/ajv cache-miss
582 http cache https://registry.npmjs.org/postcss-modules-scope 324ms (cache hit)
583 silly packumentCache full:https://registry.npmjs.org/postcss-modules-scope set size:72581 disposed:false
584 silly fetch manifest levn@^0.4.1
585 silly packumentCache full:https://registry.npmjs.org/levn cache-miss
586 http cache https://registry.npmjs.org/postcss-modules-extract-imports 85ms (cache hit)
587 silly packumentCache full:https://registry.npmjs.org/postcss-modules-extract-imports set size:57788 disposed:false
588 silly fetch manifest debug@^4.3.2
589 silly packumentCache full:https://registry.npmjs.org/debug cache-hit
590 silly fetch manifest espree@^9.6.1
591 silly packumentCache full:https://registry.npmjs.org/espree cache-miss
592 http cache https://registry.npmjs.org/postcss-modules-local-by-default 86ms (cache hit)
593 silly packumentCache full:https://registry.npmjs.org/postcss-modules-local-by-default set size:107445 disposed:false
594 silly fetch manifest ignore@^5.2.0
595 silly packumentCache full:https://registry.npmjs.org/ignore cache-miss
596 http cache https://registry.npmjs.org/cssnano 97ms (cache hit)
597 silly packumentCache full:https://registry.npmjs.org/cssnano set size:476990 disposed:false
598 silly fetch manifest esquery@^1.4.2
599 silly packumentCache full:https://registry.npmjs.org/esquery cache-miss
600 http cache https://registry.npmjs.org/jest-worker 109ms (cache hit)
601 silly packumentCache full:https://registry.npmjs.org/jest-worker set size:462624 disposed:false
602 silly fetch manifest esutils@^2.0.2
603 silly packumentCache full:https://registry.npmjs.org/esutils cache-miss
604 http cache https://registry.npmjs.org/serialize-javascript 131ms (cache hit)
605 silly packumentCache full:https://registry.npmjs.org/serialize-javascript set size:80012 disposed:false
606 silly fetch manifest find-up@^5.0.0
607 silly packumentCache full:https://registry.npmjs.org/find-up cache-miss
608 http cache https://registry.npmjs.org/levn 117ms (cache hit)
609 silly packumentCache full:https://registry.npmjs.org/levn set size:28223 disposed:false
610 silly fetch manifest globals@^13.19.0
611 silly packumentCache full:https://registry.npmjs.org/globals cache-miss
612 http cache https://registry.npmjs.org/espree 115ms (cache hit)
613 silly packumentCache full:https://registry.npmjs.org/espree set size:326080 disposed:false
614 silly fetch manifest is-glob@^4.0.0
615 silly packumentCache full:https://registry.npmjs.org/is-glob cache-miss
616 http cache https://registry.npmjs.org/ajv 161ms (cache hit)
617 silly packumentCache full:https://registry.npmjs.org/ajv set size:1142658 disposed:false
618 silly fetch manifest js-yaml@^4.1.0
619 silly packumentCache full:https://registry.npmjs.org/js-yaml cache-miss
620 http cache https://registry.npmjs.org/ignore 185ms (cache hit)
621 silly packumentCache full:https://registry.npmjs.org/ignore set size:237380 disposed:false
622 silly fetch manifest doctrine@^3.0.0
623 silly packumentCache full:https://registry.npmjs.org/doctrine cache-miss
624 http cache https://registry.npmjs.org/esquery 170ms (cache hit)
625 silly packumentCache full:https://registry.npmjs.org/esquery set size:48888 disposed:false
626 silly fetch manifest graphemer@^1.4.0
627 silly packumentCache full:https://registry.npmjs.org/graphemer cache-miss
628 http cache https://registry.npmjs.org/esutils 155ms (cache hit)
629 silly packumentCache full:https://registry.npmjs.org/esutils set size:29522 disposed:false
630 silly fetch manifest minimatch@^3.1.2
631 silly packumentCache full:https://registry.npmjs.org/minimatch cache-miss
632 http cache https://registry.npmjs.org/find-up 152ms (cache hit)
633 silly packumentCache full:https://registry.npmjs.org/find-up set size:42620 disposed:false
634 silly fetch manifest @eslint/js@8.57.1
635 silly packumentCache full:https://registry.npmjs.org/@eslint%2fjs cache-miss
636 http cache https://registry.npmjs.org/js-yaml 77ms (cache hit)
637 silly packumentCache full:https://registry.npmjs.org/js-yaml set size:152232 disposed:false
638 silly fetch manifest optionator@^0.9.3
639 silly packumentCache full:https://registry.npmjs.org/optionator cache-miss
640 http cache https://registry.npmjs.org/globals 166ms (cache hit)
641 silly packumentCache full:https://registry.npmjs.org/globals set size:315985 disposed:false
642 silly fetch manifest strip-ansi@^6.0.1
643 silly packumentCache full:https://registry.npmjs.org/strip-ansi cache-miss
644 http cache https://registry.npmjs.org/is-glob 167ms (cache hit)
645 silly packumentCache full:https://registry.npmjs.org/is-glob set size:40530 disposed:false
646 silly fetch manifest text-table@^0.2.0
647 silly packumentCache full:https://registry.npmjs.org/text-table cache-miss
648 http cache https://registry.npmjs.org/doctrine 94ms (cache hit)
649 silly packumentCache full:https://registry.npmjs.org/doctrine set size:64052 disposed:false
650 silly fetch manifest cross-spawn@^7.0.2
651 silly packumentCache full:https://registry.npmjs.org/cross-spawn cache-miss
652 http cache https://registry.npmjs.org/graphemer 96ms (cache hit)
653 silly packumentCache full:https://registry.npmjs.org/graphemer set size:25853 disposed:false
654 silly fetch manifest glob-parent@^6.0.2
655 silly packumentCache full:https://registry.npmjs.org/glob-parent cache-miss
656 http cache https://registry.npmjs.org/minimatch 98ms (cache hit)
657 silly packumentCache full:https://registry.npmjs.org/minimatch set size:375282 disposed:false
658 silly fetch manifest imurmurhash@^0.1.4
659 silly packumentCache full:https://registry.npmjs.org/imurmurhash cache-miss
660 http cache https://registry.npmjs.org/optionator 96ms (cache hit)
661 silly packumentCache full:https://registry.npmjs.org/optionator set size:49651 disposed:false
662 silly fetch manifest eslint-scope@^7.2.2
663 silly packumentCache full:https://registry.npmjs.org/eslint-scope cache-miss
664 http cache https://registry.npmjs.org/@eslint%2fjs 119ms (cache hit)
665 silly packumentCache full:https://registry.npmjs.org/@eslint%2fjs set size:140022 disposed:false
666 silly fetch manifest lodash.merge@^4.6.2
667 silly packumentCache full:https://registry.npmjs.org/lodash.merge cache-miss
668 http cache https://registry.npmjs.org/strip-ansi 92ms (cache hit)
669 silly packumentCache full:https://registry.npmjs.org/strip-ansi set size:44998 disposed:false
670 silly fetch manifest is-path-inside@^3.0.3
671 silly packumentCache full:https://registry.npmjs.org/is-path-inside cache-miss
672 http cache https://registry.npmjs.org/text-table 95ms (cache hit)
673 silly packumentCache full:https://registry.npmjs.org/text-table set size:20701 disposed:false
674 silly fetch manifest fast-deep-equal@^3.1.3
675 silly packumentCache full:https://registry.npmjs.org/fast-deep-equal cache-miss
676 http cache https://registry.npmjs.org/cross-spawn 94ms (cache hit)
677 silly packumentCache full:https://registry.npmjs.org/cross-spawn set size:109066 disposed:false
678 silly fetch manifest natural-compare@^1.4.0
679 silly packumentCache full:https://registry.npmjs.org/natural-compare cache-miss
680 http cache https://registry.npmjs.org/glob-parent 97ms (cache hit)
681 silly packumentCache full:https://registry.npmjs.org/glob-parent set size:42445 disposed:false
682 silly fetch manifest @eslint/eslintrc@^2.1.4
683 silly packumentCache full:https://registry.npmjs.org/@eslint%2feslintrc cache-miss
684 http cache https://registry.npmjs.org/imurmurhash 88ms (cache hit)
685 silly packumentCache full:https://registry.npmjs.org/imurmurhash set size:35819 disposed:false
686 silly fetch manifest @nodelib/fs.walk@^1.2.8
687 silly packumentCache full:https://registry.npmjs.org/@nodelib%2ffs.walk cache-miss
688 http cache https://registry.npmjs.org/is-path-inside 56ms (cache hit)
689 silly packumentCache full:https://registry.npmjs.org/is-path-inside set size:23585 disposed:false
690 silly fetch manifest file-entry-cache@^6.0.1
691 silly packumentCache full:https://registry.npmjs.org/file-entry-cache cache-miss
692 http cache https://registry.npmjs.org/lodash.merge 75ms (cache hit)
693 silly packumentCache full:https://registry.npmjs.org/lodash.merge set size:78575 disposed:false
694 silly fetch manifest eslint-visitor-keys@^3.4.3
695 silly packumentCache full:https://registry.npmjs.org/eslint-visitor-keys cache-miss
696 http cache https://registry.npmjs.org/eslint-scope 96ms (cache hit)
697 silly packumentCache full:https://registry.npmjs.org/eslint-scope set size:98867 disposed:false
698 silly fetch manifest escape-string-regexp@^4.0.0
699 silly packumentCache full:https://registry.npmjs.org/escape-string-regexp cache-miss
700 http cache https://registry.npmjs.org/fast-deep-equal 80ms (cache hit)
701 silly packumentCache full:https://registry.npmjs.org/fast-deep-equal set size:48634 disposed:false
702 silly fetch manifest @ungap/structured-clone@^1.2.0
703 silly packumentCache full:https://registry.npmjs.org/@ungap%2fstructured-clone cache-miss
704 http cache https://registry.npmjs.org/natural-compare 83ms (cache hit)
705 silly packumentCache full:https://registry.npmjs.org/natural-compare set size:7852 disposed:false
706 silly fetch manifest @eslint-community/regexpp@^4.6.1
707 silly packumentCache full:https://registry.npmjs.org/@eslint-community%2fregexpp cache-miss
708 http cache https://registry.npmjs.org/@eslint%2feslintrc 80ms (cache hit)
709 silly packumentCache full:https://registry.npmjs.org/@eslint%2feslintrc set size:168674 disposed:false
710 silly fetch manifest @humanwhocodes/config-array@^0.13.0
711 silly packumentCache full:https://registry.npmjs.org/@humanwhocodes%2fconfig-array cache-miss
712 http cache https://registry.npmjs.org/@nodelib%2ffs.walk 86ms (cache hit)
713 silly packumentCache full:https://registry.npmjs.org/@nodelib%2ffs.walk set size:41589 disposed:false
714 silly fetch manifest @eslint-community/eslint-utils@^4.2.0
715 silly packumentCache full:https://registry.npmjs.org/@eslint-community%2feslint-utils cache-miss
716 http cache https://registry.npmjs.org/file-entry-cache 85ms (cache hit)
717 silly packumentCache full:https://registry.npmjs.org/file-entry-cache set size:151480 disposed:false
718 silly fetch manifest @humanwhocodes/module-importer@^1.0.1
719 silly packumentCache full:https://registry.npmjs.org/@humanwhocodes%2fmodule-importer cache-miss
720 http cache https://registry.npmjs.org/eslint-visitor-keys 87ms (cache hit)
721 silly packumentCache full:https://registry.npmjs.org/eslint-visitor-keys set size:69949 disposed:false
722 silly fetch manifest json-stable-stringify-without-jsonify@^1.0.1
723 silly packumentCache full:https://registry.npmjs.org/json-stable-stringify-without-jsonify cache-miss
724 http cache https://registry.npmjs.org/escape-string-regexp 89ms (cache hit)
725 silly packumentCache full:https://registry.npmjs.org/escape-string-regexp set size:22244 disposed:false
726 silly fetch manifest eslint-plugin-jest@^25.3.0
727 silly packumentCache full:https://registry.npmjs.org/eslint-plugin-jest cache-miss
728 http cache https://registry.npmjs.org/@ungap%2fstructured-clone 88ms (cache hit)
729 silly packumentCache full:https://registry.npmjs.org/@ungap%2fstructured-clone set size:55958 disposed:false
730 silly fetch manifest eslint-plugin-react@^7.27.1
731 silly packumentCache full:https://registry.npmjs.org/eslint-plugin-react cache-miss
732 http cache https://registry.npmjs.org/@eslint-community%2fregexpp 91ms (cache hit)
733 silly packumentCache full:https://registry.npmjs.org/@eslint-community%2fregexpp set size:106609 disposed:false
734 silly fetch manifest @babel/eslint-parser@^7.16.3
735 silly packumentCache full:https://registry.npmjs.org/@babel%2feslint-parser cache-miss
736 http cache https://registry.npmjs.org/@humanwhocodes%2fconfig-array 89ms (cache hit)
737 silly packumentCache full:https://registry.npmjs.org/@humanwhocodes%2fconfig-array set size:139493 disposed:false
738 silly fetch manifest eslint-plugin-import@^2.25.3
739 silly packumentCache full:https://registry.npmjs.org/eslint-plugin-import cache-miss
740 http cache https://registry.npmjs.org/json-stable-stringify-without-jsonify 66ms (cache hit)
741 silly packumentCache full:https://registry.npmjs.org/json-stable-stringify-without-jsonify set size:5808 disposed:false
742 silly fetch manifest eslint-plugin-flowtype@^8.0.3
743 silly packumentCache full:https://registry.npmjs.org/eslint-plugin-flowtype cache-miss
744 http cache https://registry.npmjs.org/@humanwhocodes%2fmodule-importer 81ms (cache hit)
745 silly packumentCache full:https://registry.npmjs.org/@humanwhocodes%2fmodule-importer set size:9516 disposed:false
746 silly fetch manifest eslint-plugin-jsx-a11y@^6.5.1
747 silly packumentCache full:https://registry.npmjs.org/eslint-plugin-jsx-a11y cache-miss
748 http cache https://registry.npmjs.org/@eslint-community%2feslint-utils 102ms (cache hit)
749 silly packumentCache full:https://registry.npmjs.org/@eslint-community%2feslint-utils set size:93301 disposed:false
750 silly fetch manifest @rushstack/eslint-patch@^1.1.0
751 silly packumentCache full:https://registry.npmjs.org/@rushstack%2feslint-patch cache-miss
752 http cache https://registry.npmjs.org/eslint-plugin-jest 102ms (cache hit)
753 silly packumentCache full:https://registry.npmjs.org/eslint-plugin-jest set size:1747494 disposed:false
754 silly fetch manifest @typescript-eslint/parser@^5.5.0
755 silly packumentCache full:https://registry.npmjs.org/@typescript-eslint%2fparser cache-miss
756 http cache https://registry.npmjs.org/eslint-plugin-react 174ms (cache hit)
757 silly packumentCache full:https://registry.npmjs.org/eslint-plugin-react set size:646827 disposed:false
758 silly fetch manifest confusing-browser-globals@^1.0.11
759 silly packumentCache full:https://registry.npmjs.org/confusing-browser-globals cache-miss
760 http cache https://registry.npmjs.org/@babel%2feslint-parser 207ms (cache hit)
761 silly packumentCache full:https://registry.npmjs.org/@babel%2feslint-parser set size:230934 disposed:false
762 silly fetch manifest eslint-plugin-react-hooks@^4.3.0
763 silly packumentCache full:https://registry.npmjs.org/eslint-plugin-react-hooks cache-miss
764 http cache https://registry.npmjs.org/eslint-plugin-import 217ms (cache hit)
765 silly packumentCache full:https://registry.npmjs.org/eslint-plugin-import set size:484928 disposed:false
766 silly fetch manifest eslint-plugin-testing-library@^5.0.1
767 silly packumentCache full:https://registry.npmjs.org/eslint-plugin-testing-library cache-miss
768 http cache https://registry.npmjs.org/eslint-plugin-jsx-a11y 230ms (cache hit)
769 silly packumentCache full:https://registry.npmjs.org/eslint-plugin-jsx-a11y set size:280052 disposed:false
770 silly fetch manifest @typescript-eslint/eslint-plugin@^5.5.0
771 silly packumentCache full:https://registry.npmjs.org/@typescript-eslint%2feslint-plugin cache-miss
772 http cache https://registry.npmjs.org/@rushstack%2feslint-patch 239ms (cache hit)
773 silly packumentCache full:https://registry.npmjs.org/@rushstack%2feslint-patch set size:114289 disposed:false
774 silly fetch manifest micromatch@^4.0.5
775 silly packumentCache full:https://registry.npmjs.org/micromatch cache-miss
776 http cache https://registry.npmjs.org/eslint-plugin-flowtype 267ms (cache hit)
777 silly packumentCache full:https://registry.npmjs.org/eslint-plugin-flowtype set size:642417 disposed:false
778 silly fetch manifest jest-worker@^28.0.2
779 silly packumentCache full:https://registry.npmjs.org/jest-worker cache-hit
780 silly fetch manifest @types/eslint@^7.29.0 || ^8.4.1
781 silly packumentCache full:https://registry.npmjs.org/@types%2feslint cache-miss
782 http cache https://registry.npmjs.org/confusing-browser-globals 158ms (cache hit)
783 silly packumentCache full:https://registry.npmjs.org/confusing-browser-globals set size:153636 disposed:false
784 silly fetch manifest normalize-path@^3.0.0
785 silly packumentCache full:https://registry.npmjs.org/normalize-path cache-miss
786 http cache https://registry.npmjs.org/micromatch 84ms (cache hit)
787 silly packumentCache full:https://registry.npmjs.org/micromatch set size:240630 disposed:false
788 silly fetch manifest schema-utils@^3.0.0
789 silly packumentCache full:https://registry.npmjs.org/schema-utils cache-hit
790 silly fetch manifest jsonfile@^6.0.1
791 silly packumentCache full:https://registry.npmjs.org/jsonfile cache-miss
792 http cache https://registry.npmjs.org/eslint-plugin-react-hooks 238ms (cache hit)
793 silly packumentCache full:https://registry.npmjs.org/eslint-plugin-react-hooks set size:7361896 disposed:false
794 silly fetch manifest graceful-fs@^4.2.0
795 silly packumentCache full:https://registry.npmjs.org/graceful-fs cache-hit
796 silly fetch manifest universalify@^2.0.0
797 silly packumentCache full:https://registry.npmjs.org/universalify cache-miss
798 http cache https://registry.npmjs.org/eslint-plugin-testing-library 505ms (cache hit)
799 silly packumentCache full:https://registry.npmjs.org/eslint-plugin-testing-library set size:929016 disposed:false
800 silly fetch manifest @types/html-minifier-terser@^6.0.0
801 silly packumentCache full:https://registry.npmjs.org/@types%2fhtml-minifier-terser cache-miss
802 http cache https://registry.npmjs.org/@typescript-eslint%2fparser 760ms (cache hit)
803 silly packumentCache full:https://registry.npmjs.org/@typescript-eslint%2fparser set size:15131696 disposed:false
804 silly fetch manifest html-minifier-terser@^6.0.2
805 silly packumentCache full:https://registry.npmjs.org/html-minifier-terser cache-miss
806 http cache https://registry.npmjs.org/@typescript-eslint%2feslint-plugin 1268ms (cache hit)
807 silly packumentCache full:https://registry.npmjs.org/@typescript-eslint%2feslint-plugin set size:17851352 disposed:false
808 silly fetch manifest lodash@^4.17.21
809 silly packumentCache full:https://registry.npmjs.org/lodash cache-miss
810 http cache https://registry.npmjs.org/@types%2feslint 1858ms (cache hit)
811 silly packumentCache full:https://registry.npmjs.org/@types%2feslint set size:220085 disposed:false
812 silly fetch manifest pretty-error@^4.0.0
813 silly packumentCache full:https://registry.npmjs.org/pretty-error cache-miss
814 http cache https://registry.npmjs.org/normalize-path 1868ms (cache hit)
815 silly packumentCache full:https://registry.npmjs.org/normalize-path set size:28713 disposed:false
816 silly fetch manifest tapable@^2.0.0
817 silly packumentCache full:https://registry.npmjs.org/tapable cache-miss
818 http cache https://registry.npmjs.org/@types%2fhtml-minifier-terser 1424ms (cache hit)
819 silly packumentCache full:https://registry.npmjs.org/@types%2fhtml-minifier-terser set size:21619 disposed:false
820 silly fetch manifest harmony-reflect@^1.4.6
821 silly packumentCache full:https://registry.npmjs.org/harmony-reflect cache-miss
822 http cache https://registry.npmjs.org/universalify 1477ms (cache hit)
823 silly packumentCache full:https://registry.npmjs.org/universalify set size:19431 disposed:false
824 silly fetch manifest jest-cli@^27.5.1
825 silly packumentCache full:https://registry.npmjs.org/jest-cli cache-miss
826 http cache https://registry.npmjs.org/jsonfile 1833ms (cache hit)
827 silly packumentCache full:https://registry.npmjs.org/jsonfile set size:53210 disposed:false
828 silly fetch manifest @jest/core@^27.5.1
829 silly packumentCache full:https://registry.npmjs.org/@jest%2fcore cache-miss
830 http cache https://registry.npmjs.org/html-minifier-terser 866ms (cache hit)
831 silly packumentCache full:https://registry.npmjs.org/html-minifier-terser set size:84211 disposed:false
832 silly fetch manifest import-local@^3.0.2
833 silly packumentCache full:https://registry.npmjs.org/import-local cache-miss
834 http cache https://registry.npmjs.org/lodash 83ms (cache hit)
835 silly packumentCache full:https://registry.npmjs.org/lodash set size:247652 disposed:false
836 silly fetch manifest jest-util@^27.5.1
837 silly packumentCache full:https://registry.npmjs.org/jest-util cache-miss
838 http cache https://registry.npmjs.org/pretty-error 86ms (cache hit)
839 silly packumentCache full:https://registry.npmjs.org/pretty-error set size:81783 disposed:false
840 silly fetch manifest jest-validate@^27.5.1
841 silly packumentCache full:https://registry.npmjs.org/jest-validate cache-miss
842 http cache https://registry.npmjs.org/harmony-reflect 72ms (cache hit)
843 silly packumentCache full:https://registry.npmjs.org/harmony-reflect set size:55062 disposed:false
844 silly fetch manifest jest-haste-map@^27.5.1
845 silly packumentCache full:https://registry.npmjs.org/jest-haste-map cache-miss
846 http cache https://registry.npmjs.org/tapable 92ms (cache hit)
847 silly packumentCache full:https://registry.npmjs.org/tapable set size:141233 disposed:false
848 silly fetch manifest resolve.exports@^1.1.0
849 silly packumentCache full:https://registry.npmjs.org/resolve.exports cache-miss
850 http cache https://registry.npmjs.org/@jest%2fcore 83ms (cache hit)
851 silly packumentCache full:https://registry.npmjs.org/@jest%2fcore set size:624059 disposed:false
852 silly fetch manifest jest-pnp-resolver@^1.2.2
853 silly packumentCache full:https://registry.npmjs.org/jest-pnp-resolver cache-miss
854 http cache https://registry.npmjs.org/jest-cli 124ms (cache hit)
855 silly packumentCache full:https://registry.npmjs.org/jest-cli set size:1172264 disposed:false
856 silly fetch manifest slash@^4.0.0
857 silly packumentCache full:https://registry.npmjs.org/slash cache-hit
858 silly fetch manifest strip-ansi@^7.0.1
859 silly packumentCache full:https://registry.npmjs.org/strip-ansi cache-hit
860 silly fetch manifest ansi-escapes@^4.3.1
861 silly packumentCache full:https://registry.npmjs.org/ansi-escapes cache-miss
862 http cache https://registry.npmjs.org/import-local 162ms (cache hit)
863 silly packumentCache full:https://registry.npmjs.org/import-local set size:24258 disposed:false
864 silly fetch manifest jest-watcher@^28.0.0
865 silly packumentCache full:https://registry.npmjs.org/jest-watcher cache-miss
866 http cache https://registry.npmjs.org/jest-util 155ms (cache hit)
867 silly packumentCache full:https://registry.npmjs.org/jest-util set size:583957 disposed:false
868 silly fetch manifest string-length@^5.0.1
869 silly packumentCache full:https://registry.npmjs.org/string-length cache-miss
870 http cache https://registry.npmjs.org/jest-validate 173ms (cache hit)
871 silly packumentCache full:https://registry.npmjs.org/jest-validate set size:564124 disposed:false
872 silly fetch manifest jest-regex-util@^28.0.0
873 silly packumentCache full:https://registry.npmjs.org/jest-regex-util cache-miss
874 http cache https://registry.npmjs.org/jest-pnp-resolver 144ms (cache hit)
875 silly packumentCache full:https://registry.npmjs.org/jest-pnp-resolver set size:22834 disposed:false
876 silly fetch manifest tapable@^2.2.1
877 silly packumentCache full:https://registry.npmjs.org/tapable cache-hit
878 silly fetch manifest nanoid@^3.3.11
879 silly packumentCache full:https://registry.npmjs.org/nanoid cache-miss
880 http cache https://registry.npmjs.org/resolve.exports 182ms (cache hit)
881 silly packumentCache full:https://registry.npmjs.org/resolve.exports set size:49558 disposed:false
882 silly fetch manifest picocolors@^1.1.1
883 silly packumentCache full:https://registry.npmjs.org/picocolors cache-miss
884 http cache https://registry.npmjs.org/jest-haste-map 208ms (cache hit)
885 silly packumentCache full:https://registry.npmjs.org/jest-haste-map set size:688422 disposed:false
886 silly fetch manifest source-map-js@^1.2.1
887 silly packumentCache full:https://registry.npmjs.org/source-map-js cache-miss
888 http cache https://registry.npmjs.org/ansi-escapes 145ms (cache hit)
889 silly packumentCache full:https://registry.npmjs.org/ansi-escapes set size:70915 disposed:false
890 silly fetch manifest klona@^2.0.5
891 silly packumentCache full:https://registry.npmjs.org/klona cache-miss
892 http cache https://registry.npmjs.org/jest-watcher 151ms (cache hit)
893 silly packumentCache full:https://registry.npmjs.org/jest-watcher set size:389646 disposed:false
894 silly fetch manifest cosmiconfig@^7.0.0
895 silly packumentCache full:https://registry.npmjs.org/cosmiconfig cache-miss
896 http cache https://registry.npmjs.org/string-length 140ms (cache hit)
897 silly packumentCache full:https://registry.npmjs.org/string-length set size:35851 disposed:false
898 silly fetch manifest sanitize.css@*
899 silly packumentCache full:https://registry.npmjs.org/sanitize.css cache-miss
900 http cache https://registry.npmjs.org/jest-regex-util 128ms (cache hit)
901 silly packumentCache full:https://registry.npmjs.org/jest-regex-util set size:229345 disposed:false
902 silly fetch manifest @csstools/normalize.css@*
903 silly packumentCache full:https://registry.npmjs.org/@csstools%2fnormalize.css cache-miss
904 http cache https://registry.npmjs.org/picocolors 119ms (cache hit)
905 silly packumentCache full:https://registry.npmjs.org/picocolors set size:16648 disposed:false
906 silly fetch manifest postcss-browser-comments@^4
907 silly packumentCache full:https://registry.npmjs.org/postcss-browser-comments cache-miss
908 http cache https://registry.npmjs.org/nanoid 134ms (cache hit)
909 silly packumentCache full:https://registry.npmjs.org/nanoid set size:310559 disposed:false
910 silly fetch manifest cssdb@^7.1.0
911 silly packumentCache full:https://registry.npmjs.org/cssdb cache-miss
912 http cache https://registry.npmjs.org/source-map-js 118ms (cache hit)
913 silly packumentCache full:https://registry.npmjs.org/source-map-js set size:62640 disposed:false
914 silly fetch manifest autoprefixer@^10.4.13
915 silly packumentCache full:https://registry.npmjs.org/autoprefixer cache-miss
916 http cache https://registry.npmjs.org/klona 110ms (cache hit)
917 silly packumentCache full:https://registry.npmjs.org/klona set size:42195 disposed:false
918 silly fetch manifest postcss-clamp@^4.1.0
919 silly packumentCache full:https://registry.npmjs.org/postcss-clamp cache-miss
920 http cache https://registry.npmjs.org/cosmiconfig 93ms (cache hit)
921 silly packumentCache full:https://registry.npmjs.org/cosmiconfig set size:222324 disposed:false
922 silly fetch manifest postcss-place@^7.0.5
923 silly packumentCache full:https://registry.npmjs.org/postcss-place cache-miss
924 http cache https://registry.npmjs.org/sanitize.css 112ms (cache hit)
925 silly packumentCache full:https://registry.npmjs.org/sanitize.css set size:132320 disposed:false
926 silly fetch manifest css-has-pseudo@^3.0.4
927 silly packumentCache full:https://registry.npmjs.org/css-has-pseudo cache-miss
928 http cache https://registry.npmjs.org/@csstools%2fnormalize.css 106ms (cache hit)
929 silly packumentCache full:https://registry.npmjs.org/@csstools%2fnormalize.css set size:32143 disposed:false
930 silly fetch manifest postcss-initial@^4.0.1
931 silly packumentCache full:https://registry.npmjs.org/postcss-initial cache-miss
932 http cache https://registry.npmjs.org/postcss-browser-comments 101ms (cache hit)
933 silly packumentCache full:https://registry.npmjs.org/postcss-browser-comments set size:28326 disposed:false
934 silly fetch manifest postcss-logical@^5.0.4
935 silly packumentCache full:https://registry.npmjs.org/postcss-logical cache-miss
936 http cache https://registry.npmjs.org/cssdb 85ms (cache hit)
937 silly packumentCache full:https://registry.npmjs.org/cssdb set size:281133 disposed:false
938 silly fetch manifest postcss-nesting@^10.2.0
939 silly packumentCache full:https://registry.npmjs.org/postcss-nesting cache-miss
940 http cache https://registry.npmjs.org/postcss-clamp 89ms (cache hit)
941 silly packumentCache full:https://registry.npmjs.org/postcss-clamp set size:22705 disposed:false
942 silly fetch manifest css-blank-pseudo@^3.0.3
943 silly packumentCache full:https://registry.npmjs.org/css-blank-pseudo cache-miss
944 http cache https://registry.npmjs.org/autoprefixer 114ms (cache hit)
945 silly packumentCache full:https://registry.npmjs.org/autoprefixer set size:1319426 disposed:false
946 silly fetch manifest postcss-page-break@^3.0.4
947 silly packumentCache full:https://registry.npmjs.org/postcss-page-break cache-miss
948 http cache https://registry.npmjs.org/postcss-place 140ms (cache hit)
949 silly packumentCache full:https://registry.npmjs.org/postcss-place set size:65066 disposed:false
950 silly fetch manifest postcss-custom-media@^8.0.2
951 silly packumentCache full:https://registry.npmjs.org/postcss-custom-media cache-miss
952 http cache https://registry.npmjs.org/postcss-initial 125ms (cache hit)
953 silly packumentCache full:https://registry.npmjs.org/postcss-initial set size:41882 disposed:false
954 silly fetch manifest postcss-env-function@^4.0.6
955 silly packumentCache full:https://registry.npmjs.org/postcss-env-function cache-miss
956 http cache https://registry.npmjs.org/postcss-logical 127ms (cache hit)
957 silly packumentCache full:https://registry.npmjs.org/postcss-logical set size:75922 disposed:false
958 silly fetch manifest postcss-focus-within@^5.0.4
959 silly packumentCache full:https://registry.npmjs.org/postcss-focus-within cache-miss
960 http cache https://registry.npmjs.org/css-has-pseudo 153ms (cache hit)
961 silly packumentCache full:https://registry.npmjs.org/css-has-pseudo set size:129001 disposed:false
962 silly fetch manifest postcss-font-variant@^5.0.0
963 silly packumentCache full:https://registry.npmjs.org/postcss-font-variant cache-miss
964 http cache https://registry.npmjs.org/postcss-nesting 130ms (cache hit)
965 silly packumentCache full:https://registry.npmjs.org/postcss-nesting set size:192460 disposed:false
966 silly fetch manifest postcss-lab-function@^4.2.1
967 silly packumentCache full:https://registry.npmjs.org/postcss-lab-function cache-miss
968 http cache https://registry.npmjs.org/css-blank-pseudo 139ms (cache hit)
969 silly packumentCache full:https://registry.npmjs.org/css-blank-pseudo set size:93102 disposed:false
970 silly fetch manifest postcss-media-minmax@^5.0.0
971 silly packumentCache full:https://registry.npmjs.org/postcss-media-minmax cache-miss
972 http cache https://registry.npmjs.org/postcss-page-break 90ms (cache hit)
973 silly packumentCache full:https://registry.npmjs.org/postcss-page-break set size:22100 disposed:false
974 silly fetch manifest postcss-selector-not@^6.0.1
975 silly packumentCache full:https://registry.npmjs.org/postcss-selector-not cache-miss
976 http cache https://registry.npmjs.org/postcss-custom-media 90ms (cache hit)
977 silly packumentCache full:https://registry.npmjs.org/postcss-custom-media set size:148984 disposed:false
978 silly fetch manifest postcss-focus-visible@^6.0.4
979 silly packumentCache full:https://registry.npmjs.org/postcss-focus-visible cache-miss
980 http cache https://registry.npmjs.org/postcss-focus-within 76ms (cache hit)
981 silly packumentCache full:https://registry.npmjs.org/postcss-focus-within set size:73158 disposed:false
982 silly fetch manifest postcss-gap-properties@^3.0.5
983 silly packumentCache full:https://registry.npmjs.org/postcss-gap-properties cache-miss
984 http cache https://registry.npmjs.org/postcss-font-variant 73ms (cache hit)
985 silly packumentCache full:https://registry.npmjs.org/postcss-font-variant set size:24538 disposed:false
986 silly fetch manifest postcss-color-hex-alpha@^8.0.4
987 silly packumentCache full:https://registry.npmjs.org/postcss-color-hex-alpha cache-miss
988 http cache https://registry.npmjs.org/postcss-env-function 100ms (cache hit)
989 silly packumentCache full:https://registry.npmjs.org/postcss-env-function set size:59070 disposed:false
990 silly fetch manifest css-prefers-color-scheme@^6.0.3
991 silly packumentCache full:https://registry.npmjs.org/css-prefers-color-scheme cache-miss
992 http cache https://registry.npmjs.org/postcss-lab-function 83ms (cache hit)
993 silly packumentCache full:https://registry.npmjs.org/postcss-lab-function set size:191443 disposed:false
994 silly fetch manifest postcss-custom-selectors@^6.0.3
995 silly packumentCache full:https://registry.npmjs.org/postcss-custom-selectors cache-miss
996 http cache https://registry.npmjs.org/postcss-media-minmax 86ms (cache hit)
997 silly packumentCache full:https://registry.npmjs.org/postcss-media-minmax set size:26786 disposed:false
998 silly fetch manifest postcss-dir-pseudo-class@^6.0.5
999 silly packumentCache full:https://registry.npmjs.org/postcss-dir-pseudo-class cache-miss
1000 http cache https://registry.npmjs.org/postcss-selector-not 81ms (cache hit)
1001 silly packumentCache full:https://registry.npmjs.org/postcss-selector-not set size:54015 disposed:false
1002 silly fetch manifest @csstools/postcss-ic-unit@^1.0.1
1003 silly packumentCache full:https://registry.npmjs.org/@csstools%2fpostcss-ic-unit cache-miss
1004 http cache https://registry.npmjs.org/postcss-focus-visible 77ms (cache hit)
1005 silly packumentCache full:https://registry.npmjs.org/postcss-focus-visible set size:67015 disposed:false
1006 silly fetch manifest postcss-custom-properties@^12.1.10
1007 silly packumentCache full:https://registry.npmjs.org/postcss-custom-properties cache-miss
1008 http cache https://registry.npmjs.org/postcss-gap-properties 74ms (cache hit)
1009 silly packumentCache full:https://registry.npmjs.org/postcss-gap-properties set size:47202 disposed:false
1010 silly fetch manifest postcss-image-set-function@^4.0.7
1011 silly packumentCache full:https://registry.npmjs.org/postcss-image-set-function cache-miss
1012 http cache https://registry.npmjs.org/css-prefers-color-scheme 68ms (cache hit)
1013 silly packumentCache full:https://registry.npmjs.org/css-prefers-color-scheme set size:83953 disposed:false
1014 silly fetch manifest postcss-opacity-percentage@^1.1.2
1015 silly packumentCache full:https://registry.npmjs.org/postcss-opacity-percentage cache-miss
1016 http cache https://registry.npmjs.org/postcss-color-hex-alpha 107ms (cache hit)
1017 silly packumentCache full:https://registry.npmjs.org/postcss-color-hex-alpha set size:77476 disposed:false
1018 silly fetch manifest postcss-overflow-shorthand@^3.0.4
1019 silly packumentCache full:https://registry.npmjs.org/postcss-overflow-shorthand cache-miss
1020 http cache https://registry.npmjs.org/postcss-custom-selectors 98ms (cache hit)
1021 silly packumentCache full:https://registry.npmjs.org/postcss-custom-selectors set size:124740 disposed:false
1022 silly fetch manifest postcss-color-rebeccapurple@^7.1.1
1023 silly packumentCache full:https://registry.npmjs.org/postcss-color-rebeccapurple cache-miss
1024 http cache https://registry.npmjs.org/postcss-dir-pseudo-class 92ms (cache hit)
1025 silly packumentCache full:https://registry.npmjs.org/postcss-dir-pseudo-class set size:67672 disposed:false
1026 silly fetch manifest @csstools/postcss-nested-calc@^1.0.0
1027 silly packumentCache full:https://registry.npmjs.org/@csstools%2fpostcss-nested-calc cache-miss
1028 http cache https://registry.npmjs.org/@csstools%2fpostcss-ic-unit 96ms (cache hit)
1029 silly packumentCache full:https://registry.npmjs.org/@csstools%2fpostcss-ic-unit set size:60691 disposed:false
1030 silly fetch manifest @csstools/postcss-unset-value@^1.0.2
1031 silly packumentCache full:https://registry.npmjs.org/@csstools%2fpostcss-unset-value cache-miss
1032 http cache https://registry.npmjs.org/postcss-opacity-percentage 78ms (cache hit)
1033 silly packumentCache full:https://registry.npmjs.org/postcss-opacity-percentage set size:28101 disposed:false
1034 silly fetch manifest postcss-pseudo-class-any-link@^7.1.6
1035 silly packumentCache full:https://registry.npmjs.org/postcss-pseudo-class-any-link cache-miss
1036 http cache https://registry.npmjs.org/postcss-image-set-function 95ms (cache hit)
1037 silly packumentCache full:https://registry.npmjs.org/postcss-image-set-function set size:72010 disposed:false
1038 silly fetch manifest postcss-replace-overflow-wrap@^4.0.0
1039 silly packumentCache full:https://registry.npmjs.org/postcss-replace-overflow-wrap cache-miss
1040 http cache https://registry.npmjs.org/postcss-custom-properties 111ms (cache hit)
1041 silly packumentCache full:https://registry.npmjs.org/postcss-custom-properties set size:279721 disposed:false
1042 silly fetch manifest @csstools/postcss-hwb-function@^1.0.2
1043 silly packumentCache full:https://registry.npmjs.org/@csstools%2fpostcss-hwb-function cache-miss
1044 http cache https://registry.npmjs.org/postcss-overflow-shorthand 86ms (cache hit)
1045 silly packumentCache full:https://registry.npmjs.org/postcss-overflow-shorthand set size:46723 disposed:false
1046 silly fetch manifest @csstools/postcss-cascade-layers@^1.1.1
1047 silly packumentCache full:https://registry.npmjs.org/@csstools%2fpostcss-cascade-layers cache-miss
1048 http cache https://registry.npmjs.org/postcss-color-rebeccapurple 77ms (cache hit)
1049 silly packumentCache full:https://registry.npmjs.org/postcss-color-rebeccapurple set size:76868 disposed:false
1050 silly fetch manifest @csstools/postcss-color-function@^1.1.1
1051 silly packumentCache full:https://registry.npmjs.org/@csstools%2fpostcss-color-function cache-miss
1052 http cache https://registry.npmjs.org/@csstools%2fpostcss-nested-calc 81ms (cache hit)
1053 silly packumentCache full:https://registry.npmjs.org/@csstools%2fpostcss-nested-calc set size:30720 disposed:false
1054 silly fetch manifest @csstools/postcss-oklab-function@^1.1.1
1055 silly packumentCache full:https://registry.npmjs.org/@csstools%2fpostcss-oklab-function cache-miss
1056 http cache https://registry.npmjs.org/@csstools%2fpostcss-unset-value 77ms (cache hit)
1057 silly packumentCache full:https://registry.npmjs.org/@csstools%2fpostcss-unset-value set size:32157 disposed:false
1058 silly fetch manifest @csstools/postcss-is-pseudo-class@^2.0.7
1059 silly packumentCache full:https://registry.npmjs.org/@csstools%2fpostcss-is-pseudo-class cache-miss
1060 http cache https://registry.npmjs.org/postcss-pseudo-class-any-link 77ms (cache hit)
1061 silly packumentCache full:https://registry.npmjs.org/postcss-pseudo-class-any-link set size:87436 disposed:false
1062 silly fetch manifest postcss-color-functional-notation@^4.2.4
1063 silly packumentCache full:https://registry.npmjs.org/postcss-color-functional-notation cache-miss
1064 http cache https://registry.npmjs.org/postcss-replace-overflow-wrap 77ms (cache hit)
1065 silly packumentCache full:https://registry.npmjs.org/postcss-replace-overflow-wrap set size:12387 disposed:false
1066 silly fetch manifest postcss-double-position-gradients@^3.1.2
1067 silly packumentCache full:https://registry.npmjs.org/postcss-double-position-gradients cache-miss
1068 http cache https://registry.npmjs.org/@csstools%2fpostcss-hwb-function 66ms (cache hit)
1069 silly packumentCache full:https://registry.npmjs.org/@csstools%2fpostcss-hwb-function set size:130495 disposed:false
1070 silly fetch manifest postcss-attribute-case-insensitive@^5.0.2
1071 silly packumentCache full:https://registry.npmjs.org/postcss-attribute-case-insensitive cache-miss
1072 http cache https://registry.npmjs.org/@csstools%2fpostcss-cascade-layers 70ms (cache hit)
1073 silly packumentCache full:https://registry.npmjs.org/@csstools%2fpostcss-cascade-layers set size:86869 disposed:false
1074 silly fetch manifest @csstools/postcss-font-format-keywords@^1.0.1
1075 silly packumentCache full:https://registry.npmjs.org/@csstools%2fpostcss-font-format-keywords cache-miss
1076 http cache https://registry.npmjs.org/@csstools%2fpostcss-color-function 73ms (cache hit)
1077 silly packumentCache full:https://registry.npmjs.org/@csstools%2fpostcss-color-function set size:149372 disposed:false
1078 silly fetch manifest @csstools/postcss-stepped-value-functions@^1.0.1
1079 silly packumentCache full:https://registry.npmjs.org/@csstools%2fpostcss-stepped-value-functions cache-miss
1080 http cache https://registry.npmjs.org/@csstools%2fpostcss-oklab-function 75ms (cache hit)
1081 silly packumentCache full:https://registry.npmjs.org/@csstools%2fpostcss-oklab-function set size:142273 disposed:false
1082 silly fetch manifest @csstools/postcss-trigonometric-functions@^1.0.2
1083 silly packumentCache full:https://registry.npmjs.org/@csstools%2fpostcss-trigonometric-functions cache-miss
1084 http cache https://registry.npmjs.org/@csstools%2fpostcss-is-pseudo-class 83ms (cache hit)
1085 silly packumentCache full:https://registry.npmjs.org/@csstools%2fpostcss-is-pseudo-class set size:102055 disposed:false
1086 silly fetch manifest @csstools/postcss-normalize-display-values@^1.0.1
1087 silly packumentCache full:https://registry.npmjs.org/@csstools%2fpostcss-normalize-display-values cache-miss
1088 http cache https://registry.npmjs.org/postcss-color-functional-notation 83ms (cache hit)
1089 silly packumentCache full:https://registry.npmjs.org/postcss-color-functional-notation set size:159769 disposed:false
1090 silly fetch manifest @csstools/postcss-text-decoration-shorthand@^1.0.0
1091 silly packumentCache full:https://registry.npmjs.org/@csstools%2fpostcss-text-decoration-shorthand cache-miss
1092 http cache https://registry.npmjs.org/postcss-attribute-case-insensitive 81ms (cache hit)
1093 silly packumentCache full:https://registry.npmjs.org/postcss-attribute-case-insensitive set size:60603 disposed:false
1094 silly fetch manifest @csstools/postcss-progressive-custom-properties@^1.3.0
1095 silly packumentCache full:https://registry.npmjs.org/@csstools%2fpostcss-progressive-custom-properties cache-miss
1096 http cache https://registry.npmjs.org/postcss-double-position-gradients 99ms (cache hit)
1097 silly packumentCache full:https://registry.npmjs.org/postcss-double-position-gradients set size:95564 disposed:false
1098 silly fetch manifest kleur@^3.0.3
1099 silly packumentCache full:https://registry.npmjs.org/kleur cache-miss
1100 http cache https://registry.npmjs.org/@csstools%2fpostcss-font-format-keywords 89ms (cache hit)
1101 silly packumentCache full:https://registry.npmjs.org/@csstools%2fpostcss-font-format-keywords set size:35694 disposed:false
1102 silly fetch manifest sisteransi@^1.0.5
1103 silly packumentCache full:https://registry.npmjs.org/sisteransi cache-miss
1104 http cache https://registry.npmjs.org/@csstools%2fpostcss-stepped-value-functions 82ms (cache hit)
1105 silly packumentCache full:https://registry.npmjs.org/@csstools%2fpostcss-stepped-value-functions set size:88951 disposed:false
1106 silly fetch manifest raf@^3.4.1
1107 silly packumentCache full:https://registry.npmjs.org/raf cache-miss
1108 http cache https://registry.npmjs.org/@csstools%2fpostcss-normalize-display-values 66ms (cache hit)
1109 silly packumentCache full:https://registry.npmjs.org/@csstools%2fpostcss-normalize-display-values set size:37866 disposed:false
1110 silly fetch manifest core-js@^3.19.2
1111 silly packumentCache full:https://registry.npmjs.org/core-js cache-miss
1112 http cache https://registry.npmjs.org/@csstools%2fpostcss-trigonometric-functions 89ms (cache hit)
1113 silly packumentCache full:https://registry.npmjs.org/@csstools%2fpostcss-trigonometric-functions set size:97198 disposed:false
1114 silly fetch manifest promise@^8.1.0
1115 silly packumentCache full:https://registry.npmjs.org/promise cache-miss
1116 http cache https://registry.npmjs.org/@csstools%2fpostcss-text-decoration-shorthand 73ms (cache hit)
1117 silly packumentCache full:https://registry.npmjs.org/@csstools%2fpostcss-text-decoration-shorthand set size:81502 disposed:false
1118 silly fetch manifest whatwg-fetch@^3.6.2
1119 silly packumentCache full:https://registry.npmjs.org/whatwg-fetch cache-miss
1120 http cache https://registry.npmjs.org/@csstools%2fpostcss-progressive-custom-properties 76ms (cache hit)
1121 silly packumentCache full:https://registry.npmjs.org/@csstools%2fpostcss-progressive-custom-properties set size:75625 disposed:false
1122 silly fetch manifest object-assign@^4.1.1
1123 silly packumentCache full:https://registry.npmjs.org/object-assign cache-miss
1124 http cache https://registry.npmjs.org/kleur 77ms (cache hit)
1125 silly packumentCache full:https://registry.npmjs.org/kleur set size:61853 disposed:false
1126 silly fetch manifest regenerator-runtime@^0.13.9
1127 silly packumentCache full:https://registry.npmjs.org/regenerator-runtime cache-miss
1128 http cache https://registry.npmjs.org/sisteransi 84ms (cache hit)
1129 silly packumentCache full:https://registry.npmjs.org/sisteransi set size:23215 disposed:false
1130 silly fetch manifest open@^8.4.0
1131 silly packumentCache full:https://registry.npmjs.org/open cache-miss
1132 http cache https://registry.npmjs.org/raf 75ms (cache hit)
1133 silly packumentCache full:https://registry.npmjs.org/raf set size:44936 disposed:false
1134 silly fetch manifest chalk@^4.1.2
1135 silly packumentCache full:https://registry.npmjs.org/chalk cache-hit
1136 silly fetch manifest immer@^9.0.7
1137 silly packumentCache full:https://registry.npmjs.org/immer cache-miss
1138 http cache https://registry.npmjs.org/promise 68ms (cache hit)
1139 silly packumentCache full:https://registry.npmjs.org/promise set size:112704 disposed:false
1140 silly fetch manifest globby@^11.0.4
1141 silly packumentCache full:https://registry.npmjs.org/globby cache-miss
1142 http cache https://registry.npmjs.org/whatwg-fetch 71ms (cache hit)
1143 silly packumentCache full:https://registry.npmjs.org/whatwg-fetch set size:120970 disposed:false
1144 silly fetch manifest pkg-up@^3.1.0
1145 silly packumentCache full:https://registry.npmjs.org/pkg-up cache-miss
1146 http cache https://registry.npmjs.org/core-js 107ms (cache hit)
1147 silly packumentCache full:https://registry.npmjs.org/core-js set size:814557 disposed:false
1148 silly fetch manifest address@^1.1.2
1149 silly packumentCache full:https://registry.npmjs.org/address cache-miss
1150 http cache https://registry.npmjs.org/object-assign 107ms (cache hit)
1151 silly packumentCache full:https://registry.npmjs.org/object-assign set size:28988 disposed:false
1152 silly fetch manifest is-root@^2.1.0
1153 silly packumentCache full:https://registry.npmjs.org/is-root cache-miss
1154 http cache https://registry.npmjs.org/regenerator-runtime 108ms (cache hit)
1155 silly packumentCache full:https://registry.npmjs.org/regenerator-runtime set size:59671 disposed:false
1156 silly fetch manifest filesize@^8.0.6
1157 silly packumentCache full:https://registry.npmjs.org/filesize cache-miss
1158 http cache https://registry.npmjs.org/open 108ms (cache hit)
1159 silly packumentCache full:https://registry.npmjs.org/open set size:136392 disposed:false
1160 silly fetch manifest gzip-size@^6.0.0
1161 silly packumentCache full:https://registry.npmjs.org/gzip-size cache-miss
1162 http cache https://registry.npmjs.org/immer 112ms (cache hit)
1163 silly packumentCache full:https://registry.npmjs.org/immer set size:754418 disposed:false
1164 silly fetch manifest cross-spawn@^7.0.3
1165 silly packumentCache full:https://registry.npmjs.org/cross-spawn cache-hit
1166 silly fetch manifest shell-quote@^1.7.3
1167 silly packumentCache full:https://registry.npmjs.org/shell-quote cache-miss
1168 http cache https://registry.npmjs.org/globby 159ms (cache hit)
1169 silly packumentCache full:https://registry.npmjs.org/globby set size:160568 disposed:false
1170 silly fetch manifest loader-utils@^3.2.0
1171 silly packumentCache full:https://registry.npmjs.org/loader-utils cache-hit
1172 silly fetch manifest global-modules@^2.0.0
1173 silly packumentCache full:https://registry.npmjs.org/global-modules cache-miss
1174 http cache https://registry.npmjs.org/pkg-up 161ms (cache hit)
1175 silly packumentCache full:https://registry.npmjs.org/pkg-up set size:17633 disposed:false
1176 silly fetch manifest detect-port-alt@^1.1.6
1177 silly packumentCache full:https://registry.npmjs.org/detect-port-alt cache-miss
1178 http cache https://registry.npmjs.org/address 132ms (cache hit)
1179 silly packumentCache full:https://registry.npmjs.org/address set size:47026 disposed:false
1180 silly fetch manifest @babel/code-frame@^7.16.0
1181 silly packumentCache full:https://registry.npmjs.org/@babel%2fcode-frame cache-hit
1182 silly fetch manifest recursive-readdir@^2.2.2
1183 silly packumentCache full:https://registry.npmjs.org/recursive-readdir cache-miss
1184 http cache https://registry.npmjs.org/is-root 136ms (cache hit)
1185 silly packumentCache full:https://registry.npmjs.org/is-root set size:10678 disposed:false
1186 silly fetch manifest react-error-overlay@^6.0.11
1187 silly packumentCache full:https://registry.npmjs.org/react-error-overlay cache-miss
1188 http cache https://registry.npmjs.org/filesize 145ms (cache hit)
1189 silly packumentCache full:https://registry.npmjs.org/filesize set size:330100 disposed:false
1190 silly fetch manifest fork-ts-checker-webpack-plugin@^6.5.0
1191 silly packumentCache full:https://registry.npmjs.org/fork-ts-checker-webpack-plugin cache-miss
1192 http cache https://registry.npmjs.org/gzip-size 145ms (cache hit)
1193 silly packumentCache full:https://registry.npmjs.org/gzip-size set size:35291 disposed:false
1194 silly fetch manifest es-errors@^1.3.0
1195 silly packumentCache full:https://registry.npmjs.org/es-errors cache-miss
1196 http cache https://registry.npmjs.org/shell-quote 116ms (cache hit)
1197 silly packumentCache full:https://registry.npmjs.org/shell-quote set size:61937 disposed:false
1198 silly fetch manifest is-core-module@^2.16.1
1199 silly packumentCache full:https://registry.npmjs.org/is-core-module cache-miss
1200 http cache https://registry.npmjs.org/global-modules 88ms (cache hit)
1201 silly packumentCache full:https://registry.npmjs.org/global-modules set size:18732 disposed:false
1202 silly fetch manifest path-parse@^1.0.7
1203 silly packumentCache full:https://registry.npmjs.org/path-parse cache-miss
1204 http cache https://registry.npmjs.org/recursive-readdir 77ms (cache hit)
1205 silly packumentCache full:https://registry.npmjs.org/recursive-readdir set size:27476 disposed:false
1206 silly fetch manifest supports-preserve-symlinks-flag@^1.0.0
1207 silly packumentCache full:https://registry.npmjs.org/supports-preserve-symlinks-flag cache-miss
1208 http cache https://registry.npmjs.org/detect-port-alt 96ms (cache hit)
1209 silly packumentCache full:https://registry.npmjs.org/detect-port-alt set size:9836 disposed:false
1210 silly fetch manifest adjust-sourcemap-loader@^4.0.0
1211 silly packumentCache full:https://registry.npmjs.org/adjust-sourcemap-loader cache-miss
1212 http cache https://registry.npmjs.org/react-error-overlay 91ms (cache hit)
1213 silly packumentCache full:https://registry.npmjs.org/react-error-overlay set size:296502 disposed:false
1214 silly fetch manifest convert-source-map@^1.7.0
1215 silly packumentCache full:https://registry.npmjs.org/convert-source-map cache-hit
1216 silly fetch manifest postcss@^7.0.35
1217 silly packumentCache full:https://registry.npmjs.org/postcss cache-hit
1218 silly fetch manifest source-map@0.6.1
1219 silly packumentCache full:https://registry.npmjs.org/source-map cache-hit
1220 silly fetch manifest klona@^2.0.4
1221 silly packumentCache full:https://registry.npmjs.org/klona cache-hit
1222 silly fetch manifest neo-async@^2.6.2
1223 silly packumentCache full:https://registry.npmjs.org/neo-async cache-miss
1224 http cache https://registry.npmjs.org/es-errors 86ms (cache hit)
1225 silly packumentCache full:https://registry.npmjs.org/es-errors set size:16918 disposed:false
1226 silly fetch manifest abab@^2.0.5
1227 silly packumentCache full:https://registry.npmjs.org/abab cache-miss
1228 http cache https://registry.npmjs.org/fork-ts-checker-webpack-plugin 114ms (cache hit)
1229 silly packumentCache full:https://registry.npmjs.org/fork-ts-checker-webpack-plugin set size:1092702 disposed:false
1230 silly fetch manifest iconv-lite@^0.6.3
1231 silly packumentCache full:https://registry.npmjs.org/iconv-lite cache-miss
1232 http cache https://registry.npmjs.org/is-core-module 140ms (cache hit)
1233 silly packumentCache full:https://registry.npmjs.org/is-core-module set size:71788 disposed:false
1234 silly fetch manifest source-map-js@^1.0.1
1235 silly packumentCache full:https://registry.npmjs.org/source-map-js cache-hit
1236 silly fetch manifest arg@^5.0.2
1237 silly packumentCache full:https://registry.npmjs.org/arg cache-miss
1238 http cache https://registry.npmjs.org/path-parse 144ms (cache hit)
1239 silly packumentCache full:https://registry.npmjs.org/path-parse set size:14523 disposed:false
1240 silly fetch manifest dlv@^1.1.3
1241 silly packumentCache full:https://registry.npmjs.org/dlv cache-miss
1242 http cache https://registry.npmjs.org/adjust-sourcemap-loader 135ms (cache hit)
1243 silly packumentCache full:https://registry.npmjs.org/adjust-sourcemap-loader set size:35662 disposed:false
1244 silly fetch manifest jiti@^1.21.7
1245 silly packumentCache full:https://registry.npmjs.org/jiti cache-miss
1246 http cache https://registry.npmjs.org/supports-preserve-symlinks-flag 150ms (cache hit)
1247 silly packumentCache full:https://registry.npmjs.org/supports-preserve-symlinks-flag set size:6802 disposed:false
1248 silly fetch manifest is-glob@^4.0.3
1249 silly packumentCache full:https://registry.npmjs.org/is-glob cache-hit
1250 silly fetch manifest sucrase@^3.35.0
1251 silly packumentCache full:https://registry.npmjs.org/sucrase cache-miss
1252 http cache https://registry.npmjs.org/neo-async 123ms (cache hit)
1253 silly packumentCache full:https://registry.npmjs.org/neo-async set size:155670 disposed:false
1254 silly fetch manifest chokidar@^3.6.0
1255 silly packumentCache full:https://registry.npmjs.org/chokidar cache-miss
1256 http cache https://registry.npmjs.org/abab 125ms (cache hit)
1257 silly packumentCache full:https://registry.npmjs.org/abab set size:30406 disposed:false
1258 silly fetch manifest fast-glob@^3.3.2
1259 silly packumentCache full:https://registry.npmjs.org/fast-glob cache-miss
1260 http cache https://registry.npmjs.org/iconv-lite 77ms (cache hit)
1261 silly packumentCache full:https://registry.npmjs.org/iconv-lite set size:120557 disposed:false
1262 silly fetch manifest lilconfig@^3.1.3
1263 silly packumentCache full:https://registry.npmjs.org/lilconfig cache-miss
1264 http cache https://registry.npmjs.org/dlv 73ms (cache hit)
1265 silly packumentCache full:https://registry.npmjs.org/dlv set size:16709 disposed:false
1266 silly fetch manifest didyoumean@^1.2.2
1267 silly packumentCache full:https://registry.npmjs.org/didyoumean cache-miss
1268 http cache https://registry.npmjs.org/jiti 75ms (cache hit)
1269 silly packumentCache full:https://registry.npmjs.org/jiti set size:382310 disposed:false
1270 silly fetch manifest micromatch@^4.0.8
1271 silly packumentCache full:https://registry.npmjs.org/micromatch cache-hit
1272 silly fetch manifest postcss-js@^4.0.1
1273 silly packumentCache full:https://registry.npmjs.org/postcss-js cache-miss
1274 http cache https://registry.npmjs.org/arg 116ms (cache hit)
1275 silly packumentCache full:https://registry.npmjs.org/arg set size:67036 disposed:false
1276 silly fetch manifest object-hash@^3.0.0
1277 silly packumentCache full:https://registry.npmjs.org/object-hash cache-miss
1278 http cache https://registry.npmjs.org/sucrase 108ms (cache hit)
1279 silly packumentCache full:https://registry.npmjs.org/sucrase set size:449399 disposed:false
1280 silly fetch manifest postcss-import@^15.1.0
1281 silly packumentCache full:https://registry.npmjs.org/postcss-import cache-miss
1282 http cache https://registry.npmjs.org/chokidar 122ms (cache hit)
1283 silly packumentCache full:https://registry.npmjs.org/chokidar set size:255902 disposed:false
1284 silly fetch manifest postcss-nested@^6.2.0
1285 silly packumentCache full:https://registry.npmjs.org/postcss-nested cache-miss
1286 http cache https://registry.npmjs.org/fast-glob 128ms (cache hit)
1287 silly packumentCache full:https://registry.npmjs.org/fast-glob set size:220556 disposed:false
1288 silly fetch manifest @alloc/quick-lru@^5.2.0
1289 silly packumentCache full:https://registry.npmjs.org/@alloc%2fquick-lru cache-miss
1290 http cache https://registry.npmjs.org/lilconfig 134ms (cache hit)
1291 silly packumentCache full:https://registry.npmjs.org/lilconfig set size:45636 disposed:false
1292 silly fetch manifest postcss-load-config@^4.0.2 || ^5.0 || ^6.0
1293 silly packumentCache full:https://registry.npmjs.org/postcss-load-config cache-miss
1294 http cache https://registry.npmjs.org/didyoumean 132ms (cache hit)
1295 silly packumentCache full:https://registry.npmjs.org/didyoumean set size:11446 disposed:false
1296 silly fetch manifest postcss-selector-parser@^6.1.2
1297 silly packumentCache full:https://registry.npmjs.org/postcss-selector-parser cache-miss
1298 http cache https://registry.npmjs.org/postcss-js 111ms (cache hit)
1299 silly packumentCache full:https://registry.npmjs.org/postcss-js set size:51308 disposed:false
1300 silly fetch manifest @jridgewell/trace-mapping@^0.3.25
1301 silly packumentCache full:https://registry.npmjs.org/@jridgewell%2ftrace-mapping cache-miss
1302 http cache https://registry.npmjs.org/object-hash 143ms (cache hit)
1303 silly packumentCache full:https://registry.npmjs.org/object-hash set size:100564 disposed:false
1304 silly fetch manifest jest-worker@^27.4.5
1305 silly packumentCache full:https://registry.npmjs.org/jest-worker cache-hit
1306 silly fetch manifest schema-utils@^4.3.0
1307 silly packumentCache full:https://registry.npmjs.org/schema-utils cache-hit
1308 silly fetch manifest terser@^5.31.1
1309 silly packumentCache full:https://registry.npmjs.org/terser cache-miss
1310 http cache https://registry.npmjs.org/postcss-import 134ms (cache hit)
1311 silly packumentCache full:https://registry.npmjs.org/postcss-import set size:120971 disposed:false
1312 silly fetch manifest @types/eslint-scope@^3.7.7
1313 silly packumentCache full:https://registry.npmjs.org/@types%2feslint-scope cache-miss
1314 http cache https://registry.npmjs.org/@alloc%2fquick-lru 109ms (cache hit)
1315 silly packumentCache full:https://registry.npmjs.org/@alloc%2fquick-lru set size:7269 disposed:false
1316 silly fetch manifest @types/estree@^1.0.8
1317 silly packumentCache full:https://registry.npmjs.org/@types%2festree cache-miss
1318 http cache https://registry.npmjs.org/postcss-nested 133ms (cache hit)
1319 silly packumentCache full:https://registry.npmjs.org/postcss-nested set size:79120 disposed:false
1320 silly fetch manifest @types/json-schema@^7.0.15
1321 silly packumentCache full:https://registry.npmjs.org/@types%2fjson-schema cache-miss
1322 http cache https://registry.npmjs.org/postcss-load-config 115ms (cache hit)
1323 silly packumentCache full:https://registry.npmjs.org/postcss-load-config set size:86425 disposed:false
1324 silly fetch manifest @webassemblyjs/ast@^1.14.1
1325 silly packumentCache full:https://registry.npmjs.org/@webassemblyjs%2fast cache-miss
1326 http cache https://registry.npmjs.org/@jridgewell%2ftrace-mapping 108ms (cache hit)
1327 silly packumentCache full:https://registry.npmjs.org/@jridgewell%2ftrace-mapping set size:170909 disposed:false
1328 silly fetch manifest @webassemblyjs/wasm-edit@^1.14.1
1329 silly packumentCache full:https://registry.npmjs.org/@webassemblyjs%2fwasm-edit cache-miss
1330 http cache https://registry.npmjs.org/postcss-selector-parser 133ms (cache hit)
1331 silly packumentCache full:https://registry.npmjs.org/postcss-selector-parser set size:177140 disposed:false
1332 silly fetch manifest @webassemblyjs/wasm-parser@^1.14.1
1333 silly packumentCache full:https://registry.npmjs.org/@webassemblyjs%2fwasm-parser cache-miss
1334 http cache https://registry.npmjs.org/@types%2feslint-scope 84ms (cache hit)
1335 silly packumentCache full:https://registry.npmjs.org/@types%2feslint-scope set size:25267 disposed:false
1336 silly fetch manifest acorn@^8.16.0
1337 silly packumentCache full:https://registry.npmjs.org/acorn cache-miss
1338 http cache https://registry.npmjs.org/terser 115ms (cache hit)
1339 silly packumentCache full:https://registry.npmjs.org/terser set size:793225 disposed:false
1340 silly fetch manifest acorn-import-phases@^1.0.3
1341 silly packumentCache full:https://registry.npmjs.org/acorn-import-phases cache-miss
1342 http cache https://registry.npmjs.org/@types%2fjson-schema 110ms (cache hit)
1343 silly packumentCache full:https://registry.npmjs.org/@types%2fjson-schema set size:44704 disposed:false
1344 silly fetch manifest chrome-trace-event@^1.0.2
1345 silly packumentCache full:https://registry.npmjs.org/chrome-trace-event cache-miss
1346 http cache https://registry.npmjs.org/@types%2festree 129ms (cache hit)
1347 silly packumentCache full:https://registry.npmjs.org/@types%2festree set size:74091 disposed:false
1348 silly fetch manifest enhanced-resolve@^5.20.0
1349 silly packumentCache full:https://registry.npmjs.org/enhanced-resolve cache-miss
1350 http cache https://registry.npmjs.org/@webassemblyjs%2fast 116ms (cache hit)
1351 silly packumentCache full:https://registry.npmjs.org/@webassemblyjs%2fast set size:198816 disposed:false
1352 silly fetch manifest es-module-lexer@^2.0.0
1353 silly packumentCache full:https://registry.npmjs.org/es-module-lexer cache-miss
1354 http cache https://registry.npmjs.org/@webassemblyjs%2fwasm-edit 119ms (cache hit)
1355 silly packumentCache full:https://registry.npmjs.org/@webassemblyjs%2fwasm-edit set size:202718 disposed:false
1356 silly fetch manifest eslint-scope@5.1.1
1357 silly packumentCache full:https://registry.npmjs.org/eslint-scope cache-hit
1358 silly fetch manifest events@^3.2.0
1359 silly packumentCache full:https://registry.npmjs.org/events cache-miss
1360 http cache https://registry.npmjs.org/@webassemblyjs%2fwasm-parser 120ms (cache hit)
1361 silly packumentCache full:https://registry.npmjs.org/@webassemblyjs%2fwasm-parser set size:214115 disposed:false
1362 silly fetch manifest glob-to-regexp@^0.4.1
1363 silly packumentCache full:https://registry.npmjs.org/glob-to-regexp cache-miss
1364 http cache https://registry.npmjs.org/acorn-import-phases 87ms (cache hit)
1365 silly packumentCache full:https://registry.npmjs.org/acorn-import-phases set size:11206 disposed:false
1366 silly fetch manifest graceful-fs@^4.2.11
1367 silly packumentCache full:https://registry.npmjs.org/graceful-fs cache-hit
1368 silly fetch manifest loader-runner@^4.3.1
1369 silly packumentCache full:https://registry.npmjs.org/loader-runner cache-miss
1370 http cache https://registry.npmjs.org/acorn 141ms (cache hit)
1371 silly packumentCache full:https://registry.npmjs.org/acorn set size:379626 disposed:false
1372 silly fetch manifest mime-db@^1.54.0
1373 silly packumentCache full:https://registry.npmjs.org/mime-db cache-miss
1374 http cache https://registry.npmjs.org/chrome-trace-event 110ms (cache hit)
1375 silly packumentCache full:https://registry.npmjs.org/chrome-trace-event set size:20859 disposed:false
1376 silly fetch manifest schema-utils@^4.3.3
1377 silly packumentCache full:https://registry.npmjs.org/schema-utils cache-hit
1378 silly fetch manifest tapable@^2.3.0
1379 silly packumentCache full:https://registry.npmjs.org/tapable cache-hit
1380 silly fetch manifest watchpack@^2.5.1
1381 silly packumentCache full:https://registry.npmjs.org/watchpack cache-miss
1382 http cache https://registry.npmjs.org/enhanced-resolve 115ms (cache hit)
1383 silly packumentCache full:https://registry.npmjs.org/enhanced-resolve set size:406072 disposed:false
1384 silly fetch manifest webpack-sources@^3.3.4
1385 silly packumentCache full:https://registry.npmjs.org/webpack-sources cache-miss
1386 http cache https://registry.npmjs.org/es-module-lexer 126ms (cache hit)
1387 silly packumentCache full:https://registry.npmjs.org/es-module-lexer set size:205389 disposed:false
1388 silly fetch manifest ws@^8.13.0
1389 silly packumentCache full:https://registry.npmjs.org/ws cache-miss
1390 http cache https://registry.npmjs.org/events 121ms (cache hit)
1391 silly packumentCache full:https://registry.npmjs.org/events set size:35240 disposed:false
1392 silly fetch manifest open@^8.0.9
1393 silly packumentCache full:https://registry.npmjs.org/open cache-hit
1394 silly fetch manifest spdy@^4.0.2
1395 silly packumentCache full:https://registry.npmjs.org/spdy cache-miss
1396 http cache https://registry.npmjs.org/glob-to-regexp 121ms (cache hit)
1397 silly packumentCache full:https://registry.npmjs.org/glob-to-regexp set size:15844 disposed:false
1398 silly fetch manifest rimraf@^3.0.2
1399 silly packumentCache full:https://registry.npmjs.org/rimraf cache-miss
1400 http cache https://registry.npmjs.org/loader-runner 113ms (cache hit)
1401 silly packumentCache full:https://registry.npmjs.org/loader-runner set size:41628 disposed:false
1402 silly fetch manifest sockjs@^0.3.24
1403 silly packumentCache full:https://registry.npmjs.org/sockjs cache-miss
1404 http cache https://registry.npmjs.org/mime-db 95ms (cache hit)
1405 silly packumentCache full:https://registry.npmjs.org/mime-db set size:164953 disposed:false
1406 silly fetch manifest express@^4.17.3
1407 silly packumentCache full:https://registry.npmjs.org/express cache-miss
1408 http cache https://registry.npmjs.org/webpack-sources 71ms (cache hit)
1409 silly packumentCache full:https://registry.npmjs.org/webpack-sources set size:176804 disposed:false
1410 silly fetch manifest p-retry@^4.5.0
1411 silly packumentCache full:https://registry.npmjs.org/p-retry cache-miss
1412 http cache https://registry.npmjs.org/watchpack 109ms (cache hit)
1413 silly packumentCache full:https://registry.npmjs.org/watchpack set size:144588 disposed:false
1414 silly fetch manifest chokidar@^3.5.3
1415 silly packumentCache full:https://registry.npmjs.org/chokidar cache-hit
1416 silly fetch manifest @types/ws@^8.5.5
1417 silly packumentCache full:https://registry.npmjs.org/@types%2fws cache-miss
1418 http cache https://registry.npmjs.org/ws 89ms (cache hit)
1419 silly packumentCache full:https://registry.npmjs.org/ws set size:415737 disposed:false
1420 silly fetch manifest colorette@^2.0.10
1421 silly packumentCache full:https://registry.npmjs.org/colorette cache-miss
1422 http cache https://registry.npmjs.org/spdy 105ms (cache hit)
1423 silly packumentCache full:https://registry.npmjs.org/spdy set size:358688 disposed:false
1424 silly fetch manifest ipaddr.js@^2.0.1
1425 silly packumentCache full:https://registry.npmjs.org/ipaddr.js cache-miss
1426 http cache https://registry.npmjs.org/rimraf 124ms (cache hit)
1427 silly packumentCache full:https://registry.npmjs.org/rimraf set size:212626 disposed:false
1428 silly fetch manifest selfsigned@^2.1.1
1429 silly packumentCache full:https://registry.npmjs.org/selfsigned cache-miss
1430 http cache https://registry.npmjs.org/p-retry 102ms (cache hit)
1431 silly packumentCache full:https://registry.npmjs.org/p-retry set size:72148 disposed:false
1432 silly fetch manifest compression@^1.7.4
1433 silly packumentCache full:https://registry.npmjs.org/compression cache-miss
1434 http cache https://registry.npmjs.org/sockjs 137ms (cache hit)
1435 silly packumentCache full:https://registry.npmjs.org/sockjs set size:78786 disposed:false
1436 silly fetch manifest graceful-fs@^4.2.6
1437 silly packumentCache full:https://registry.npmjs.org/graceful-fs cache-hit
1438 silly fetch manifest serve-index@^1.9.1
1439 silly packumentCache full:https://registry.npmjs.org/serve-index cache-miss
1440 http cache https://registry.npmjs.org/@types%2fws 109ms (cache hit)
1441 silly packumentCache full:https://registry.npmjs.org/@types%2fws set size:167959 disposed:false
1442 silly fetch manifest @types/sockjs@^0.3.33
1443 silly packumentCache full:https://registry.npmjs.org/@types%2fsockjs cache-miss
1444 http cache https://registry.npmjs.org/express 152ms (cache hit)
1445 silly packumentCache full:https://registry.npmjs.org/express set size:801278 disposed:false
1446 silly fetch manifest html-entities@^2.3.2
1447 silly packumentCache full:https://registry.npmjs.org/html-entities cache-hit
1448 silly fetch manifest launch-editor@^2.6.0
1449 silly packumentCache full:https://registry.npmjs.org/launch-editor cache-miss
1450 http cache https://registry.npmjs.org/ipaddr.js 152ms (cache hit)
1451 silly packumentCache full:https://registry.npmjs.org/ipaddr.js set size:69563 disposed:false
1452 silly fetch manifest @types/bonjour@^3.5.9
1453 silly packumentCache full:https://registry.npmjs.org/@types%2fbonjour cache-miss
1454 http cache https://registry.npmjs.org/colorette 187ms (cache hit)
1455 silly packumentCache full:https://registry.npmjs.org/colorette set size:92733 disposed:false
1456 silly fetch manifest @types/express@^4.17.13
1457 silly packumentCache full:https://registry.npmjs.org/@types%2fexpress cache-miss
1458 http cache https://registry.npmjs.org/selfsigned 159ms (cache hit)
1459 silly packumentCache full:https://registry.npmjs.org/selfsigned set size:100477 disposed:false
1460 silly fetch manifest bonjour-service@^1.0.11
1461 silly packumentCache full:https://registry.npmjs.org/bonjour-service cache-miss
1462 http cache https://registry.npmjs.org/compression 154ms (cache hit)
1463 silly packumentCache full:https://registry.npmjs.org/compression set size:98424 disposed:false
1464 silly fetch manifest default-gateway@^6.0.3
1465 silly packumentCache full:https://registry.npmjs.org/default-gateway cache-miss
1466 http cache https://registry.npmjs.org/serve-index 151ms (cache hit)
1467 silly packumentCache full:https://registry.npmjs.org/serve-index set size:70731 disposed:false
1468 silly fetch manifest @types/serve-index@^1.9.1
1469 silly packumentCache full:https://registry.npmjs.org/@types%2fserve-index cache-miss
1470 http cache https://registry.npmjs.org/launch-editor 89ms (cache hit)
1471 silly packumentCache full:https://registry.npmjs.org/launch-editor set size:42095 disposed:false
1472 silly fetch manifest @types/serve-static@^1.13.10
1473 silly packumentCache full:https://registry.npmjs.org/@types%2fserve-static cache-miss
1474 http cache https://registry.npmjs.org/@types%2fsockjs 154ms (cache hit)
1475 silly packumentCache full:https://registry.npmjs.org/@types%2fsockjs set size:29384 disposed:false
1476 silly fetch manifest ansi-html-community@^0.0.8
1477 silly packumentCache full:https://registry.npmjs.org/ansi-html-community cache-miss
1478 http cache https://registry.npmjs.org/@types%2fbonjour 66ms (cache hit)
1479 silly packumentCache full:https://registry.npmjs.org/@types%2fbonjour set size:24290 disposed:false
1480 silly fetch manifest http-proxy-middleware@^2.0.3
1481 silly packumentCache full:https://registry.npmjs.org/http-proxy-middleware cache-miss
1482 http cache https://registry.npmjs.org/@types%2fexpress 65ms (cache hit)
1483 silly packumentCache full:https://registry.npmjs.org/@types%2fexpress set size:111364 disposed:false
1484 silly fetch manifest webpack-dev-middleware@^5.3.4
1485 silly packumentCache full:https://registry.npmjs.org/webpack-dev-middleware cache-miss
1486 http cache https://registry.npmjs.org/bonjour-service 67ms (cache hit)
1487 silly packumentCache full:https://registry.npmjs.org/bonjour-service set size:59755 disposed:false
1488 silly fetch manifest connect-history-api-fallback@^2.0.0
1489 silly packumentCache full:https://registry.npmjs.org/connect-history-api-fallback cache-miss
1490 http cache https://registry.npmjs.org/default-gateway 60ms (cache hit)
1491 silly packumentCache full:https://registry.npmjs.org/default-gateway set size:110170 disposed:false
1492 silly fetch manifest @types/connect-history-api-fallback@^1.3.5
1493 silly packumentCache full:https://registry.npmjs.org/@types%2fconnect-history-api-fallback cache-miss
1494 http cache https://registry.npmjs.org/@types%2fserve-index 63ms (cache hit)
1495 silly packumentCache full:https://registry.npmjs.org/@types%2fserve-index set size:29301 disposed:false
1496 silly fetch manifest webpack-sources@^2.2.0
1497 silly packumentCache full:https://registry.npmjs.org/webpack-sources cache-hit
1498 silly fetch manifest upath@^1.2.0
1499 silly packumentCache full:https://registry.npmjs.org/upath cache-miss
1500 http cache https://registry.npmjs.org/ansi-html-community 59ms (cache hit)
1501 silly packumentCache full:https://registry.npmjs.org/ansi-html-community set size:4862 disposed:false
1502 silly fetch manifest pretty-bytes@^5.4.1
1503 silly packumentCache full:https://registry.npmjs.org/pretty-bytes cache-miss
1504 http cache https://registry.npmjs.org/@types%2fserve-static 70ms (cache hit)
1505 silly packumentCache full:https://registry.npmjs.org/@types%2fserve-static set size:70859 disposed:false
1506 silly fetch manifest workbox-build@6.6.0
1507 silly packumentCache full:https://registry.npmjs.org/workbox-build cache-miss
1508 http cache https://registry.npmjs.org/http-proxy-middleware 70ms (cache hit)
1509 silly packumentCache full:https://registry.npmjs.org/http-proxy-middleware set size:314447 disposed:false
1510 silly fetch manifest webpack-sources@^1.4.3
1511 silly packumentCache full:https://registry.npmjs.org/webpack-sources cache-hit
1512 silly fetch manifest fast-json-stable-stringify@^2.1.0
1513 silly packumentCache full:https://registry.npmjs.org/fast-json-stable-stringify cache-miss
1514 http cache https://registry.npmjs.org/webpack-dev-middleware 89ms (cache hit)
1515 silly packumentCache full:https://registry.npmjs.org/webpack-dev-middleware set size:378853 disposed:false
1516 http cache https://registry.npmjs.org/connect-history-api-fallback 95ms (cache hit)
1517 silly packumentCache full:https://registry.npmjs.org/connect-history-api-fallback set size:30068 disposed:false
1518 http cache https://registry.npmjs.org/@types%2fconnect-history-api-fallback 88ms (cache hit)
1519 silly packumentCache full:https://registry.npmjs.org/@types%2fconnect-history-api-fallback set size:23738 disposed:false
1520 http cache https://registry.npmjs.org/upath 85ms (cache hit)
1521 silly packumentCache full:https://registry.npmjs.org/upath set size:74528 disposed:false
1522 http cache https://registry.npmjs.org/pretty-bytes 87ms (cache hit)
1523 silly packumentCache full:https://registry.npmjs.org/pretty-bytes set size:64558 disposed:false
1524 http cache https://registry.npmjs.org/workbox-build 89ms (cache hit)
1525 silly packumentCache full:https://registry.npmjs.org/workbox-build set size:332781 disposed:false
1526 http cache https://registry.npmjs.org/fast-json-stable-stringify 84ms (cache hit)
1527 silly packumentCache full:https://registry.npmjs.org/fast-json-stable-stringify set size:11337 disposed:false
1528 silly placeDep ROOT @babel/code-frame@7.29.0 OK for: @babel/core@7.29.0 want: ^7.29.0
1529 silly placeDep ROOT @babel/generator@7.29.1 OK for: @babel/core@7.29.0 want: ^7.29.0
1530 silly placeDep ROOT @babel/helper-compilation-targets@7.28.6 OK for: @babel/core@7.29.0 want: ^7.28.6
1531 silly placeDep ROOT @babel/helper-module-transforms@7.28.6 OK for: @babel/core@7.29.0 want: ^7.28.6
1532 silly placeDep ROOT @babel/helpers@7.29.2 OK for: @babel/core@7.29.0 want: ^7.28.6
1533 silly placeDep ROOT @babel/parser@7.29.3 OK for: @babel/core@7.29.0 want: ^7.29.0
1534 silly placeDep ROOT @babel/template@7.28.6 OK for: @babel/core@7.29.0 want: ^7.28.6
1535 silly placeDep ROOT @babel/traverse@7.29.0 OK for: @babel/core@7.29.0 want: ^7.29.0
1536 silly placeDep ROOT @babel/types@7.29.0 OK for: @babel/core@7.29.0 want: ^7.29.0
1537 silly placeDep ROOT @jridgewell/remapping@2.3.5 OK for: @babel/core@7.29.0 want: ^2.3.5
1538 silly placeDep ROOT convert-source-map@2.0.0 OK for: @babel/core@7.29.0 want: ^2.0.0
1539 silly placeDep ROOT debug@4.4.3 OK for: @babel/core@7.29.0 want: ^4.1.0
1540 silly placeDep ROOT gensync@1.0.0-beta.2 OK for: @babel/core@7.29.0 want: ^1.0.0-beta.2
1541 silly placeDep ROOT json5@2.2.3 OK for: @babel/core@7.29.0 want: ^2.2.3
1542 silly placeDep node_modules/@babel/core semver@6.3.1 OK for: @babel/core@7.29.0 want: ^6.3.1
1543 silly fetch manifest @babel/helper-validator-identifier@^7.28.5
1544 silly packumentCache full:https://registry.npmjs.org/@babel%2fhelper-validator-identifier cache-miss
1545 silly fetch manifest jsesc@^3.0.2
1546 silly packumentCache full:https://registry.npmjs.org/jsesc cache-miss
1547 silly fetch manifest @jridgewell/gen-mapping@^0.3.12
1548 silly packumentCache full:https://registry.npmjs.org/@jridgewell%2fgen-mapping cache-miss
1549 silly fetch manifest @jridgewell/trace-mapping@^0.3.28
1550 silly packumentCache full:https://registry.npmjs.org/@jridgewell%2ftrace-mapping cache-hit
1551 silly fetch manifest lru-cache@^5.1.1
1552 silly packumentCache full:https://registry.npmjs.org/lru-cache cache-miss
1553 silly fetch manifest @babel/compat-data@^7.28.6
1554 silly packumentCache full:https://registry.npmjs.org/@babel%2fcompat-data cache-miss
1555 silly fetch manifest @babel/helper-validator-option@^7.27.1
1556 silly packumentCache full:https://registry.npmjs.org/@babel%2fhelper-validator-option cache-miss
1557 silly fetch manifest @babel/traverse@^7.28.6
1558 silly packumentCache full:https://registry.npmjs.org/@babel%2ftraverse cache-hit
1559 silly fetch manifest @babel/helper-module-imports@^7.28.6
1560 silly packumentCache full:https://registry.npmjs.org/@babel%2fhelper-module-imports cache-miss
1561 http cache https://registry.npmjs.org/jsesc 64ms (cache hit)
1562 silly packumentCache full:https://registry.npmjs.org/jsesc set size:61512 disposed:false
1563 silly fetch manifest @babel/helper-validator-identifier@^7.28.5
1564 silly packumentCache full:https://registry.npmjs.org/@babel%2fhelper-validator-identifier cache-miss
1565 http cache https://registry.npmjs.org/@jridgewell%2fgen-mapping 70ms (cache hit)
1566 silly packumentCache full:https://registry.npmjs.org/@jridgewell%2fgen-mapping set size:80719 disposed:false
1567 silly fetch manifest @babel/types@^7.28.6
1568 silly packumentCache full:https://registry.npmjs.org/@babel%2ftypes cache-hit
1569 silly fetch manifest debug@^4.3.1
1570 silly packumentCache full:https://registry.npmjs.org/debug cache-hit
1571 silly fetch manifest @babel/helper-globals@^7.28.0
1572 silly packumentCache full:https://registry.npmjs.org/@babel%2fhelper-globals cache-miss
1573 http cache https://registry.npmjs.org/@babel%2fhelper-validator-identifier 88ms (cache hit)
1574 silly packumentCache full:https://registry.npmjs.org/@babel%2fhelper-validator-identifier set size:118123 disposed:false
1575 silly fetch manifest @babel/helper-string-parser@^7.27.1
1576 silly packumentCache full:https://registry.npmjs.org/@babel%2fhelper-string-parser cache-miss
1577 http cache https://registry.npmjs.org/@babel%2fhelper-validator-option 85ms (cache hit)
1578 silly packumentCache full:https://registry.npmjs.org/@babel%2fhelper-validator-option set size:93967 disposed:false
1579 silly fetch manifest @jridgewell/gen-mapping@^0.3.5
1580 silly packumentCache full:https://registry.npmjs.org/@jridgewell%2fgen-mapping cache-hit
1581 silly fetch manifest @jridgewell/trace-mapping@^0.3.24
1582 silly packumentCache full:https://registry.npmjs.org/@jridgewell%2ftrace-mapping cache-hit
1583 silly fetch manifest ms@^2.1.3
1584 silly packumentCache full:https://registry.npmjs.org/ms cache-miss
1585 http cache https://registry.npmjs.org/@babel%2fhelper-module-imports 94ms (cache hit)
1586 silly packumentCache full:https://registry.npmjs.org/@babel%2fhelper-module-imports set size:195374 disposed:false
1587 http cache https://registry.npmjs.org/@babel%2fcompat-data 114ms (cache hit)
1588 silly packumentCache full:https://registry.npmjs.org/@babel%2fcompat-data set size:309863 disposed:false
1589 http cache https://registry.npmjs.org/lru-cache 131ms (cache hit)
1590 silly packumentCache full:https://registry.npmjs.org/lru-cache set size:443567 disposed:false
1591 http cache https://registry.npmjs.org/@babel%2fhelper-validator-identifier 108ms (cache hit)
1592 silly packumentCache full:https://registry.npmjs.org/@babel%2fhelper-validator-identifier set size:118123 disposed:false
1593 silly packumentCache full:https://registry.npmjs.org/@babel%2fhelper-validator-identifier dispose
1594 http cache https://registry.npmjs.org/@babel%2fhelper-globals 102ms (cache hit)
1595 silly packumentCache full:https://registry.npmjs.org/@babel%2fhelper-globals set size:17325 disposed:false
1596 http cache https://registry.npmjs.org/ms 82ms (cache hit)
1597 silly packumentCache full:https://registry.npmjs.org/ms set size:92208 disposed:false
1598 http cache https://registry.npmjs.org/@babel%2fhelper-string-parser 105ms (cache hit)
1599 silly packumentCache full:https://registry.npmjs.org/@babel%2fhelper-string-parser set size:83846 disposed:false
1600 silly placeDep ROOT @babel/helper-validator-identifier@7.28.5 OK for: @babel/code-frame@7.29.0 want: ^7.28.5
1601 silly placeDep ROOT picocolors@1.1.1 OK for: @babel/code-frame@7.29.0 want: ^1.1.1
1602 silly placeDep ROOT @jridgewell/gen-mapping@0.3.13 OK for: @babel/generator@7.29.1 want: ^0.3.12
1603 silly placeDep ROOT @jridgewell/trace-mapping@0.3.31 OK for: @babel/generator@7.29.1 want: ^0.3.28
1604 silly placeDep ROOT jsesc@3.1.0 OK for: @babel/generator@7.29.1 want: ^3.0.2
1605 silly fetch manifest @jridgewell/sourcemap-codec@^1.5.0
1606 silly packumentCache full:https://registry.npmjs.org/@jridgewell%2fsourcemap-codec cache-miss
1607 silly fetch manifest @jridgewell/resolve-uri@^3.1.0
1608 silly packumentCache full:https://registry.npmjs.org/@jridgewell%2fresolve-uri cache-miss
1609 silly fetch manifest @jridgewell/sourcemap-codec@^1.4.14
1610 silly packumentCache full:https://registry.npmjs.org/@jridgewell%2fsourcemap-codec cache-miss
1611 http cache https://registry.npmjs.org/@jridgewell%2fsourcemap-codec 18ms (cache hit)
1612 silly packumentCache full:https://registry.npmjs.org/@jridgewell%2fsourcemap-codec set size:59275 disposed:false
1613 http cache https://registry.npmjs.org/@jridgewell%2fsourcemap-codec 27ms (cache hit)
1614 silly packumentCache full:https://registry.npmjs.org/@jridgewell%2fsourcemap-codec set size:59275 disposed:false
1615 silly packumentCache full:https://registry.npmjs.org/@jridgewell%2fsourcemap-codec dispose
1616 http cache https://registry.npmjs.org/@jridgewell%2fresolve-uri 32ms (cache hit)
1617 silly packumentCache full:https://registry.npmjs.org/@jridgewell%2fresolve-uri set size:57361 disposed:false
1618 silly placeDep ROOT @babel/compat-data@7.29.3 OK for: @babel/helper-compilation-targets@7.28.6 want: ^7.28.6
1619 silly placeDep ROOT @babel/helper-validator-option@7.27.1 OK for: @babel/helper-compilation-targets@7.28.6 want: ^7.27.1
1620 silly placeDep ROOT lru-cache@5.1.1 OK for: @babel/helper-compilation-targets@7.28.6 want: ^5.1.1
1621 silly placeDep node_modules/@babel/helper-compilation-targets semver@6.3.1 OK for: @babel/helper-compilation-targets@7.28.6 want: ^6.3.1
1622 silly fetch manifest yallist@^3.0.2
1623 silly packumentCache full:https://registry.npmjs.org/yallist cache-miss
1624 http cache https://registry.npmjs.org/yallist 16ms (cache hit)
1625 silly packumentCache full:https://registry.npmjs.org/yallist set size:34610 disposed:false
1626 silly placeDep ROOT @babel/helper-module-imports@7.28.6 OK for: @babel/helper-module-transforms@7.28.6 want: ^7.28.6
1627 silly placeDep ROOT @babel/helper-globals@7.28.0 OK for: @babel/traverse@7.29.0 want: ^7.28.0
1628 silly placeDep ROOT @babel/helper-string-parser@7.27.1 OK for: @babel/types@7.29.0 want: ^7.27.1
1629 silly placeDep ROOT @jridgewell/sourcemap-codec@1.5.5 OK for: @jridgewell/gen-mapping@0.3.13 want: ^1.5.0
1630 silly placeDep ROOT @jridgewell/resolve-uri@3.1.2 OK for: @jridgewell/trace-mapping@0.3.31 want: ^3.1.0
1631 silly placeDep ROOT ansi-html@0.0.9 OK for: @pmmmwh/react-refresh-webpack-plugin@0.5.17 want: ^0.0.9
1632 silly placeDep ROOT core-js-pure@3.49.0 OK for: @pmmmwh/react-refresh-webpack-plugin@0.5.17 want: ^3.23.3
1633 silly placeDep ROOT error-stack-parser@2.1.4 OK for: @pmmmwh/react-refresh-webpack-plugin@0.5.17 want: ^2.0.6
1634 silly placeDep ROOT html-entities@2.6.0 OK for: @pmmmwh/react-refresh-webpack-plugin@0.5.17 want: ^2.1.0
1635 silly placeDep ROOT loader-utils@2.0.4 OK for: @pmmmwh/react-refresh-webpack-plugin@0.5.17 want: ^2.0.4
1636 silly placeDep ROOT schema-utils@4.3.3 OK for: @pmmmwh/react-refresh-webpack-plugin@0.5.17 want: ^4.2.0
1637 silly placeDep ROOT source-map@0.7.6 OK for: @pmmmwh/react-refresh-webpack-plugin@0.5.17 want: ^0.7.3
1638 silly fetch manifest stackframe@^1.3.4
1639 silly packumentCache full:https://registry.npmjs.org/stackframe cache-miss
1640 silly fetch manifest big.js@^5.2.2
1641 silly packumentCache full:https://registry.npmjs.org/big.js cache-miss
1642 silly fetch manifest emojis-list@^3.0.0
1643 silly packumentCache full:https://registry.npmjs.org/emojis-list cache-miss
1644 silly fetch manifest ajv@^8.9.0
1645 silly packumentCache full:https://registry.npmjs.org/ajv cache-miss
1646 silly fetch manifest ajv-formats@^2.1.1
1647 silly packumentCache full:https://registry.npmjs.org/ajv-formats cache-miss
1648 silly fetch manifest ajv-keywords@^5.1.0
1649 silly packumentCache full:https://registry.npmjs.org/ajv-keywords cache-miss
1650 silly fetch manifest @types/json-schema@^7.0.9
1651 silly packumentCache full:https://registry.npmjs.org/@types%2fjson-schema cache-hit
1652 http cache https://registry.npmjs.org/ajv 32ms (cache hit)
1653 silly packumentCache full:https://registry.npmjs.org/ajv set size:1142658 disposed:false
1654 http cache https://registry.npmjs.org/emojis-list 72ms (cache hit)
1655 silly packumentCache full:https://registry.npmjs.org/emojis-list set size:17790 disposed:false
1656 http cache https://registry.npmjs.org/big.js 78ms (cache hit)
1657 silly packumentCache full:https://registry.npmjs.org/big.js set size:75813 disposed:false
1658 http cache https://registry.npmjs.org/stackframe 86ms (cache hit)
1659 silly packumentCache full:https://registry.npmjs.org/stackframe set size:54134 disposed:false
1660 http cache https://registry.npmjs.org/ajv-formats 87ms (cache hit)
1661 silly packumentCache full:https://registry.npmjs.org/ajv-formats set size:141264 disposed:false
1662 http cache https://registry.npmjs.org/ajv-keywords 96ms (cache hit)
1663 silly packumentCache full:https://registry.npmjs.org/ajv-keywords set size:310004 disposed:false
1664 silly placeDep ROOT @babel/plugin-transform-react-constant-elements@7.27.1 OK for: @svgr/webpack@5.5.0 want: ^7.12.1
1665 silly placeDep ROOT @babel/preset-env@7.29.3 OK for: @svgr/webpack@5.5.0 want: ^7.12.1
1666 silly placeDep ROOT @babel/preset-react@7.28.5 OK for: @svgr/webpack@5.5.0 want: ^7.12.5
1667 silly placeDep ROOT @svgr/core@5.5.0 OK for: @svgr/webpack@5.5.0 want: ^5.5.0
1668 silly placeDep ROOT @svgr/plugin-jsx@5.5.0 OK for: @svgr/webpack@5.5.0 want: ^5.5.0
1669 silly placeDep ROOT @svgr/plugin-svgo@5.5.0 OK for: @svgr/webpack@5.5.0 want: ^5.5.0
1670 silly fetch manifest @babel/helper-plugin-utils@^7.27.1
1671 silly packumentCache full:https://registry.npmjs.org/@babel%2fhelper-plugin-utils cache-miss
1672 silly fetch manifest @babel/helper-plugin-utils@^7.28.6
1673 silly packumentCache full:https://registry.npmjs.org/@babel%2fhelper-plugin-utils cache-miss
1674 silly fetch manifest @babel/plugin-bugfix-firefox-class-in-computed-class-key@^7.28.5
1675 silly packumentCache full:https://registry.npmjs.org/@babel%2fplugin-bugfix-firefox-class-in-computed-class-key cache-miss
1676 silly fetch manifest @babel/plugin-bugfix-safari-class-field-initializer-scope@^7.27.1
1677 silly packumentCache full:https://registry.npmjs.org/@babel%2fplugin-bugfix-safari-class-field-initializer-scope cache-miss
1678 silly fetch manifest @babel/plugin-bugfix-safari-id-destructuring-collision-in-function-expression@^7.27.1
1679 silly packumentCache full:https://registry.npmjs.org/@babel%2fplugin-bugfix-safari-id-destructuring-collision-in-function-expression cache-miss
1680 silly fetch manifest @babel/plugin-bugfix-safari-rest-destructuring-rhs-array@^7.29.3
1681 silly packumentCache full:https://registry.npmjs.org/@babel%2fplugin-bugfix-safari-rest-destructuring-rhs-array cache-miss
1682 silly fetch manifest @babel/plugin-bugfix-v8-spread-parameters-in-optional-chaining@^7.27.1
1683 silly packumentCache full:https://registry.npmjs.org/@babel%2fplugin-bugfix-v8-spread-parameters-in-optional-chaining cache-miss
1684 http cache https://registry.npmjs.org/@babel%2fplugin-bugfix-safari-class-field-initializer-scope 29ms (cache hit)
1685 silly packumentCache full:https://registry.npmjs.org/@babel%2fplugin-bugfix-safari-class-field-initializer-scope set size:43812 disposed:false
1686 silly fetch manifest @babel/plugin-bugfix-v8-static-class-fields-redefine-readonly@^7.28.6
1687 silly packumentCache full:https://registry.npmjs.org/@babel%2fplugin-bugfix-v8-static-class-fields-redefine-readonly cache-miss
1688 http cache https://registry.npmjs.org/@babel%2fhelper-plugin-utils 39ms (cache hit)
1689 silly packumentCache full:https://registry.npmjs.org/@babel%2fhelper-plugin-utils set size:165818 disposed:false
1690 silly fetch manifest @babel/plugin-proposal-private-property-in-object@7.21.0-placeholder-for-preset-env.2
1691 silly packumentCache full:https://registry.npmjs.org/@babel%2fplugin-proposal-private-property-in-object cache-hit
1692 silly fetch manifest @babel/plugin-syntax-import-assertions@^7.28.6
1693 silly packumentCache full:https://registry.npmjs.org/@babel%2fplugin-syntax-import-assertions cache-miss
1694 http cache https://registry.npmjs.org/@babel%2fplugin-bugfix-firefox-class-in-computed-class-key 51ms (cache hit)
1695 silly packumentCache full:https://registry.npmjs.org/@babel%2fplugin-bugfix-firefox-class-in-computed-class-key set size:66812 disposed:false
1696 silly fetch manifest @babel/plugin-syntax-import-attributes@^7.28.6
1697 silly packumentCache full:https://registry.npmjs.org/@babel%2fplugin-syntax-import-attributes cache-miss
1698 http cache https://registry.npmjs.org/@babel%2fhelper-plugin-utils 61ms (cache hit)
1699 silly packumentCache full:https://registry.npmjs.org/@babel%2fhelper-plugin-utils set size:165818 disposed:false
1700 silly packumentCache full:https://registry.npmjs.org/@babel%2fhelper-plugin-utils dispose
1701 silly fetch manifest @babel/plugin-syntax-unicode-sets-regex@^7.18.6
1702 silly packumentCache full:https://registry.npmjs.org/@babel%2fplugin-syntax-unicode-sets-regex cache-miss
1703 http cache https://registry.npmjs.org/@babel%2fplugin-bugfix-safari-id-destructuring-collision-in-function-expression 66ms (cache hit)
1704 silly packumentCache full:https://registry.npmjs.org/@babel%2fplugin-bugfix-safari-id-destructuring-collision-in-function-expression set size:121406 disposed:false
1705 silly fetch manifest @babel/plugin-transform-arrow-functions@^7.27.1
1706 silly packumentCache full:https://registry.npmjs.org/@babel%2fplugin-transform-arrow-functions cache-miss
1707 http cache https://registry.npmjs.org/@babel%2fplugin-bugfix-safari-rest-destructuring-rhs-array 74ms (cache hit)
1708 silly packumentCache full:https://registry.npmjs.org/@babel%2fplugin-bugfix-safari-rest-destructuring-rhs-array set size:9517 disposed:false
1709 silly fetch manifest @babel/plugin-transform-async-generator-functions@^7.29.0
1710 silly packumentCache full:https://registry.npmjs.org/@babel%2fplugin-transform-async-generator-functions cache-miss
1711 http cache https://registry.npmjs.org/@babel%2fplugin-bugfix-v8-spread-parameters-in-optional-chaining 78ms (cache hit)
1712 silly packumentCache full:https://registry.npmjs.org/@babel%2fplugin-bugfix-v8-spread-parameters-in-optional-chaining set size:136440 disposed:false
1713 silly fetch manifest @babel/plugin-transform-async-to-generator@^7.28.6
1714 silly packumentCache full:https://registry.npmjs.org/@babel%2fplugin-transform-async-to-generator cache-miss
1715 http cache https://registry.npmjs.org/@babel%2fplugin-bugfix-v8-static-class-fields-redefine-readonly 91ms (cache hit)
1716 silly packumentCache full:https://registry.npmjs.org/@babel%2fplugin-bugfix-v8-static-class-fields-redefine-readonly set size:76318 disposed:false
1717 silly fetch manifest @babel/plugin-transform-block-scoped-functions@^7.27.1
1718 silly packumentCache full:https://registry.npmjs.org/@babel%2fplugin-transform-block-scoped-functions cache-miss
1719 http cache https://registry.npmjs.org/@babel%2fplugin-syntax-import-assertions 87ms (cache hit)
1720 silly packumentCache full:https://registry.npmjs.org/@babel%2fplugin-syntax-import-assertions set size:103172 disposed:false
1721 silly fetch manifest @babel/plugin-transform-block-scoping@^7.28.6
1722 silly packumentCache full:https://registry.npmjs.org/@babel%2fplugin-transform-block-scoping cache-miss
1723 http cache https://registry.npmjs.org/@babel%2fplugin-syntax-unicode-sets-regex 80ms (cache hit)
1724 silly packumentCache full:https://registry.npmjs.org/@babel%2fplugin-syntax-unicode-sets-regex set size:22903 disposed:false
1725 silly fetch manifest @babel/plugin-transform-class-properties@^7.28.6
1726 silly packumentCache full:https://registry.npmjs.org/@babel%2fplugin-transform-class-properties cache-miss
1727 http cache https://registry.npmjs.org/@babel%2fplugin-transform-arrow-functions 80ms (cache hit)
1728 silly packumentCache full:https://registry.npmjs.org/@babel%2fplugin-transform-arrow-functions set size:207856 disposed:false
1729 silly fetch manifest @babel/plugin-transform-class-static-block@^7.28.6
1730 silly packumentCache full:https://registry.npmjs.org/@babel%2fplugin-transform-class-static-block cache-miss
1731 http cache https://registry.npmjs.org/@babel%2fplugin-syntax-import-attributes 110ms (cache hit)
1732 silly packumentCache full:https://registry.npmjs.org/@babel%2fplugin-syntax-import-attributes set size:71194 disposed:false
1733 silly fetch manifest @babel/plugin-transform-classes@^7.28.6
1734 silly packumentCache full:https://registry.npmjs.org/@babel%2fplugin-transform-classes cache-miss
1735 http cache https://registry.npmjs.org/@babel%2fplugin-transform-async-generator-functions 93ms (cache hit)
1736 silly packumentCache full:https://registry.npmjs.org/@babel%2fplugin-transform-async-generator-functions set size:118003 disposed:false
1737 silly fetch manifest @babel/plugin-transform-computed-properties@^7.28.6
1738 silly packumentCache full:https://registry.npmjs.org/@babel%2fplugin-transform-computed-properties cache-miss
1739 http cache https://registry.npmjs.org/@babel%2fplugin-transform-async-to-generator 96ms (cache hit)
1740 silly packumentCache full:https://registry.npmjs.org/@babel%2fplugin-transform-async-to-generator set size:237381 disposed:false
1741 silly fetch manifest @babel/plugin-transform-destructuring@^7.28.5
1742 silly packumentCache full:https://registry.npmjs.org/@babel%2fplugin-transform-destructuring cache-miss
1743 http cache https://registry.npmjs.org/@babel%2fplugin-transform-block-scoped-functions 84ms (cache hit)
1744 silly packumentCache full:https://registry.npmjs.org/@babel%2fplugin-transform-block-scoped-functions set size:202138 disposed:false
1745 silly fetch manifest @babel/plugin-transform-dotall-regex@^7.28.6
1746 silly packumentCache full:https://registry.npmjs.org/@babel%2fplugin-transform-dotall-regex cache-miss
1747 http cache https://registry.npmjs.org/@babel%2fplugin-transform-class-static-block 63ms (cache hit)
1748 silly packumentCache full:https://registry.npmjs.org/@babel%2fplugin-transform-class-static-block set size:97516 disposed:false
1749 silly fetch manifest @babel/plugin-transform-duplicate-keys@^7.27.1
1750 silly packumentCache full:https://registry.npmjs.org/@babel%2fplugin-transform-duplicate-keys cache-miss
1751 http cache https://registry.npmjs.org/@babel%2fplugin-transform-class-properties 85ms (cache hit)
1752 silly packumentCache full:https://registry.npmjs.org/@babel%2fplugin-transform-class-properties set size:83585 disposed:false
1753 silly fetch manifest @babel/plugin-transform-duplicate-named-capturing-groups-regex@^7.29.0
1754 silly packumentCache full:https://registry.npmjs.org/@babel%2fplugin-transform-duplicate-named-capturing-groups-regex cache-miss
1755 http cache https://registry.npmjs.org/@babel%2fplugin-transform-block-scoping 104ms (cache hit)
1756 silly packumentCache full:https://registry.npmjs.org/@babel%2fplugin-transform-block-scoping set size:314898 disposed:false
1757 silly fetch manifest @babel/plugin-transform-dynamic-import@^7.27.1
1758 silly packumentCache full:https://registry.npmjs.org/@babel%2fplugin-transform-dynamic-import cache-miss
1759 http cache https://registry.npmjs.org/@babel%2fplugin-transform-classes 91ms (cache hit)
1760 silly packumentCache full:https://registry.npmjs.org/@babel%2fplugin-transform-classes set size:328418 disposed:false
1761 silly fetch manifest @babel/plugin-transform-explicit-resource-management@^7.28.6
1762 silly packumentCache full:https://registry.npmjs.org/@babel%2fplugin-transform-explicit-resource-management cache-miss
1763 http cache https://registry.npmjs.org/@babel%2fplugin-transform-computed-properties 97ms (cache hit)
1764 silly packumentCache full:https://registry.npmjs.org/@babel%2fplugin-transform-computed-properties set size:215400 disposed:false
1765 silly fetch manifest @babel/plugin-transform-exponentiation-operator@^7.28.6
1766 silly packumentCache full:https://registry.npmjs.org/@babel%2fplugin-transform-exponentiation-operator cache-miss
1767 http cache https://registry.npmjs.org/@babel%2fplugin-transform-destructuring 102ms (cache hit)
1768 silly packumentCache full:https://registry.npmjs.org/@babel%2fplugin-transform-destructuring set size:290759 disposed:false
1769 silly fetch manifest @babel/plugin-transform-export-namespace-from@^7.27.1
1770 silly packumentCache full:https://registry.npmjs.org/@babel%2fplugin-transform-export-namespace-from cache-miss
1771 http cache https://registry.npmjs.org/@babel%2fplugin-transform-duplicate-named-capturing-groups-regex 83ms (cache hit)
1772 silly packumentCache full:https://registry.npmjs.org/@babel%2fplugin-transform-duplicate-named-capturing-groups-regex set size:51707 disposed:false
1773 silly fetch manifest @babel/plugin-transform-for-of@^7.27.1
1774 silly packumentCache full:https://registry.npmjs.org/@babel%2fplugin-transform-for-of cache-miss
1775 http cache https://registry.npmjs.org/@babel%2fplugin-transform-dotall-regex 110ms (cache hit)
1776 silly packumentCache full:https://registry.npmjs.org/@babel%2fplugin-transform-dotall-regex set size:215513 disposed:false
1777 silly fetch manifest @babel/plugin-transform-function-name@^7.27.1
1778 silly packumentCache full:https://registry.npmjs.org/@babel%2fplugin-transform-function-name cache-miss
1779 http cache https://registry.npmjs.org/@babel%2fplugin-transform-duplicate-keys 115ms (cache hit)
1780 silly packumentCache full:https://registry.npmjs.org/@babel%2fplugin-transform-duplicate-keys set size:201898 disposed:false
1781 silly fetch manifest @babel/plugin-transform-json-strings@^7.28.6
1782 silly packumentCache full:https://registry.npmjs.org/@babel%2fplugin-transform-json-strings cache-miss
1783 http cache https://registry.npmjs.org/@babel%2fplugin-transform-dynamic-import 101ms (cache hit)
1784 silly packumentCache full:https://registry.npmjs.org/@babel%2fplugin-transform-dynamic-import set size:76250 disposed:false
1785 silly fetch manifest @babel/plugin-transform-literals@^7.27.1
1786 silly packumentCache full:https://registry.npmjs.org/@babel%2fplugin-transform-literals cache-miss
1787 http cache https://registry.npmjs.org/@babel%2fplugin-transform-explicit-resource-management 93ms (cache hit)
1788 silly packumentCache full:https://registry.npmjs.org/@babel%2fplugin-transform-explicit-resource-management set size:25539 disposed:false
1789 silly fetch manifest @babel/plugin-transform-logical-assignment-operators@^7.28.6
1790 silly packumentCache full:https://registry.npmjs.org/@babel%2fplugin-transform-logical-assignment-operators cache-miss
1791 http cache https://registry.npmjs.org/@babel%2fplugin-transform-exponentiation-operator 87ms (cache hit)
1792 silly packumentCache full:https://registry.npmjs.org/@babel%2fplugin-transform-exponentiation-operator set size:212284 disposed:false
1793 silly fetch manifest @babel/plugin-transform-member-expression-literals@^7.27.1
1794 silly packumentCache full:https://registry.npmjs.org/@babel%2fplugin-transform-member-expression-literals cache-miss
1795 http cache https://registry.npmjs.org/@babel%2fplugin-transform-export-namespace-from 94ms (cache hit)
1796 silly packumentCache full:https://registry.npmjs.org/@babel%2fplugin-transform-export-namespace-from set size:81844 disposed:false
1797 silly fetch manifest @babel/plugin-transform-modules-amd@^7.27.1
1798 silly packumentCache full:https://registry.npmjs.org/@babel%2fplugin-transform-modules-amd cache-miss
1799 http cache https://registry.npmjs.org/@babel%2fplugin-transform-for-of 84ms (cache hit)
1800 silly packumentCache full:https://registry.npmjs.org/@babel%2fplugin-transform-for-of set size:235081 disposed:false
1801 silly fetch manifest @babel/plugin-transform-modules-commonjs@^7.28.6
1802 silly packumentCache full:https://registry.npmjs.org/@babel%2fplugin-transform-modules-commonjs cache-miss
1803 http cache https://registry.npmjs.org/@babel%2fplugin-transform-function-name 83ms (cache hit)
1804 silly packumentCache full:https://registry.npmjs.org/@babel%2fplugin-transform-function-name set size:219043 disposed:false
1805 silly fetch manifest @babel/plugin-transform-modules-systemjs@^7.29.0
1806 silly packumentCache full:https://registry.npmjs.org/@babel%2fplugin-transform-modules-systemjs cache-miss
1807 http cache https://registry.npmjs.org/@babel%2fplugin-transform-literals 75ms (cache hit)
1808 silly packumentCache full:https://registry.npmjs.org/@babel%2fplugin-transform-literals set size:197396 disposed:false
1809 silly fetch manifest @babel/plugin-transform-modules-umd@^7.27.1
1810 silly packumentCache full:https://registry.npmjs.org/@babel%2fplugin-transform-modules-umd cache-miss
1811 http cache https://registry.npmjs.org/@babel%2fplugin-transform-logical-assignment-operators 81ms (cache hit)
1812 silly packumentCache full:https://registry.npmjs.org/@babel%2fplugin-transform-logical-assignment-operators set size:92790 disposed:false
1813 silly fetch manifest @babel/plugin-transform-named-capturing-groups-regex@^7.29.0
1814 silly packumentCache full:https://registry.npmjs.org/@babel%2fplugin-transform-named-capturing-groups-regex cache-miss
1815 http cache https://registry.npmjs.org/@babel%2fplugin-transform-json-strings 102ms (cache hit)
1816 silly packumentCache full:https://registry.npmjs.org/@babel%2fplugin-transform-json-strings set size:82728 disposed:false
1817 silly fetch manifest @babel/plugin-transform-new-target@^7.27.1
1818 silly packumentCache full:https://registry.npmjs.org/@babel%2fplugin-transform-new-target cache-miss
1819 http cache https://registry.npmjs.org/@babel%2fplugin-transform-member-expression-literals 90ms (cache hit)
1820 silly packumentCache full:https://registry.npmjs.org/@babel%2fplugin-transform-member-expression-literals set size:200542 disposed:false
1821 silly fetch manifest @babel/plugin-transform-nullish-coalescing-operator@^7.28.6
1822 silly packumentCache full:https://registry.npmjs.org/@babel%2fplugin-transform-nullish-coalescing-operator cache-miss
1823 http cache https://registry.npmjs.org/@babel%2fplugin-transform-named-capturing-groups-regex 50ms (cache hit)
1824 silly packumentCache full:https://registry.npmjs.org/@babel%2fplugin-transform-named-capturing-groups-regex set size:184668 disposed:false
1825 silly fetch manifest @babel/plugin-transform-numeric-separator@^7.28.6
1826 silly packumentCache full:https://registry.npmjs.org/@babel%2fplugin-transform-numeric-separator cache-miss
1827 http cache https://registry.npmjs.org/@babel%2fplugin-transform-modules-amd 124ms (cache hit)
1828 silly packumentCache full:https://registry.npmjs.org/@babel%2fplugin-transform-modules-amd set size:240601 disposed:false
1829 silly fetch manifest @babel/plugin-transform-object-rest-spread@^7.28.6
1830 silly packumentCache full:https://registry.npmjs.org/@babel%2fplugin-transform-object-rest-spread cache-miss
1831 http cache https://registry.npmjs.org/@babel%2fplugin-transform-modules-commonjs 132ms (cache hit)
1832 silly packumentCache full:https://registry.npmjs.org/@babel%2fplugin-transform-modules-commonjs set size:301938 disposed:false
1833 silly fetch manifest @babel/plugin-transform-object-super@^7.27.1
1834 silly packumentCache full:https://registry.npmjs.org/@babel%2fplugin-transform-object-super cache-miss
1835 http cache https://registry.npmjs.org/@babel%2fplugin-transform-modules-systemjs 139ms (cache hit)
1836 silly packumentCache full:https://registry.npmjs.org/@babel%2fplugin-transform-modules-systemjs set size:296775 disposed:false
1837 silly fetch manifest @babel/plugin-transform-optional-catch-binding@^7.28.6
1838 silly packumentCache full:https://registry.npmjs.org/@babel%2fplugin-transform-optional-catch-binding cache-miss
1839 http cache https://registry.npmjs.org/@babel%2fplugin-transform-modules-umd 152ms (cache hit)
1840 silly packumentCache full:https://registry.npmjs.org/@babel%2fplugin-transform-modules-umd set size:217917 disposed:false
1841 silly fetch manifest @babel/plugin-transform-optional-chaining@^7.28.6
1842 silly packumentCache full:https://registry.npmjs.org/@babel%2fplugin-transform-optional-chaining cache-miss
1843 http cache https://registry.npmjs.org/@babel%2fplugin-transform-new-target 165ms (cache hit)
1844 silly packumentCache full:https://registry.npmjs.org/@babel%2fplugin-transform-new-target set size:212666 disposed:false
1845 silly fetch manifest @babel/plugin-transform-parameters@^7.27.7
1846 silly packumentCache full:https://registry.npmjs.org/@babel%2fplugin-transform-parameters cache-miss
1847 http cache https://registry.npmjs.org/@babel%2fplugin-transform-nullish-coalescing-operator 176ms (cache hit)
1848 silly packumentCache full:https://registry.npmjs.org/@babel%2fplugin-transform-nullish-coalescing-operator set size:89502 disposed:false
1849 silly fetch manifest @babel/plugin-transform-private-methods@^7.28.6
1850 silly packumentCache full:https://registry.npmjs.org/@babel%2fplugin-transform-private-methods cache-miss
1851 http cache https://registry.npmjs.org/@babel%2fplugin-transform-numeric-separator 233ms (cache hit)
1852 silly packumentCache full:https://registry.npmjs.org/@babel%2fplugin-transform-numeric-separator set size:86672 disposed:false
1853 silly fetch manifest @babel/plugin-transform-private-property-in-object@^7.28.6
1854 silly packumentCache full:https://registry.npmjs.org/@babel%2fplugin-transform-private-property-in-object cache-miss
1855 http cache https://registry.npmjs.org/@babel%2fplugin-transform-object-super 210ms (cache hit)
1856 silly packumentCache full:https://registry.npmjs.org/@babel%2fplugin-transform-object-super set size:201015 disposed:false
1857 silly fetch manifest @babel/plugin-transform-property-literals@^7.27.1
1858 silly packumentCache full:https://registry.npmjs.org/@babel%2fplugin-transform-property-literals cache-miss
1859 http cache https://registry.npmjs.org/@babel%2fplugin-transform-optional-catch-binding 201ms (cache hit)
1860 silly packumentCache full:https://registry.npmjs.org/@babel%2fplugin-transform-optional-catch-binding set size:84006 disposed:false
1861 silly fetch manifest @babel/plugin-transform-regenerator@^7.29.0
1862 silly packumentCache full:https://registry.npmjs.org/@babel%2fplugin-transform-regenerator cache-miss
1863 http cache https://registry.npmjs.org/@babel%2fplugin-transform-object-rest-spread 252ms (cache hit)
1864 silly packumentCache full:https://registry.npmjs.org/@babel%2fplugin-transform-object-rest-spread set size:106217 disposed:false
1865 silly fetch manifest @babel/plugin-transform-regexp-modifiers@^7.28.6
1866 silly packumentCache full:https://registry.npmjs.org/@babel%2fplugin-transform-regexp-modifiers cache-miss
1867 http cache https://registry.npmjs.org/@babel%2fplugin-transform-optional-chaining 194ms (cache hit)
1868 silly packumentCache full:https://registry.npmjs.org/@babel%2fplugin-transform-optional-chaining set size:106851 disposed:false
1869 silly fetch manifest @babel/plugin-transform-reserved-words@^7.27.1
1870 silly packumentCache full:https://registry.npmjs.org/@babel%2fplugin-transform-reserved-words cache-miss
1871 http cache https://registry.npmjs.org/@babel%2fplugin-transform-parameters 175ms (cache hit)
1872 silly packumentCache full:https://registry.npmjs.org/@babel%2fplugin-transform-parameters set size:271456 disposed:false
1873 silly fetch manifest @babel/plugin-transform-shorthand-properties@^7.27.1
1874 silly packumentCache full:https://registry.npmjs.org/@babel%2fplugin-transform-shorthand-properties cache-miss
1875 http cache https://registry.npmjs.org/@babel%2fplugin-transform-private-methods 174ms (cache hit)
1876 silly packumentCache full:https://registry.npmjs.org/@babel%2fplugin-transform-private-methods set size:80507 disposed:false
1877 silly fetch manifest @babel/plugin-transform-spread@^7.28.6
1878 silly packumentCache full:https://registry.npmjs.org/@babel%2fplugin-transform-spread cache-miss
1879 http cache https://registry.npmjs.org/@babel%2fplugin-transform-regenerator 69ms (cache hit)
1880 silly packumentCache full:https://registry.npmjs.org/@babel%2fplugin-transform-regenerator set size:266868 disposed:false
1881 silly fetch manifest @babel/plugin-transform-sticky-regex@^7.27.1
1882 silly packumentCache full:https://registry.npmjs.org/@babel%2fplugin-transform-sticky-regex cache-miss
1883 http cache https://registry.npmjs.org/@babel%2fplugin-transform-private-property-in-object 112ms (cache hit)
1884 silly packumentCache full:https://registry.npmjs.org/@babel%2fplugin-transform-private-property-in-object set size:93161 disposed:false
1885 silly fetch manifest @babel/plugin-transform-template-literals@^7.27.1
1886 silly packumentCache full:https://registry.npmjs.org/@babel%2fplugin-transform-template-literals cache-miss
1887 http cache https://registry.npmjs.org/@babel%2fplugin-transform-property-literals 103ms (cache hit)
1888 silly packumentCache full:https://registry.npmjs.org/@babel%2fplugin-transform-property-literals set size:195664 disposed:false
1889 silly fetch manifest @babel/plugin-transform-typeof-symbol@^7.27.1
1890 silly packumentCache full:https://registry.npmjs.org/@babel%2fplugin-transform-typeof-symbol cache-miss
1891 http cache https://registry.npmjs.org/@babel%2fplugin-transform-regexp-modifiers 102ms (cache hit)
1892 silly packumentCache full:https://registry.npmjs.org/@babel%2fplugin-transform-regexp-modifiers set size:37757 disposed:false
1893 silly fetch manifest @babel/plugin-transform-unicode-escapes@^7.27.1
1894 silly packumentCache full:https://registry.npmjs.org/@babel%2fplugin-transform-unicode-escapes cache-miss
1895 http cache https://registry.npmjs.org/@babel%2fplugin-transform-shorthand-properties 90ms (cache hit)
1896 silly packumentCache full:https://registry.npmjs.org/@babel%2fplugin-transform-shorthand-properties set size:195849 disposed:false
1897 silly fetch manifest @babel/plugin-transform-unicode-property-regex@^7.28.6
1898 silly packumentCache full:https://registry.npmjs.org/@babel%2fplugin-transform-unicode-property-regex cache-miss
1899 http cache https://registry.npmjs.org/@babel%2fplugin-transform-reserved-words 118ms (cache hit)
1900 silly packumentCache full:https://registry.npmjs.org/@babel%2fplugin-transform-reserved-words set size:194775 disposed:false
1901 silly fetch manifest @babel/plugin-transform-unicode-regex@^7.27.1
1902 silly packumentCache full:https://registry.npmjs.org/@babel%2fplugin-transform-unicode-regex cache-miss
1903 http cache https://registry.npmjs.org/@babel%2fplugin-transform-spread 109ms (cache hit)
1904 silly packumentCache full:https://registry.npmjs.org/@babel%2fplugin-transform-spread set size:221933 disposed:false
1905 silly fetch manifest @babel/plugin-transform-unicode-sets-regex@^7.28.6
1906 silly packumentCache full:https://registry.npmjs.org/@babel%2fplugin-transform-unicode-sets-regex cache-miss
1907 http cache https://registry.npmjs.org/@babel%2fplugin-transform-template-literals 96ms (cache hit)
1908 silly packumentCache full:https://registry.npmjs.org/@babel%2fplugin-transform-template-literals set size:218578 disposed:false
1909 silly fetch manifest @babel/preset-modules@0.1.6-no-external-plugins
1910 silly packumentCache full:https://registry.npmjs.org/@babel%2fpreset-modules cache-miss
1911 http cache https://registry.npmjs.org/@babel%2fplugin-transform-sticky-regex 119ms (cache hit)
1912 silly packumentCache full:https://registry.npmjs.org/@babel%2fplugin-transform-sticky-regex set size:196796 disposed:false
1913 silly fetch manifest babel-plugin-polyfill-corejs2@^0.4.15
1914 silly packumentCache full:https://registry.npmjs.org/babel-plugin-polyfill-corejs2 cache-miss
1915 http cache https://registry.npmjs.org/@babel%2fplugin-transform-typeof-symbol 110ms (cache hit)
1916 silly packumentCache full:https://registry.npmjs.org/@babel%2fplugin-transform-typeof-symbol set size:224753 disposed:false
1917 silly fetch manifest babel-plugin-polyfill-corejs3@^0.14.0
1918 silly packumentCache full:https://registry.npmjs.org/babel-plugin-polyfill-corejs3 cache-miss
1919 http cache https://registry.npmjs.org/@babel%2fplugin-transform-unicode-escapes 120ms (cache hit)
1920 silly packumentCache full:https://registry.npmjs.org/@babel%2fplugin-transform-unicode-escapes set size:119214 disposed:false
1921 silly fetch manifest babel-plugin-polyfill-regenerator@^0.6.6
1922 silly packumentCache full:https://registry.npmjs.org/babel-plugin-polyfill-regenerator cache-miss
1923 http cache https://registry.npmjs.org/@babel%2fplugin-transform-unicode-property-regex 109ms (cache hit)
1924 silly packumentCache full:https://registry.npmjs.org/@babel%2fplugin-transform-unicode-property-regex set size:86151 disposed:false
1925 silly fetch manifest core-js-compat@^3.48.0
1926 silly packumentCache full:https://registry.npmjs.org/core-js-compat cache-miss
1927 http cache https://registry.npmjs.org/@babel%2fplugin-transform-unicode-regex 110ms (cache hit)
1928 silly packumentCache full:https://registry.npmjs.org/@babel%2fplugin-transform-unicode-regex set size:209765 disposed:false
1929 silly fetch manifest @babel/plugin-transform-react-jsx@^7.27.1
1930 silly packumentCache full:https://registry.npmjs.org/@babel%2fplugin-transform-react-jsx cache-miss
1931 http cache https://registry.npmjs.org/@babel%2fplugin-transform-unicode-sets-regex 109ms (cache hit)
1932 silly packumentCache full:https://registry.npmjs.org/@babel%2fplugin-transform-unicode-sets-regex set size:88497 disposed:false
1933 silly fetch manifest @babel/plugin-transform-react-display-name@^7.28.0
1934 silly packumentCache full:https://registry.npmjs.org/@babel%2fplugin-transform-react-display-name cache-hit
1935 silly fetch manifest @babel/plugin-transform-react-jsx-development@^7.27.1
1936 silly packumentCache full:https://registry.npmjs.org/@babel%2fplugin-transform-react-jsx-development cache-miss
1937 http cache https://registry.npmjs.org/@babel%2fpreset-modules 103ms (cache hit)
1938 silly packumentCache full:https://registry.npmjs.org/@babel%2fpreset-modules set size:44565 disposed:false
1939 silly fetch manifest @babel/plugin-transform-react-pure-annotations@^7.27.1
1940 silly packumentCache full:https://registry.npmjs.org/@babel%2fplugin-transform-react-pure-annotations cache-miss
1941 http cache https://registry.npmjs.org/babel-plugin-polyfill-corejs3 83ms (cache hit)
1942 silly packumentCache full:https://registry.npmjs.org/babel-plugin-polyfill-corejs3 set size:150424 disposed:false
1943 silly fetch manifest @svgr/babel-preset@^5.5.0
1944 silly packumentCache full:https://registry.npmjs.org/@svgr%2fbabel-preset cache-miss
1945 http cache https://registry.npmjs.org/babel-plugin-polyfill-corejs2 111ms (cache hit)
1946 silly packumentCache full:https://registry.npmjs.org/babel-plugin-polyfill-corejs2 set size:116417 disposed:false
1947 silly fetch manifest @svgr/hast-util-to-babel-ast@^5.5.0
1948 silly packumentCache full:https://registry.npmjs.org/@svgr%2fhast-util-to-babel-ast cache-miss
1949 http cache https://registry.npmjs.org/babel-plugin-polyfill-regenerator 96ms (cache hit)
1950 silly packumentCache full:https://registry.npmjs.org/babel-plugin-polyfill-regenerator set size:98875 disposed:false
1951 silly fetch manifest svg-parser@^2.0.2
1952 silly packumentCache full:https://registry.npmjs.org/svg-parser cache-miss
1953 http cache https://registry.npmjs.org/core-js-compat 97ms (cache hit)
1954 silly packumentCache full:https://registry.npmjs.org/core-js-compat set size:345744 disposed:false
1955 silly fetch manifest deepmerge@^4.2.2
1956 silly packumentCache full:https://registry.npmjs.org/deepmerge cache-miss
1957 http cache https://registry.npmjs.org/@babel%2fplugin-transform-react-jsx 99ms (cache hit)
1958 silly packumentCache full:https://registry.npmjs.org/@babel%2fplugin-transform-react-jsx set size:286740 disposed:false
1959 silly fetch manifest svgo@^1.2.2
1960 silly packumentCache full:https://registry.npmjs.org/svgo cache-miss
1961 http cache https://registry.npmjs.org/@babel%2fplugin-transform-react-jsx-development 108ms (cache hit)
1962 silly packumentCache full:https://registry.npmjs.org/@babel%2fplugin-transform-react-jsx-development set size:124352 disposed:false
1963 http cache https://registry.npmjs.org/@babel%2fplugin-transform-react-pure-annotations 108ms (cache hit)
1964 silly packumentCache full:https://registry.npmjs.org/@babel%2fplugin-transform-react-pure-annotations set size:116405 disposed:false
1965 http cache https://registry.npmjs.org/@svgr%2fhast-util-to-babel-ast 92ms (cache hit)
1966 silly packumentCache full:https://registry.npmjs.org/@svgr%2fhast-util-to-babel-ast set size:65870 disposed:false
1967 http cache https://registry.npmjs.org/@svgr%2fbabel-preset 108ms (cache hit)
1968 silly packumentCache full:https://registry.npmjs.org/@svgr%2fbabel-preset set size:91593 disposed:false
1969 http cache https://registry.npmjs.org/svg-parser 97ms (cache hit)
1970 silly packumentCache full:https://registry.npmjs.org/svg-parser set size:29043 disposed:false
1971 http cache https://registry.npmjs.org/deepmerge 88ms (cache hit)
1972 silly packumentCache full:https://registry.npmjs.org/deepmerge set size:101897 disposed:false
1973 http cache https://registry.npmjs.org/svgo 89ms (cache hit)
1974 silly packumentCache full:https://registry.npmjs.org/svgo set size:301839 disposed:false
1975 silly placeDep ROOT @babel/helper-plugin-utils@7.28.6 OK for: @babel/plugin-transform-react-constant-elements@7.27.1 want: ^7.27.1
1976 silly placeDep ROOT @babel/plugin-bugfix-firefox-class-in-computed-class-key@7.28.5 OK for: @babel/preset-env@7.29.3 want: ^7.28.5
1977 silly placeDep ROOT @babel/plugin-bugfix-safari-class-field-initializer-scope@7.27.1 OK for: @babel/preset-env@7.29.3 want: ^7.27.1
1978 silly placeDep ROOT @babel/plugin-bugfix-safari-id-destructuring-collision-in-function-expression@7.27.1 OK for: @babel/preset-env@7.29.3 want: ^7.27.1
1979 silly placeDep ROOT @babel/plugin-bugfix-safari-rest-destructuring-rhs-array@7.29.3 OK for: @babel/preset-env@7.29.3 want: ^7.29.3
1980 silly placeDep ROOT @babel/plugin-bugfix-v8-spread-parameters-in-optional-chaining@7.27.1 OK for: @babel/preset-env@7.29.3 want: ^7.27.1
1981 silly placeDep ROOT @babel/plugin-bugfix-v8-static-class-fields-redefine-readonly@7.28.6 OK for: @babel/preset-env@7.29.3 want: ^7.28.6
1982 silly placeDep ROOT @babel/plugin-proposal-private-property-in-object@7.21.0-placeholder-for-preset-env.2 OK for: @babel/preset-env@7.29.3 want: 7.21.0-placeholder-for-preset-env.2
1983 silly placeDep ROOT @babel/plugin-syntax-import-assertions@7.28.6 OK for: @babel/preset-env@7.29.3 want: ^7.28.6
1984 silly placeDep ROOT @babel/plugin-syntax-import-attributes@7.28.6 OK for: @babel/preset-env@7.29.3 want: ^7.28.6
1985 silly placeDep ROOT @babel/plugin-syntax-unicode-sets-regex@7.18.6 OK for: @babel/preset-env@7.29.3 want: ^7.18.6
1986 silly placeDep ROOT @babel/plugin-transform-arrow-functions@7.27.1 OK for: @babel/preset-env@7.29.3 want: ^7.27.1
1987 silly placeDep ROOT @babel/plugin-transform-async-generator-functions@7.29.0 OK for: @babel/preset-env@7.29.3 want: ^7.29.0
1988 silly placeDep ROOT @babel/plugin-transform-async-to-generator@7.28.6 OK for: @babel/preset-env@7.29.3 want: ^7.28.6
1989 silly placeDep ROOT @babel/plugin-transform-block-scoped-functions@7.27.1 OK for: @babel/preset-env@7.29.3 want: ^7.27.1
1990 silly placeDep ROOT @babel/plugin-transform-block-scoping@7.28.6 OK for: @babel/preset-env@7.29.3 want: ^7.28.6
1991 silly placeDep ROOT @babel/plugin-transform-class-properties@7.28.6 OK for: @babel/preset-env@7.29.3 want: ^7.28.6
1992 silly placeDep ROOT @babel/plugin-transform-class-static-block@7.28.6 OK for: @babel/preset-env@7.29.3 want: ^7.28.6
1993 silly placeDep ROOT @babel/plugin-transform-classes@7.28.6 OK for: @babel/preset-env@7.29.3 want: ^7.28.6
1994 silly placeDep ROOT @babel/plugin-transform-computed-properties@7.28.6 OK for: @babel/preset-env@7.29.3 want: ^7.28.6
1995 silly placeDep ROOT @babel/plugin-transform-destructuring@7.28.5 OK for: @babel/preset-env@7.29.3 want: ^7.28.5
1996 silly placeDep ROOT @babel/plugin-transform-dotall-regex@7.28.6 OK for: @babel/preset-env@7.29.3 want: ^7.28.6
1997 silly placeDep ROOT @babel/plugin-transform-duplicate-keys@7.27.1 OK for: @babel/preset-env@7.29.3 want: ^7.27.1
1998 silly placeDep ROOT @babel/plugin-transform-duplicate-named-capturing-groups-regex@7.29.0 OK for: @babel/preset-env@7.29.3 want: ^7.29.0
1999 silly placeDep ROOT @babel/plugin-transform-dynamic-import@7.27.1 OK for: @babel/preset-env@7.29.3 want: ^7.27.1
2000 silly placeDep ROOT @babel/plugin-transform-explicit-resource-management@7.28.6 OK for: @babel/preset-env@7.29.3 want: ^7.28.6
2001 silly placeDep ROOT @babel/plugin-transform-exponentiation-operator@7.28.6 OK for: @babel/preset-env@7.29.3 want: ^7.28.6
2002 silly placeDep ROOT @babel/plugin-transform-export-namespace-from@7.27.1 OK for: @babel/preset-env@7.29.3 want: ^7.27.1
2003 silly placeDep ROOT @babel/plugin-transform-for-of@7.27.1 OK for: @babel/preset-env@7.29.3 want: ^7.27.1
2004 silly placeDep ROOT @babel/plugin-transform-function-name@7.27.1 OK for: @babel/preset-env@7.29.3 want: ^7.27.1
2005 silly placeDep ROOT @babel/plugin-transform-json-strings@7.28.6 OK for: @babel/preset-env@7.29.3 want: ^7.28.6
2006 silly placeDep ROOT @babel/plugin-transform-literals@7.27.1 OK for: @babel/preset-env@7.29.3 want: ^7.27.1
2007 silly placeDep ROOT @babel/plugin-transform-logical-assignment-operators@7.28.6 OK for: @babel/preset-env@7.29.3 want: ^7.28.6
2008 silly placeDep ROOT @babel/plugin-transform-member-expression-literals@7.27.1 OK for: @babel/preset-env@7.29.3 want: ^7.27.1
2009 silly placeDep ROOT @babel/plugin-transform-modules-amd@7.27.1 OK for: @babel/preset-env@7.29.3 want: ^7.27.1
2010 silly placeDep ROOT @babel/plugin-transform-modules-commonjs@7.28.6 OK for: @babel/preset-env@7.29.3 want: ^7.28.6
2011 silly placeDep ROOT @babel/plugin-transform-modules-systemjs@7.29.0 OK for: @babel/preset-env@7.29.3 want: ^7.29.0
2012 silly placeDep ROOT @babel/plugin-transform-modules-umd@7.27.1 OK for: @babel/preset-env@7.29.3 want: ^7.27.1
2013 silly placeDep ROOT @babel/plugin-transform-named-capturing-groups-regex@7.29.0 OK for: @babel/preset-env@7.29.3 want: ^7.29.0
2014 silly placeDep ROOT @babel/plugin-transform-new-target@7.27.1 OK for: @babel/preset-env@7.29.3 want: ^7.27.1
2015 silly placeDep ROOT @babel/plugin-transform-nullish-coalescing-operator@7.28.6 OK for: @babel/preset-env@7.29.3 want: ^7.28.6
2016 silly placeDep ROOT @babel/plugin-transform-numeric-separator@7.28.6 OK for: @babel/preset-env@7.29.3 want: ^7.28.6
2017 silly placeDep ROOT @babel/plugin-transform-object-rest-spread@7.28.6 OK for: @babel/preset-env@7.29.3 want: ^7.28.6
2018 silly placeDep ROOT @babel/plugin-transform-object-super@7.27.1 OK for: @babel/preset-env@7.29.3 want: ^7.27.1
2019 silly placeDep ROOT @babel/plugin-transform-optional-catch-binding@7.28.6 OK for: @babel/preset-env@7.29.3 want: ^7.28.6
2020 silly placeDep ROOT @babel/plugin-transform-optional-chaining@7.28.6 OK for: @babel/preset-env@7.29.3 want: ^7.28.6
2021 silly placeDep ROOT @babel/plugin-transform-parameters@7.27.7 OK for: @babel/preset-env@7.29.3 want: ^7.27.7
2022 silly placeDep ROOT @babel/plugin-transform-private-methods@7.28.6 OK for: @babel/preset-env@7.29.3 want: ^7.28.6
2023 silly placeDep ROOT @babel/plugin-transform-private-property-in-object@7.28.6 OK for: @babel/preset-env@7.29.3 want: ^7.28.6
2024 silly placeDep ROOT @babel/plugin-transform-property-literals@7.27.1 OK for: @babel/preset-env@7.29.3 want: ^7.27.1
2025 silly placeDep ROOT @babel/plugin-transform-regenerator@7.29.0 OK for: @babel/preset-env@7.29.3 want: ^7.29.0
2026 silly placeDep ROOT @babel/plugin-transform-regexp-modifiers@7.28.6 OK for: @babel/preset-env@7.29.3 want: ^7.28.6
2027 silly placeDep ROOT @babel/plugin-transform-reserved-words@7.27.1 OK for: @babel/preset-env@7.29.3 want: ^7.27.1
2028 silly placeDep ROOT @babel/plugin-transform-shorthand-properties@7.27.1 OK for: @babel/preset-env@7.29.3 want: ^7.27.1
2029 silly placeDep ROOT @babel/plugin-transform-spread@7.28.6 OK for: @babel/preset-env@7.29.3 want: ^7.28.6
2030 silly placeDep ROOT @babel/plugin-transform-sticky-regex@7.27.1 OK for: @babel/preset-env@7.29.3 want: ^7.27.1
2031 silly placeDep ROOT @babel/plugin-transform-template-literals@7.27.1 OK for: @babel/preset-env@7.29.3 want: ^7.27.1
2032 silly placeDep ROOT @babel/plugin-transform-typeof-symbol@7.27.1 OK for: @babel/preset-env@7.29.3 want: ^7.27.1
2033 silly placeDep ROOT @babel/plugin-transform-unicode-escapes@7.27.1 OK for: @babel/preset-env@7.29.3 want: ^7.27.1
2034 silly placeDep ROOT @babel/plugin-transform-unicode-property-regex@7.28.6 OK for: @babel/preset-env@7.29.3 want: ^7.28.6
2035 silly placeDep ROOT @babel/plugin-transform-unicode-regex@7.27.1 OK for: @babel/preset-env@7.29.3 want: ^7.27.1
2036 silly placeDep ROOT @babel/plugin-transform-unicode-sets-regex@7.28.6 OK for: @babel/preset-env@7.29.3 want: ^7.28.6
2037 silly placeDep ROOT @babel/preset-modules@0.1.6-no-external-plugins OK for: @babel/preset-env@7.29.3 want: 0.1.6-no-external-plugins
2038 silly placeDep ROOT babel-plugin-polyfill-corejs2@0.4.17 OK for: @babel/preset-env@7.29.3 want: ^0.4.15
2039 silly placeDep ROOT babel-plugin-polyfill-corejs3@0.14.2 OK for: @babel/preset-env@7.29.3 want: ^0.14.0
2040 silly placeDep ROOT babel-plugin-polyfill-regenerator@0.6.8 OK for: @babel/preset-env@7.29.3 want: ^0.6.6
2041 silly placeDep ROOT core-js-compat@3.49.0 OK for: @babel/preset-env@7.29.3 want: ^3.48.0
2042 silly placeDep node_modules/@babel/preset-env semver@6.3.1 OK for: @babel/preset-env@7.29.3 want: ^6.3.1
2043 silly fetch manifest @babel/helper-skip-transparent-expression-wrappers@^7.27.1
2044 silly packumentCache full:https://registry.npmjs.org/@babel%2fhelper-skip-transparent-expression-wrappers cache-miss
2045 silly fetch manifest @babel/plugin-transform-optional-chaining@^7.27.1
2046 silly packumentCache full:https://registry.npmjs.org/@babel%2fplugin-transform-optional-chaining cache-hit
2047 silly fetch manifest @babel/helper-skip-transparent-expression-wrappers@^7.27.1
2048 silly packumentCache full:https://registry.npmjs.org/@babel%2fhelper-skip-transparent-expression-wrappers cache-miss
2049 silly fetch manifest @babel/helper-create-regexp-features-plugin@^7.18.6
2050 silly packumentCache full:https://registry.npmjs.org/@babel%2fhelper-create-regexp-features-plugin cache-miss
2051 silly fetch manifest @babel/helper-remap-async-to-generator@^7.27.1
2052 silly packumentCache full:https://registry.npmjs.org/@babel%2fhelper-remap-async-to-generator cache-miss
2053 silly fetch manifest @babel/helper-remap-async-to-generator@^7.27.1
2054 silly packumentCache full:https://registry.npmjs.org/@babel%2fhelper-remap-async-to-generator cache-miss
2055 silly fetch manifest @babel/helper-create-class-features-plugin@^7.28.6
2056 silly packumentCache full:https://registry.npmjs.org/@babel%2fhelper-create-class-features-plugin cache-miss
2057 silly fetch manifest @babel/helper-create-class-features-plugin@^7.28.6
2058 silly packumentCache full:https://registry.npmjs.org/@babel%2fhelper-create-class-features-plugin cache-miss
2059 http cache https://registry.npmjs.org/@babel%2fhelper-remap-async-to-generator 43ms (cache hit)
2060 silly packumentCache full:https://registry.npmjs.org/@babel%2fhelper-remap-async-to-generator set size:219686 disposed:false
2061 silly fetch manifest @babel/helper-replace-supers@^7.28.6
2062 silly packumentCache full:https://registry.npmjs.org/@babel%2fhelper-replace-supers cache-miss
2063 http cache https://registry.npmjs.org/@babel%2fhelper-remap-async-to-generator 57ms (cache hit)
2064 silly packumentCache full:https://registry.npmjs.org/@babel%2fhelper-remap-async-to-generator set size:219686 disposed:false
2065 silly packumentCache full:https://registry.npmjs.org/@babel%2fhelper-remap-async-to-generator dispose
2066 silly fetch manifest @babel/helper-annotate-as-pure@^7.27.3
2067 silly packumentCache full:https://registry.npmjs.org/@babel%2fhelper-annotate-as-pure cache-miss
2068 http cache https://registry.npmjs.org/@babel%2fhelper-skip-transparent-expression-wrappers 76ms (cache hit)
2069 silly packumentCache full:https://registry.npmjs.org/@babel%2fhelper-skip-transparent-expression-wrappers set size:97491 disposed:false
2070 silly fetch manifest @babel/helper-create-regexp-features-plugin@^7.28.5
2071 silly packumentCache full:https://registry.npmjs.org/@babel%2fhelper-create-regexp-features-plugin cache-miss
2072 http cache https://registry.npmjs.org/@babel%2fhelper-skip-transparent-expression-wrappers 82ms (cache hit)
2073 silly packumentCache full:https://registry.npmjs.org/@babel%2fhelper-skip-transparent-expression-wrappers set size:97491 disposed:false
2074 silly packumentCache full:https://registry.npmjs.org/@babel%2fhelper-skip-transparent-expression-wrappers dispose
2075 silly fetch manifest @babel/helper-create-regexp-features-plugin@^7.28.5
2076 silly packumentCache full:https://registry.npmjs.org/@babel%2fhelper-create-regexp-features-plugin cache-miss
2077 http cache https://registry.npmjs.org/@babel%2fhelper-create-regexp-features-plugin 90ms (cache hit)
2078 silly packumentCache full:https://registry.npmjs.org/@babel%2fhelper-create-regexp-features-plugin set size:178215 disposed:false
2079 silly fetch manifest @babel/helper-create-regexp-features-plugin@^7.28.5
2080 silly packumentCache full:https://registry.npmjs.org/@babel%2fhelper-create-regexp-features-plugin cache-hit
2081 silly fetch manifest @babel/helper-replace-supers@^7.27.1
2082 silly packumentCache full:https://registry.npmjs.org/@babel%2fhelper-replace-supers cache-miss
2083 http cache https://registry.npmjs.org/@babel%2fhelper-create-class-features-plugin 98ms (cache hit)
2084 silly packumentCache full:https://registry.npmjs.org/@babel%2fhelper-create-class-features-plugin set size:369767 disposed:false
2085 silly fetch manifest @babel/helper-annotate-as-pure@^7.27.3
2086 silly packumentCache full:https://registry.npmjs.org/@babel%2fhelper-annotate-as-pure cache-miss
2087 http cache https://registry.npmjs.org/@babel%2fhelper-create-class-features-plugin 119ms (cache hit)
2088 silly packumentCache full:https://registry.npmjs.org/@babel%2fhelper-create-class-features-plugin set size:369767 disposed:false
2089 silly packumentCache full:https://registry.npmjs.org/@babel%2fhelper-create-class-features-plugin dispose
2090 silly fetch manifest @babel/helper-create-regexp-features-plugin@^7.27.1
2091 silly packumentCache full:https://registry.npmjs.org/@babel%2fhelper-create-regexp-features-plugin cache-hit
2092 silly fetch manifest @babel/helper-define-polyfill-provider@^0.6.8
2093 silly packumentCache full:https://registry.npmjs.org/@babel%2fhelper-define-polyfill-provider cache-miss
2094 http cache https://registry.npmjs.org/@babel%2fhelper-create-regexp-features-plugin 96ms (cache hit)
2095 silly packumentCache full:https://registry.npmjs.org/@babel%2fhelper-create-regexp-features-plugin set size:178215 disposed:false
2096 silly packumentCache full:https://registry.npmjs.org/@babel%2fhelper-create-regexp-features-plugin dispose
2097 silly fetch manifest @babel/helper-define-polyfill-provider@^0.6.8
2098 silly packumentCache full:https://registry.npmjs.org/@babel%2fhelper-define-polyfill-provider cache-miss
2099 http cache https://registry.npmjs.org/@babel%2fhelper-create-regexp-features-plugin 100ms (cache hit)
2100 silly packumentCache full:https://registry.npmjs.org/@babel%2fhelper-create-regexp-features-plugin set size:178215 disposed:true
2101 silly packumentCache full:https://registry.npmjs.org/@babel%2fhelper-create-regexp-features-plugin dispose
2102 silly fetch manifest @babel/helper-define-polyfill-provider@^0.6.8
2103 silly packumentCache full:https://registry.npmjs.org/@babel%2fhelper-define-polyfill-provider cache-miss
2104 http cache https://registry.npmjs.org/@babel%2fhelper-replace-supers 143ms (cache hit)
2105 silly packumentCache full:https://registry.npmjs.org/@babel%2fhelper-replace-supers set size:259595 disposed:false
2106 http cache https://registry.npmjs.org/@babel%2fhelper-replace-supers 114ms (cache hit)
2107 silly packumentCache full:https://registry.npmjs.org/@babel%2fhelper-replace-supers set size:259595 disposed:false
2108 silly packumentCache full:https://registry.npmjs.org/@babel%2fhelper-replace-supers dispose
2109 http cache https://registry.npmjs.org/@babel%2fhelper-annotate-as-pure 108ms (cache hit)
2110 silly packumentCache full:https://registry.npmjs.org/@babel%2fhelper-annotate-as-pure set size:173521 disposed:false
2111 http cache https://registry.npmjs.org/@babel%2fhelper-annotate-as-pure 168ms (cache hit)
2112 silly packumentCache full:https://registry.npmjs.org/@babel%2fhelper-annotate-as-pure set size:173521 disposed:false
2113 silly packumentCache full:https://registry.npmjs.org/@babel%2fhelper-annotate-as-pure dispose
2114 http cache https://registry.npmjs.org/@babel%2fhelper-define-polyfill-provider 109ms (cache hit)
2115 silly packumentCache full:https://registry.npmjs.org/@babel%2fhelper-define-polyfill-provider set size:116586 disposed:false
2116 http cache https://registry.npmjs.org/@babel%2fhelper-define-polyfill-provider 86ms (cache hit)
2117 silly packumentCache full:https://registry.npmjs.org/@babel%2fhelper-define-polyfill-provider set size:116586 disposed:false
2118 silly packumentCache full:https://registry.npmjs.org/@babel%2fhelper-define-polyfill-provider dispose
2119 http cache https://registry.npmjs.org/@babel%2fhelper-define-polyfill-provider 111ms (cache hit)
2120 silly packumentCache full:https://registry.npmjs.org/@babel%2fhelper-define-polyfill-provider set size:116586 disposed:true
2121 silly packumentCache full:https://registry.npmjs.org/@babel%2fhelper-define-polyfill-provider dispose
2122 silly placeDep ROOT @babel/helper-skip-transparent-expression-wrappers@7.27.1 OK for: @babel/plugin-bugfix-safari-rest-destructuring-rhs-array@7.29.3 want: ^7.27.1
2123 silly placeDep ROOT @babel/helper-create-regexp-features-plugin@7.28.5 OK for: @babel/plugin-syntax-unicode-sets-regex@7.18.6 want: ^7.18.6
2124 silly fetch manifest regexpu-core@^6.3.1
2125 silly packumentCache full:https://registry.npmjs.org/regexpu-core cache-miss
2126 http cache https://registry.npmjs.org/regexpu-core 15ms (cache hit)
2127 silly packumentCache full:https://registry.npmjs.org/regexpu-core set size:156240 disposed:false
2128 silly placeDep ROOT @babel/helper-annotate-as-pure@7.27.3 OK for: @babel/helper-create-regexp-features-plugin@7.28.5 want: ^7.27.3
2129 silly placeDep ROOT regexpu-core@6.4.0 OK for: @babel/helper-create-regexp-features-plugin@7.28.5 want: ^6.3.1
2130 silly placeDep node_modules/@babel/helper-create-regexp-features-plugin semver@6.3.1 OK for: @babel/helper-create-regexp-features-plugin@7.28.5 want: ^6.3.1
2131 silly fetch manifest regenerate@^1.4.2
2132 silly packumentCache full:https://registry.npmjs.org/regenerate cache-miss
2133 silly fetch manifest regenerate-unicode-properties@^10.2.2
2134 silly packumentCache full:https://registry.npmjs.org/regenerate-unicode-properties cache-miss
2135 silly fetch manifest regjsgen@^0.8.0
2136 silly packumentCache full:https://registry.npmjs.org/regjsgen cache-miss
2137 silly fetch manifest regjsparser@^0.13.0
2138 silly packumentCache full:https://registry.npmjs.org/regjsparser cache-miss
2139 silly fetch manifest unicode-match-property-ecmascript@^2.0.0
2140 silly packumentCache full:https://registry.npmjs.org/unicode-match-property-ecmascript cache-miss
2141 silly fetch manifest unicode-match-property-value-ecmascript@^2.2.1
2142 silly packumentCache full:https://registry.npmjs.org/unicode-match-property-value-ecmascript cache-miss
2143 http cache https://registry.npmjs.org/regjsparser 71ms (cache hit)
2144 silly packumentCache full:https://registry.npmjs.org/regjsparser set size:83765 disposed:false
2145 http cache https://registry.npmjs.org/regjsgen 81ms (cache hit)
2146 silly packumentCache full:https://registry.npmjs.org/regjsgen set size:26409 disposed:false
2147 http cache https://registry.npmjs.org/unicode-match-property-value-ecmascript 81ms (cache hit)
2148 silly packumentCache full:https://registry.npmjs.org/unicode-match-property-value-ecmascript set size:26439 disposed:false
2149 http cache https://registry.npmjs.org/unicode-match-property-ecmascript 90ms (cache hit)
2150 silly packumentCache full:https://registry.npmjs.org/unicode-match-property-ecmascript set size:16934 disposed:false
2151 http cache https://registry.npmjs.org/regenerate-unicode-properties 104ms (cache hit)
2152 silly packumentCache full:https://registry.npmjs.org/regenerate-unicode-properties set size:78166 disposed:false
2153 http cache https://registry.npmjs.org/regenerate 116ms (cache hit)
2154 silly packumentCache full:https://registry.npmjs.org/regenerate set size:56872 disposed:false
2155 silly placeDep ROOT @babel/helper-remap-async-to-generator@7.27.1 OK for: @babel/plugin-transform-async-generator-functions@7.29.0 want: ^7.27.1
2156 silly fetch manifest @babel/helper-wrap-function@^7.27.1
2157 silly packumentCache full:https://registry.npmjs.org/@babel%2fhelper-wrap-function cache-miss
2158 http cache https://registry.npmjs.org/@babel%2fhelper-wrap-function 23ms (cache hit)
2159 silly packumentCache full:https://registry.npmjs.org/@babel%2fhelper-wrap-function set size:216943 disposed:false
2160 silly placeDep ROOT @babel/helper-wrap-function@7.28.6 OK for: @babel/helper-remap-async-to-generator@7.27.1 want: ^7.27.1
2161 silly placeDep ROOT @babel/helper-create-class-features-plugin@7.29.3 OK for: @babel/plugin-transform-class-properties@7.28.6 want: ^7.28.6
2162 silly fetch manifest @babel/helper-member-expression-to-functions@^7.28.5
2163 silly packumentCache full:https://registry.npmjs.org/@babel%2fhelper-member-expression-to-functions cache-miss
2164 silly fetch manifest @babel/helper-optimise-call-expression@^7.27.1
2165 silly packumentCache full:https://registry.npmjs.org/@babel%2fhelper-optimise-call-expression cache-miss
2166 http cache https://registry.npmjs.org/@babel%2fhelper-member-expression-to-functions 26ms (cache hit)
2167 silly packumentCache full:https://registry.npmjs.org/@babel%2fhelper-member-expression-to-functions set size:220806 disposed:false
2168 http cache https://registry.npmjs.org/@babel%2fhelper-optimise-call-expression 36ms (cache hit)
2169 silly packumentCache full:https://registry.npmjs.org/@babel%2fhelper-optimise-call-expression set size:184696 disposed:false
2170 silly placeDep ROOT @babel/helper-member-expression-to-functions@7.28.5 OK for: @babel/helper-create-class-features-plugin@7.29.3 want: ^7.28.5
2171 silly placeDep ROOT @babel/helper-optimise-call-expression@7.27.1 OK for: @babel/helper-create-class-features-plugin@7.29.3 want: ^7.27.1
2172 silly placeDep ROOT @babel/helper-replace-supers@7.28.6 OK for: @babel/helper-create-class-features-plugin@7.29.3 want: ^7.28.6
2173 silly placeDep node_modules/@babel/helper-create-class-features-plugin semver@6.3.1 OK for: @babel/helper-create-class-features-plugin@7.29.3 want: ^6.3.1
2174 silly placeDep ROOT esutils@2.0.3 OK for: @babel/preset-modules@0.1.6-no-external-plugins want: ^2.0.2
2175 silly placeDep ROOT @babel/plugin-transform-react-display-name@7.28.0 OK for: @babel/preset-react@7.28.5 want: ^7.28.0
2176 silly placeDep ROOT @babel/plugin-transform-react-jsx@7.28.6 OK for: @babel/preset-react@7.28.5 want: ^7.27.1
2177 silly placeDep ROOT @babel/plugin-transform-react-jsx-development@7.27.1 OK for: @babel/preset-react@7.28.5 want: ^7.27.1
2178 silly placeDep ROOT @babel/plugin-transform-react-pure-annotations@7.27.1 OK for: @babel/preset-react@7.28.5 want: ^7.27.1
2179 silly fetch manifest @babel/plugin-syntax-jsx@^7.28.6
2180 silly packumentCache full:https://registry.npmjs.org/@babel%2fplugin-syntax-jsx cache-miss
2181 http cache https://registry.npmjs.org/@babel%2fplugin-syntax-jsx 11ms (cache hit)
2182 silly packumentCache full:https://registry.npmjs.org/@babel%2fplugin-syntax-jsx set size:184898 disposed:false
2183 silly placeDep ROOT @babel/plugin-syntax-jsx@7.28.6 OK for: @babel/plugin-transform-react-jsx@7.28.6 want: ^7.28.6
2184 silly placeDep ROOT cosmiconfig@7.1.0 OK for: @svgr/core@5.5.0 want: ^7.0.0
2185 silly fetch manifest yaml@^1.10.0
2186 silly packumentCache full:https://registry.npmjs.org/yaml cache-miss
2187 silly fetch manifest path-type@^4.0.0
2188 silly packumentCache full:https://registry.npmjs.org/path-type cache-miss
2189 silly fetch manifest parse-json@^5.0.0
2190 silly packumentCache full:https://registry.npmjs.org/parse-json cache-miss
2191 silly fetch manifest import-fresh@^3.2.1
2192 silly packumentCache full:https://registry.npmjs.org/import-fresh cache-miss
2193 silly fetch manifest @types/parse-json@^4.0.0
2194 silly packumentCache full:https://registry.npmjs.org/@types%2fparse-json cache-miss
2195 http cache https://registry.npmjs.org/path-type 29ms (cache hit)
2196 silly packumentCache full:https://registry.npmjs.org/path-type set size:15341 disposed:false
2197 http cache https://registry.npmjs.org/parse-json 31ms (cache hit)
2198 silly packumentCache full:https://registry.npmjs.org/parse-json set size:48198 disposed:false
2199 http cache https://registry.npmjs.org/yaml 43ms (cache hit)
2200 silly packumentCache full:https://registry.npmjs.org/yaml set size:375527 disposed:false
2201 http cache https://registry.npmjs.org/import-fresh 57ms (cache hit)
2202 silly packumentCache full:https://registry.npmjs.org/import-fresh set size:24604 disposed:false
2203 http cache https://registry.npmjs.org/@types%2fparse-json 61ms (cache hit)
2204 silly packumentCache full:https://registry.npmjs.org/@types%2fparse-json set size:6477 disposed:false
2205 silly placeDep ROOT @svgr/babel-preset@5.5.0 OK for: @svgr/plugin-jsx@5.5.0 want: ^5.5.0
2206 silly placeDep ROOT @svgr/hast-util-to-babel-ast@5.5.0 OK for: @svgr/plugin-jsx@5.5.0 want: ^5.5.0
2207 silly placeDep ROOT svg-parser@2.0.4 OK for: @svgr/plugin-jsx@5.5.0 want: ^2.0.2
2208 silly fetch manifest @svgr/babel-plugin-add-jsx-attribute@^5.4.0
2209 silly packumentCache full:https://registry.npmjs.org/@svgr%2fbabel-plugin-add-jsx-attribute cache-miss
2210 silly fetch manifest @svgr/babel-plugin-remove-jsx-attribute@^5.4.0
2211 silly packumentCache full:https://registry.npmjs.org/@svgr%2fbabel-plugin-remove-jsx-attribute cache-miss
2212 silly fetch manifest @svgr/babel-plugin-remove-jsx-empty-expression@^5.0.1
2213 silly packumentCache full:https://registry.npmjs.org/@svgr%2fbabel-plugin-remove-jsx-empty-expression cache-miss
2214 silly fetch manifest @svgr/babel-plugin-replace-jsx-attribute-value@^5.0.1
2215 silly packumentCache full:https://registry.npmjs.org/@svgr%2fbabel-plugin-replace-jsx-attribute-value cache-miss
2216 silly fetch manifest @svgr/babel-plugin-svg-dynamic-title@^5.4.0
2217 silly packumentCache full:https://registry.npmjs.org/@svgr%2fbabel-plugin-svg-dynamic-title cache-miss
2218 silly fetch manifest @svgr/babel-plugin-svg-em-dimensions@^5.4.0
2219 silly packumentCache full:https://registry.npmjs.org/@svgr%2fbabel-plugin-svg-em-dimensions cache-miss
2220 silly fetch manifest @svgr/babel-plugin-transform-react-native-svg@^5.4.0
2221 silly packumentCache full:https://registry.npmjs.org/@svgr%2fbabel-plugin-transform-react-native-svg cache-miss
2222 http cache https://registry.npmjs.org/@svgr%2fbabel-plugin-remove-jsx-empty-expression 30ms (cache hit)
2223 silly packumentCache full:https://registry.npmjs.org/@svgr%2fbabel-plugin-remove-jsx-empty-expression set size:30254 disposed:false
2224 silly fetch manifest @svgr/babel-plugin-transform-svg-component@^5.5.0
2225 silly packumentCache full:https://registry.npmjs.org/@svgr%2fbabel-plugin-transform-svg-component cache-miss
2226 http cache https://registry.npmjs.org/@svgr%2fbabel-plugin-replace-jsx-attribute-value 35ms (cache hit)
2227 silly packumentCache full:https://registry.npmjs.org/@svgr%2fbabel-plugin-replace-jsx-attribute-value set size:33643 disposed:false
2228 http cache https://registry.npmjs.org/@svgr%2fbabel-plugin-svg-dynamic-title 37ms (cache hit)
2229 silly packumentCache full:https://registry.npmjs.org/@svgr%2fbabel-plugin-svg-dynamic-title set size:43228 disposed:false
2230 http cache https://registry.npmjs.org/@svgr%2fbabel-plugin-remove-jsx-attribute 47ms (cache hit)
2231 silly packumentCache full:https://registry.npmjs.org/@svgr%2fbabel-plugin-remove-jsx-attribute set size:35046 disposed:false
2232 http cache https://registry.npmjs.org/@svgr%2fbabel-plugin-add-jsx-attribute 54ms (cache hit)
2233 silly packumentCache full:https://registry.npmjs.org/@svgr%2fbabel-plugin-add-jsx-attribute set size:35625 disposed:false
2234 http cache https://registry.npmjs.org/@svgr%2fbabel-plugin-svg-em-dimensions 52ms (cache hit)
2235 silly packumentCache full:https://registry.npmjs.org/@svgr%2fbabel-plugin-svg-em-dimensions set size:37620 disposed:false
2236 http cache https://registry.npmjs.org/@svgr%2fbabel-plugin-transform-react-native-svg 54ms (cache hit)
2237 silly packumentCache full:https://registry.npmjs.org/@svgr%2fbabel-plugin-transform-react-native-svg set size:38224 disposed:false
2238 http cache https://registry.npmjs.org/@svgr%2fbabel-plugin-transform-svg-component 35ms (cache hit)
2239 silly packumentCache full:https://registry.npmjs.org/@svgr%2fbabel-plugin-transform-svg-component set size:63723 disposed:false
2240 silly placeDep ROOT @svgr/babel-plugin-add-jsx-attribute@5.4.0 OK for: @svgr/babel-preset@5.5.0 want: ^5.4.0
2241 silly placeDep ROOT @svgr/babel-plugin-remove-jsx-attribute@5.4.0 OK for: @svgr/babel-preset@5.5.0 want: ^5.4.0
2242 silly placeDep ROOT @svgr/babel-plugin-remove-jsx-empty-expression@5.0.1 OK for: @svgr/babel-preset@5.5.0 want: ^5.0.1
2243 silly placeDep ROOT @svgr/babel-plugin-replace-jsx-attribute-value@5.0.1 OK for: @svgr/babel-preset@5.5.0 want: ^5.0.1
2244 silly placeDep ROOT @svgr/babel-plugin-svg-dynamic-title@5.4.0 OK for: @svgr/babel-preset@5.5.0 want: ^5.4.0
2245 silly placeDep ROOT @svgr/babel-plugin-svg-em-dimensions@5.4.0 OK for: @svgr/babel-preset@5.5.0 want: ^5.4.0
2246 silly placeDep ROOT @svgr/babel-plugin-transform-react-native-svg@5.4.0 OK for: @svgr/babel-preset@5.5.0 want: ^5.4.0
2247 silly placeDep ROOT @svgr/babel-plugin-transform-svg-component@5.5.0 OK for: @svgr/babel-preset@5.5.0 want: ^5.5.0
2248 silly placeDep ROOT deepmerge@4.3.1 OK for: @svgr/plugin-svgo@5.5.0 want: ^4.2.2
2249 silly placeDep ROOT svgo@1.3.2 OK for: @svgr/plugin-svgo@5.5.0 want: ^1.2.2
2250 silly fetch manifest coa@^2.0.2
2251 silly packumentCache full:https://registry.npmjs.org/coa cache-miss
2252 silly fetch manifest sax@~1.2.4
2253 silly packumentCache full:https://registry.npmjs.org/sax cache-miss
2254 silly fetch manifest csso@^4.0.2
2255 silly packumentCache full:https://registry.npmjs.org/csso cache-miss
2256 silly fetch manifest chalk@^2.4.1
2257 silly packumentCache full:https://registry.npmjs.org/chalk cache-hit
2258 silly fetch manifest mkdirp@~0.5.1
2259 silly packumentCache full:https://registry.npmjs.org/mkdirp cache-miss
2260 silly fetch manifest stable@^0.1.8
2261 silly packumentCache full:https://registry.npmjs.org/stable cache-miss
2262 silly fetch manifest js-yaml@^3.13.1
2263 silly packumentCache full:https://registry.npmjs.org/js-yaml cache-hit
2264 silly fetch manifest unquote@~1.1.1
2265 silly packumentCache full:https://registry.npmjs.org/unquote cache-miss
2266 silly fetch manifest css-tree@1.0.0-alpha.37
2267 silly packumentCache full:https://registry.npmjs.org/css-tree cache-miss
2268 http cache https://registry.npmjs.org/sax 178ms (cache hit)
2269 silly packumentCache full:https://registry.npmjs.org/sax set size:91199 disposed:false
2270 silly fetch manifest css-select@^2.0.0
2271 silly packumentCache full:https://registry.npmjs.org/css-select cache-miss
2272 http cache https://registry.npmjs.org/csso 189ms (cache hit)
2273 silly packumentCache full:https://registry.npmjs.org/csso set size:202215 disposed:false
2274 silly fetch manifest object.values@^1.1.0
2275 silly packumentCache full:https://registry.npmjs.org/object.values cache-miss
2276 http cache https://registry.npmjs.org/unquote 190ms (cache hit)
2277 silly packumentCache full:https://registry.npmjs.org/unquote set size:5131 disposed:false
2278 silly fetch manifest util.promisify@~1.0.0
2279 silly packumentCache full:https://registry.npmjs.org/util.promisify cache-miss
2280 http cache https://registry.npmjs.org/coa 216ms (cache hit)
2281 silly packumentCache full:https://registry.npmjs.org/coa set size:43169 disposed:false
2282 silly fetch manifest css-select-base-adapter@^0.1.1
2283 silly packumentCache full:https://registry.npmjs.org/css-select-base-adapter cache-miss
2284 http cache https://registry.npmjs.org/stable 214ms (cache hit)
2285 silly packumentCache full:https://registry.npmjs.org/stable set size:19897 disposed:false
2286 http cache https://registry.npmjs.org/css-tree 211ms (cache hit)
2287 silly packumentCache full:https://registry.npmjs.org/css-tree set size:229638 disposed:false
2288 http cache https://registry.npmjs.org/util.promisify 44ms (cache hit)
2289 silly packumentCache full:https://registry.npmjs.org/util.promisify set size:19966 disposed:false
2290 http cache https://registry.npmjs.org/object.values 53ms (cache hit)
2291 silly packumentCache full:https://registry.npmjs.org/object.values set size:49009 disposed:false
2292 http cache https://registry.npmjs.org/css-select 77ms (cache hit)
2293 silly packumentCache full:https://registry.npmjs.org/css-select set size:111202 disposed:false
2294 http cache https://registry.npmjs.org/css-select-base-adapter 52ms (cache hit)
2295 silly packumentCache full:https://registry.npmjs.org/css-select-base-adapter set size:7326 disposed:false
2296 http fetch GET 200 https://registry.npmjs.org/mkdirp 5157ms (cache miss)
2297 silly packumentCache full:https://registry.npmjs.org/mkdirp set size:undefined disposed:false
2298 silly placeDep ROOT @jest/transform@27.5.1 OK for: babel-jest@27.5.1 want: ^27.5.1
2299 silly placeDep ROOT @jest/types@27.5.1 OK for: babel-jest@27.5.1 want: ^27.5.1
2300 silly placeDep ROOT @types/babel__core@7.20.5 OK for: babel-jest@27.5.1 want: ^7.1.14
2301 silly placeDep ROOT babel-plugin-istanbul@6.1.1 OK for: babel-jest@27.5.1 want: ^6.1.1
2302 silly placeDep ROOT babel-preset-jest@27.5.1 OK for: babel-jest@27.5.1 want: ^27.5.1
2303 silly placeDep ROOT chalk@4.1.2 OK for: babel-jest@27.5.1 want: ^4.0.0
2304 silly placeDep ROOT graceful-fs@4.2.11 OK for: babel-jest@27.5.1 want: ^4.2.9
2305 silly placeDep ROOT slash@3.0.0 OK for: babel-jest@27.5.1 want: ^3.0.0
2306 silly fetch manifest pirates@^4.0.4
2307 silly packumentCache full:https://registry.npmjs.org/pirates cache-miss
2308 silly fetch manifest micromatch@^4.0.4
2309 silly packumentCache full:https://registry.npmjs.org/micromatch cache-hit
2310 silly fetch manifest jest-regex-util@^27.5.1
2311 silly packumentCache full:https://registry.npmjs.org/jest-regex-util cache-hit
2312 silly fetch manifest write-file-atomic@^3.0.0
2313 silly packumentCache full:https://registry.npmjs.org/write-file-atomic cache-miss
2314 silly fetch manifest convert-source-map@^1.4.0
2315 silly packumentCache full:https://registry.npmjs.org/convert-source-map cache-hit
2316 silly fetch manifest fast-json-stable-stringify@^2.0.0
2317 silly packumentCache full:https://registry.npmjs.org/fast-json-stable-stringify cache-hit
2318 silly fetch manifest @types/node@*
2319 silly packumentCache full:https://registry.npmjs.org/@types%2fnode cache-miss
2320 silly fetch manifest @types/yargs@^16.0.0
2321 silly packumentCache full:https://registry.npmjs.org/@types%2fyargs cache-miss
2322 silly fetch manifest @types/istanbul-reports@^3.0.0
2323 silly packumentCache full:https://registry.npmjs.org/@types%2fistanbul-reports cache-miss
2324 silly fetch manifest @types/istanbul-lib-coverage@^2.0.0
2325 silly packumentCache full:https://registry.npmjs.org/@types%2fistanbul-lib-coverage cache-miss
2326 silly fetch manifest @types/babel__template@*
2327 silly packumentCache full:https://registry.npmjs.org/@types%2fbabel__template cache-miss
2328 http fetch GET 200 https://registry.npmjs.org/pirates 1190ms (cache miss)
2329 silly packumentCache full:https://registry.npmjs.org/pirates set size:undefined disposed:false
2330 silly fetch manifest @types/babel__traverse@*
2331 silly packumentCache full:https://registry.npmjs.org/@types%2fbabel__traverse cache-miss
2332 http fetch GET 200 https://registry.npmjs.org/@types%2fistanbul-lib-coverage 2099ms (cache miss)
2333 silly packumentCache full:https://registry.npmjs.org/@types%2fistanbul-lib-coverage set size:undefined disposed:false
2334 silly fetch manifest @types/babel__generator@*
2335 silly packumentCache full:https://registry.npmjs.org/@types%2fbabel__generator cache-miss
2336 http fetch GET 200 https://registry.npmjs.org/@types%2fbabel__traverse 930ms (cache miss)
2337 silly packumentCache full:https://registry.npmjs.org/@types%2fbabel__traverse set size:undefined disposed:false
2338 silly fetch manifest test-exclude@^6.0.0
2339 silly packumentCache full:https://registry.npmjs.org/test-exclude cache-miss
2340 http fetch GET 200 https://registry.npmjs.org/write-file-atomic 2526ms (cache miss)
2341 silly packumentCache full:https://registry.npmjs.org/write-file-atomic set size:undefined disposed:false
2342 silly fetch manifest @istanbuljs/schema@^0.1.2
2343 silly packumentCache full:https://registry.npmjs.org/@istanbuljs%2fschema cache-miss
2344 http fetch GET 200 https://registry.npmjs.org/@types%2fbabel__generator 506ms (cache miss)
2345 silly packumentCache full:https://registry.npmjs.org/@types%2fbabel__generator set size:undefined disposed:false
2346 silly fetch manifest istanbul-lib-instrument@^5.0.4
2347 silly packumentCache full:https://registry.npmjs.org/istanbul-lib-instrument cache-miss
2348 http fetch GET 200 https://registry.npmjs.org/@types%2fyargs 3127ms (cache miss)
2349 silly packumentCache full:https://registry.npmjs.org/@types%2fyargs set size:undefined disposed:false
2350 silly fetch manifest @istanbuljs/load-nyc-config@^1.0.0
2351 silly packumentCache full:https://registry.npmjs.org/@istanbuljs%2fload-nyc-config cache-miss
2352 http fetch GET 200 https://registry.npmjs.org/test-exclude 1055ms (cache miss)
2353 silly packumentCache full:https://registry.npmjs.org/test-exclude set size:undefined disposed:false
2354 silly fetch manifest babel-plugin-jest-hoist@^27.5.1
2355 silly packumentCache full:https://registry.npmjs.org/babel-plugin-jest-hoist cache-miss
2356 http fetch GET 200 https://registry.npmjs.org/istanbul-lib-instrument 690ms (cache miss)
2357 silly packumentCache full:https://registry.npmjs.org/istanbul-lib-instrument set size:undefined disposed:false
2358 silly fetch manifest babel-preset-current-node-syntax@^1.0.0
2359 silly packumentCache full:https://registry.npmjs.org/babel-preset-current-node-syntax cache-miss
2360 http fetch GET 200 https://registry.npmjs.org/@types%2fistanbul-reports 3355ms (cache miss)
2361 silly packumentCache full:https://registry.npmjs.org/@types%2fistanbul-reports set size:undefined disposed:false
2362 silly fetch manifest ansi-styles@^4.1.0
2363 silly packumentCache full:https://registry.npmjs.org/ansi-styles cache-miss
2364 http fetch GET 200 https://registry.npmjs.org/@istanbuljs%2fload-nyc-config 278ms (cache miss)
2365 silly packumentCache full:https://registry.npmjs.org/@istanbuljs%2fload-nyc-config set size:undefined disposed:false
2366 silly fetch manifest supports-color@^7.1.0
2367 silly packumentCache full:https://registry.npmjs.org/supports-color cache-miss
2368 http fetch GET 200 https://registry.npmjs.org/ansi-styles 268ms (cache revalidated)
2369 silly packumentCache full:https://registry.npmjs.org/ansi-styles set size:63233 disposed:false
2370 http fetch GET 200 https://registry.npmjs.org/@types%2fbabel__template 3663ms (cache miss)
2371 silly packumentCache full:https://registry.npmjs.org/@types%2fbabel__template set size:undefined disposed:false
2372 http fetch GET 200 https://registry.npmjs.org/supports-color 257ms (cache revalidated)
2373 silly packumentCache full:https://registry.npmjs.org/supports-color set size:118680 disposed:false
2374 http fetch GET 200 https://registry.npmjs.org/babel-preset-current-node-syntax 435ms (cache miss)
2375 silly packumentCache full:https://registry.npmjs.org/babel-preset-current-node-syntax set size:undefined disposed:false
2376 http fetch GET 200 https://registry.npmjs.org/@istanbuljs%2fschema 1749ms (cache miss)
2377 silly packumentCache full:https://registry.npmjs.org/@istanbuljs%2fschema set size:undefined disposed:false
2378 http fetch GET 200 https://registry.npmjs.org/@types%2fnode 6482ms (cache revalidated)
2379 silly packumentCache full:https://registry.npmjs.org/@types%2fnode set size:10972342 disposed:false
2380 http fetch GET 200 https://registry.npmjs.org/babel-plugin-jest-hoist 4600ms (cache miss)
2381 silly packumentCache full:https://registry.npmjs.org/babel-plugin-jest-hoist set size:undefined disposed:false
2382 silly placeDep node_modules/@jest/transform convert-source-map@1.9.0 OK for: @jest/transform@27.5.1 want: ^1.4.0
2383 silly placeDep ROOT fast-json-stable-stringify@2.1.0 OK for: @jest/transform@27.5.1 want: ^2.0.0
2384 silly placeDep ROOT jest-haste-map@27.5.1 OK for: @jest/transform@27.5.1 want: ^27.5.1
2385 silly placeDep ROOT jest-regex-util@27.5.1 OK for: @jest/transform@27.5.1 want: ^27.5.1
2386 silly placeDep ROOT jest-util@27.5.1 OK for: @jest/transform@27.5.1 want: ^27.5.1
2387 silly placeDep ROOT micromatch@4.0.8 OK for: @jest/transform@27.5.1 want: ^4.0.4
2388 silly placeDep ROOT pirates@4.0.7 OK for: @jest/transform@27.5.1 want: ^4.0.4
2389 silly placeDep node_modules/@jest/transform source-map@0.6.1 OK for: @jest/transform@27.5.1 want: ^0.6.1
2390 silly placeDep ROOT write-file-atomic@3.0.3 OK for: @jest/transform@27.5.1 want: ^3.0.0
2391 silly fetch manifest walker@^1.0.7
2392 silly packumentCache full:https://registry.npmjs.org/walker cache-miss
2393 silly fetch manifest anymatch@^3.0.3
2394 silly packumentCache full:https://registry.npmjs.org/anymatch cache-miss
2395 silly fetch manifest fb-watchman@^2.0.0
2396 silly packumentCache full:https://registry.npmjs.org/fb-watchman cache-miss
2397 silly fetch manifest jest-worker@^27.5.1
2398 silly packumentCache full:https://registry.npmjs.org/jest-worker cache-hit
2399 silly fetch manifest jest-serializer@^27.5.1
2400 silly packumentCache full:https://registry.npmjs.org/jest-serializer cache-miss
2401 silly fetch manifest @types/graceful-fs@^4.1.2
2402 silly packumentCache full:https://registry.npmjs.org/@types%2fgraceful-fs cache-miss
2403 silly fetch manifest ci-info@^3.2.0
2404 silly packumentCache full:https://registry.npmjs.org/ci-info cache-miss
2405 silly fetch manifest picomatch@^2.2.3
2406 silly packumentCache full:https://registry.npmjs.org/picomatch cache-miss
2407 http fetch GET 200 https://registry.npmjs.org/walker 508ms (cache miss)
2408 silly packumentCache full:https://registry.npmjs.org/walker set size:undefined disposed:false
2409 silly fetch manifest braces@^3.0.3
2410 silly packumentCache full:https://registry.npmjs.org/braces cache-miss
2411 http fetch GET 200 https://registry.npmjs.org/ci-info 502ms (cache miss)
2412 silly packumentCache full:https://registry.npmjs.org/ci-info set size:undefined disposed:false
2413 silly fetch manifest picomatch@^2.3.1
2414 silly packumentCache full:https://registry.npmjs.org/picomatch cache-miss
2415 http fetch GET 200 https://registry.npmjs.org/anymatch 577ms (cache miss)
2416 silly packumentCache full:https://registry.npmjs.org/anymatch set size:undefined disposed:false
2417 silly fetch manifest signal-exit@^3.0.2
2418 silly packumentCache full:https://registry.npmjs.org/signal-exit cache-miss
2419 http fetch GET 200 https://registry.npmjs.org/@types%2fgraceful-fs 646ms (cache miss)
2420 silly packumentCache full:https://registry.npmjs.org/@types%2fgraceful-fs set size:undefined disposed:false
2421 silly fetch manifest is-typedarray@^1.0.0
2422 silly packumentCache full:https://registry.npmjs.org/is-typedarray cache-miss
2423 http fetch GET 200 https://registry.npmjs.org/signal-exit 271ms (cache revalidated)
2424 silly packumentCache full:https://registry.npmjs.org/signal-exit set size:53489 disposed:false
2425 silly fetch manifest typedarray-to-buffer@^3.1.5
2426 silly packumentCache full:https://registry.npmjs.org/typedarray-to-buffer cache-miss
2427 http fetch GET 200 https://registry.npmjs.org/jest-serializer 892ms (cache miss)
2428 silly packumentCache full:https://registry.npmjs.org/jest-serializer set size:undefined disposed:false
2429 http fetch GET 200 https://registry.npmjs.org/is-typedarray 256ms (cache miss)
2430 silly packumentCache full:https://registry.npmjs.org/is-typedarray set size:undefined disposed:false
2431 http fetch GET 200 https://registry.npmjs.org/picomatch 512ms (cache miss)
2432 silly packumentCache full:https://registry.npmjs.org/picomatch set size:undefined disposed:false
2433 http fetch GET 200 https://registry.npmjs.org/fb-watchman 1519ms (cache miss)
2434 silly packumentCache full:https://registry.npmjs.org/fb-watchman set size:undefined disposed:false
2435 http fetch GET 200 https://registry.npmjs.org/typedarray-to-buffer 1353ms (cache miss)
2436 silly packumentCache full:https://registry.npmjs.org/typedarray-to-buffer set size:undefined disposed:false
2437 http fetch GET 200 https://registry.npmjs.org/picomatch 2650ms (cache miss)
2438 silly packumentCache full:https://registry.npmjs.org/picomatch set size:undefined disposed:false
2439 http fetch GET 200 https://registry.npmjs.org/braces 2434ms (cache miss)
2440 silly packumentCache full:https://registry.npmjs.org/braces set size:undefined disposed:false
2441 silly placeDep ROOT @types/istanbul-lib-coverage@2.0.6 OK for: @jest/types@27.5.1 want: ^2.0.0
2442 silly placeDep ROOT @types/istanbul-reports@3.0.4 OK for: @jest/types@27.5.1 want: ^3.0.0
2443 silly placeDep ROOT @types/node@25.6.0 OK for: @jest/types@27.5.1 want: *
2444 silly placeDep ROOT @types/yargs@16.0.11 OK for: @jest/types@27.5.1 want: ^16.0.0
2445 silly fetch manifest @types/istanbul-lib-report@*
2446 silly packumentCache full:https://registry.npmjs.org/@types%2fistanbul-lib-report cache-miss
2447 silly fetch manifest undici-types@~7.19.0
2448 silly packumentCache full:https://registry.npmjs.org/undici-types cache-miss
2449 silly fetch manifest @types/yargs-parser@*
2450 silly packumentCache full:https://registry.npmjs.org/@types%2fyargs-parser cache-miss
2451 http fetch GET 200 https://registry.npmjs.org/@types%2fistanbul-lib-report 270ms (cache miss)
2452 silly packumentCache full:https://registry.npmjs.org/@types%2fistanbul-lib-report set size:undefined disposed:false
2453 http fetch GET 200 https://registry.npmjs.org/undici-types 822ms (cache revalidated)
2454 silly packumentCache full:https://registry.npmjs.org/undici-types set size:212662 disposed:false
2455 http fetch GET 200 https://registry.npmjs.org/@types%2fyargs-parser 849ms (cache miss)
2456 silly packumentCache full:https://registry.npmjs.org/@types%2fyargs-parser set size:undefined disposed:false
2457 silly placeDep ROOT @types/babel__generator@7.27.0 OK for: @types/babel__core@7.20.5 want: *
2458 silly placeDep ROOT @types/babel__template@7.4.4 OK for: @types/babel__core@7.20.5 want: *
2459 silly placeDep ROOT @types/babel__traverse@7.28.0 OK for: @types/babel__core@7.20.5 want: *
2460 silly placeDep ROOT @types/istanbul-lib-report@3.0.3 OK for: @types/istanbul-reports@3.0.4 want: *
2461 silly placeDep ROOT undici-types@7.19.2 OK for: @types/node@25.6.0 want: ~7.19.0
2462 silly placeDep ROOT @types/yargs-parser@21.0.3 OK for: @types/yargs@16.0.11 want: *
2463 silly placeDep ROOT find-cache-dir@3.3.2 OK for: babel-loader@8.4.1 want: ^3.3.1
2464 silly placeDep ROOT make-dir@3.1.0 OK for: babel-loader@8.4.1 want: ^3.1.0
2465 silly placeDep node_modules/babel-loader schema-utils@2.7.1 OK for: babel-loader@8.4.1 want: ^2.6.5
2466 silly fetch manifest pkg-dir@^4.1.0
2467 silly packumentCache full:https://registry.npmjs.org/pkg-dir cache-miss
2468 silly fetch manifest make-dir@^3.0.2
2469 silly packumentCache full:https://registry.npmjs.org/make-dir cache-hit
2470 silly fetch manifest commondir@^1.0.1
2471 silly packumentCache full:https://registry.npmjs.org/commondir cache-miss
2472 silly fetch manifest semver@^6.0.0
2473 silly packumentCache full:https://registry.npmjs.org/semver cache-hit
2474 silly fetch manifest ajv-keywords@^3.5.2
2475 silly packumentCache full:https://registry.npmjs.org/ajv-keywords cache-hit
2476 silly fetch manifest @types/json-schema@^7.0.5
2477 silly packumentCache full:https://registry.npmjs.org/@types%2fjson-schema cache-hit
2478 http fetch GET 200 https://registry.npmjs.org/commondir 296ms (cache miss)
2479 silly packumentCache full:https://registry.npmjs.org/commondir set size:undefined disposed:false
2480 http fetch GET 200 https://registry.npmjs.org/pkg-dir 1004ms (cache miss)
2481 silly packumentCache full:https://registry.npmjs.org/pkg-dir set size:undefined disposed:false
2482 silly placeDep ROOT @istanbuljs/load-nyc-config@1.1.0 OK for: babel-plugin-istanbul@6.1.1 want: ^1.0.0
2483 silly placeDep ROOT @istanbuljs/schema@0.1.6 OK for: babel-plugin-istanbul@6.1.1 want: ^0.1.2
2484 silly placeDep ROOT istanbul-lib-instrument@5.2.1 OK for: babel-plugin-istanbul@6.1.1 want: ^5.0.4
2485 silly placeDep ROOT test-exclude@6.0.0 OK for: babel-plugin-istanbul@6.1.1 want: ^6.0.0
2486 silly fetch manifest camelcase@^5.3.1
2487 silly packumentCache full:https://registry.npmjs.org/camelcase cache-hit
2488 silly fetch manifest find-up@^4.1.0
2489 silly packumentCache full:https://registry.npmjs.org/find-up cache-hit
2490 silly fetch manifest get-package-type@^0.1.0
2491 silly packumentCache full:https://registry.npmjs.org/get-package-type cache-miss
2492 silly fetch manifest resolve-from@^5.0.0
2493 silly packumentCache full:https://registry.npmjs.org/resolve-from cache-miss
2494 silly fetch manifest semver@^6.3.0
2495 silly packumentCache full:https://registry.npmjs.org/semver cache-hit
2496 silly fetch manifest istanbul-lib-coverage@^3.2.0
2497 silly packumentCache full:https://registry.npmjs.org/istanbul-lib-coverage cache-miss
2498 silly fetch manifest glob@^7.1.4
2499 silly packumentCache full:https://registry.npmjs.org/glob cache-miss
2500 silly fetch manifest minimatch@^3.0.4
2501 silly packumentCache full:https://registry.npmjs.org/minimatch cache-hit
2502 http fetch GET 200 https://registry.npmjs.org/get-package-type 339ms (cache miss)
2503 silly packumentCache full:https://registry.npmjs.org/get-package-type set size:undefined disposed:false
2504 http fetch GET 200 https://registry.npmjs.org/istanbul-lib-coverage 758ms (cache miss)
2505 silly packumentCache full:https://registry.npmjs.org/istanbul-lib-coverage set size:undefined disposed:false
2506 http fetch GET 200 https://registry.npmjs.org/glob 1000ms (cache miss)
2507 silly packumentCache full:https://registry.npmjs.org/glob set size:undefined disposed:false
2508 http fetch GET 200 https://registry.npmjs.org/resolve-from 1035ms (cache miss)
2509 silly packumentCache full:https://registry.npmjs.org/resolve-from set size:undefined disposed:false
2510 silly placeDep node_modules/@istanbuljs/load-nyc-config camelcase@5.3.1 OK for: @istanbuljs/load-nyc-config@1.1.0 want: ^5.3.1
2511 silly placeDep ROOT find-up@4.1.0 OK for: @istanbuljs/load-nyc-config@1.1.0 want: ^4.1.0
2512 silly placeDep ROOT get-package-type@0.1.0 OK for: @istanbuljs/load-nyc-config@1.1.0 want: ^0.1.0
2513 silly placeDep ROOT js-yaml@3.14.2 OK for: @istanbuljs/load-nyc-config@1.1.0 want: ^3.13.1
2514 silly placeDep ROOT resolve-from@5.0.0 OK for: @istanbuljs/load-nyc-config@1.1.0 want: ^5.0.0
2515 silly fetch manifest locate-path@^5.0.0
2516 silly packumentCache full:https://registry.npmjs.org/locate-path cache-miss
2517 silly fetch manifest path-exists@^4.0.0
2518 silly packumentCache full:https://registry.npmjs.org/path-exists cache-miss
2519 silly fetch manifest esprima@^4.0.0
2520 silly packumentCache full:https://registry.npmjs.org/esprima cache-miss
2521 silly fetch manifest argparse@^1.0.7
2522 silly packumentCache full:https://registry.npmjs.org/argparse cache-miss
2523 http fetch GET 200 https://registry.npmjs.org/locate-path 280ms (cache miss)
2524 silly packumentCache full:https://registry.npmjs.org/locate-path set size:undefined disposed:false
2525 http fetch GET 200 https://registry.npmjs.org/path-exists 298ms (cache miss)
2526 silly packumentCache full:https://registry.npmjs.org/path-exists set size:undefined disposed:false
2527 http fetch GET 200 https://registry.npmjs.org/esprima 787ms (cache miss)
2528 silly packumentCache full:https://registry.npmjs.org/esprima set size:undefined disposed:false
2529 http fetch GET 200 https://registry.npmjs.org/argparse 815ms (cache miss)
2530 silly packumentCache full:https://registry.npmjs.org/argparse set size:undefined disposed:false
2531 silly placeDep ROOT @babel/helper-define-polyfill-provider@0.6.8 OK for: babel-plugin-polyfill-corejs2@0.4.17 want: ^0.6.8
2532 silly placeDep node_modules/babel-plugin-polyfill-corejs2 semver@6.3.1 OK for: babel-plugin-polyfill-corejs2@0.4.17 want: ^6.3.1
2533 silly fetch manifest lodash.debounce@^4.0.8
2534 silly packumentCache full:https://registry.npmjs.org/lodash.debounce cache-miss
2535 http fetch GET 200 https://registry.npmjs.org/lodash.debounce 285ms (cache miss)
2536 silly packumentCache full:https://registry.npmjs.org/lodash.debounce set size:undefined disposed:false
2537 silly placeDep ROOT lodash.debounce@4.0.8 OK for: @babel/helper-define-polyfill-provider@0.6.8 want: ^4.0.8
2538 silly placeDep ROOT babel-plugin-jest-hoist@27.5.1 OK for: babel-preset-jest@27.5.1 want: ^27.5.1
2539 silly placeDep ROOT babel-preset-current-node-syntax@1.2.0 OK for: babel-preset-jest@27.5.1 want: ^1.0.0
2540 silly fetch manifest @babel/plugin-syntax-async-generators@^7.8.4
2541 silly packumentCache full:https://registry.npmjs.org/@babel%2fplugin-syntax-async-generators cache-miss
2542 silly fetch manifest @babel/plugin-syntax-bigint@^7.8.3
2543 silly packumentCache full:https://registry.npmjs.org/@babel%2fplugin-syntax-bigint cache-miss
2544 silly fetch manifest @babel/plugin-syntax-class-properties@^7.12.13
2545 silly packumentCache full:https://registry.npmjs.org/@babel%2fplugin-syntax-class-properties cache-miss
2546 silly fetch manifest @babel/plugin-syntax-class-static-block@^7.14.5
2547 silly packumentCache full:https://registry.npmjs.org/@babel%2fplugin-syntax-class-static-block cache-miss
2548 silly fetch manifest @babel/plugin-syntax-import-meta@^7.10.4
2549 silly packumentCache full:https://registry.npmjs.org/@babel%2fplugin-syntax-import-meta cache-miss
2550 silly fetch manifest @babel/plugin-syntax-json-strings@^7.8.3
2551 silly packumentCache full:https://registry.npmjs.org/@babel%2fplugin-syntax-json-strings cache-miss
2552 silly fetch manifest @babel/plugin-syntax-logical-assignment-operators@^7.10.4
2553 silly packumentCache full:https://registry.npmjs.org/@babel%2fplugin-syntax-logical-assignment-operators cache-miss
2554 http fetch GET 200 https://registry.npmjs.org/@babel%2fplugin-syntax-class-static-block 286ms (cache miss)
2555 silly packumentCache full:https://registry.npmjs.org/@babel%2fplugin-syntax-class-static-block set size:undefined disposed:false
2556 silly fetch manifest @babel/plugin-syntax-nullish-coalescing-operator@^7.8.3
2557 silly packumentCache full:https://registry.npmjs.org/@babel%2fplugin-syntax-nullish-coalescing-operator cache-miss
2558 http fetch GET 200 https://registry.npmjs.org/@babel%2fplugin-syntax-bigint 728ms (cache miss)
2559 silly packumentCache full:https://registry.npmjs.org/@babel%2fplugin-syntax-bigint set size:undefined disposed:false
2560 silly fetch manifest @babel/plugin-syntax-numeric-separator@^7.10.4
2561 silly packumentCache full:https://registry.npmjs.org/@babel%2fplugin-syntax-numeric-separator cache-miss
2562 http fetch GET 200 https://registry.npmjs.org/@babel%2fplugin-syntax-nullish-coalescing-operator 693ms (cache miss)
2563 silly packumentCache full:https://registry.npmjs.org/@babel%2fplugin-syntax-nullish-coalescing-operator set size:undefined disposed:false
2564 silly fetch manifest @babel/plugin-syntax-object-rest-spread@^7.8.3
2565 silly packumentCache full:https://registry.npmjs.org/@babel%2fplugin-syntax-object-rest-spread cache-miss
2566 http fetch GET 200 https://registry.npmjs.org/@babel%2fplugin-syntax-logical-assignment-operators 1075ms (cache miss)
2567 silly packumentCache full:https://registry.npmjs.org/@babel%2fplugin-syntax-logical-assignment-operators set size:undefined disposed:false
2568 silly fetch manifest @babel/plugin-syntax-optional-catch-binding@^7.8.3
2569 silly packumentCache full:https://registry.npmjs.org/@babel%2fplugin-syntax-optional-catch-binding cache-miss
2570 http fetch GET 200 https://registry.npmjs.org/@babel%2fplugin-syntax-import-meta 1515ms (cache miss)
2571 silly packumentCache full:https://registry.npmjs.org/@babel%2fplugin-syntax-import-meta set size:undefined disposed:false
2572 silly fetch manifest @babel/plugin-syntax-optional-chaining@^7.8.3
2573 silly packumentCache full:https://registry.npmjs.org/@babel%2fplugin-syntax-optional-chaining cache-miss
2574 http fetch GET 200 https://registry.npmjs.org/@babel%2fplugin-syntax-object-rest-spread 651ms (cache miss)
2575 silly packumentCache full:https://registry.npmjs.org/@babel%2fplugin-syntax-object-rest-spread set size:undefined disposed:false
2576 silly fetch manifest @babel/plugin-syntax-private-property-in-object@^7.14.5
2577 silly packumentCache full:https://registry.npmjs.org/@babel%2fplugin-syntax-private-property-in-object cache-miss
2578 http fetch GET 200 https://registry.npmjs.org/@babel%2fplugin-syntax-async-generators 1682ms (cache miss)
2579 silly packumentCache full:https://registry.npmjs.org/@babel%2fplugin-syntax-async-generators set size:undefined disposed:false
2580 silly fetch manifest @babel/plugin-syntax-top-level-await@^7.14.5
2581 silly packumentCache full:https://registry.npmjs.org/@babel%2fplugin-syntax-top-level-await cache-miss
2582 http fetch GET 200 https://registry.npmjs.org/@babel%2fplugin-syntax-optional-catch-binding 654ms (cache miss)
2583 silly packumentCache full:https://registry.npmjs.org/@babel%2fplugin-syntax-optional-catch-binding set size:undefined disposed:false
2584 http fetch GET 200 https://registry.npmjs.org/@babel%2fplugin-syntax-json-strings 1753ms (cache miss)
2585 silly packumentCache full:https://registry.npmjs.org/@babel%2fplugin-syntax-json-strings set size:undefined disposed:false
2586 http fetch GET 200 https://registry.npmjs.org/@babel%2fplugin-syntax-class-properties 1781ms (cache miss)
2587 silly packumentCache full:https://registry.npmjs.org/@babel%2fplugin-syntax-class-properties set size:undefined disposed:false
2588 http fetch GET 200 https://registry.npmjs.org/@babel%2fplugin-syntax-numeric-separator 1114ms (cache miss)
2589 silly packumentCache full:https://registry.npmjs.org/@babel%2fplugin-syntax-numeric-separator set size:undefined disposed:false
2590 http fetch GET 200 https://registry.npmjs.org/@babel%2fplugin-syntax-top-level-await 494ms (cache miss)
2591 silly packumentCache full:https://registry.npmjs.org/@babel%2fplugin-syntax-top-level-await set size:undefined disposed:false
2592 http fetch GET 200 https://registry.npmjs.org/@babel%2fplugin-syntax-optional-chaining 1195ms (cache miss)
2593 silly packumentCache full:https://registry.npmjs.org/@babel%2fplugin-syntax-optional-chaining set size:undefined disposed:false
2594 http fetch GET 200 https://registry.npmjs.org/@babel%2fplugin-syntax-private-property-in-object 2460ms (cache miss)
2595 silly packumentCache full:https://registry.npmjs.org/@babel%2fplugin-syntax-private-property-in-object set size:undefined disposed:false
2596 silly placeDep ROOT @babel/plugin-syntax-async-generators@7.8.4 OK for: babel-preset-current-node-syntax@1.2.0 want: ^7.8.4
2597 silly placeDep ROOT @babel/plugin-syntax-bigint@7.8.3 OK for: babel-preset-current-node-syntax@1.2.0 want: ^7.8.3
2598 silly placeDep ROOT @babel/plugin-syntax-class-properties@7.12.13 OK for: babel-preset-current-node-syntax@1.2.0 want: ^7.12.13
2599 silly placeDep ROOT @babel/plugin-syntax-class-static-block@7.14.5 OK for: babel-preset-current-node-syntax@1.2.0 want: ^7.14.5
2600 silly placeDep ROOT @babel/plugin-syntax-import-meta@7.10.4 OK for: babel-preset-current-node-syntax@1.2.0 want: ^7.10.4
2601 silly placeDep ROOT @babel/plugin-syntax-json-strings@7.8.3 OK for: babel-preset-current-node-syntax@1.2.0 want: ^7.8.3
2602 silly placeDep ROOT @babel/plugin-syntax-logical-assignment-operators@7.10.4 OK for: babel-preset-current-node-syntax@1.2.0 want: ^7.10.4
2603 silly placeDep ROOT @babel/plugin-syntax-nullish-coalescing-operator@7.8.3 OK for: babel-preset-current-node-syntax@1.2.0 want: ^7.8.3
2604 silly placeDep ROOT @babel/plugin-syntax-numeric-separator@7.10.4 OK for: babel-preset-current-node-syntax@1.2.0 want: ^7.10.4
2605 silly placeDep ROOT @babel/plugin-syntax-object-rest-spread@7.8.3 OK for: babel-preset-current-node-syntax@1.2.0 want: ^7.8.3
2606 silly placeDep ROOT @babel/plugin-syntax-optional-catch-binding@7.8.3 OK for: babel-preset-current-node-syntax@1.2.0 want: ^7.8.3
2607 silly placeDep ROOT @babel/plugin-syntax-optional-chaining@7.8.3 OK for: babel-preset-current-node-syntax@1.2.0 want: ^7.8.3
2608 silly placeDep ROOT @babel/plugin-syntax-private-property-in-object@7.14.5 OK for: babel-preset-current-node-syntax@1.2.0 want: ^7.14.5
2609 silly placeDep ROOT @babel/plugin-syntax-top-level-await@7.14.5 OK for: babel-preset-current-node-syntax@1.2.0 want: ^7.14.5
2610 silly placeDep ROOT @babel/plugin-proposal-class-properties@7.18.6 OK for: babel-preset-react-app@10.1.0 want: ^7.16.0
2611 silly placeDep ROOT @babel/plugin-proposal-decorators@7.29.0 OK for: babel-preset-react-app@10.1.0 want: ^7.16.4
2612 silly placeDep ROOT @babel/plugin-proposal-nullish-coalescing-operator@7.18.6 OK for: babel-preset-react-app@10.1.0 want: ^7.16.0
2613 silly placeDep ROOT @babel/plugin-proposal-numeric-separator@7.18.6 OK for: babel-preset-react-app@10.1.0 want: ^7.16.0
2614 silly placeDep ROOT @babel/plugin-proposal-optional-chaining@7.21.0 OK for: babel-preset-react-app@10.1.0 want: ^7.16.0
2615 silly placeDep ROOT @babel/plugin-proposal-private-methods@7.18.6 OK for: babel-preset-react-app@10.1.0 want: ^7.16.0
2616 silly placeDep node_modules/babel-preset-react-app @babel/plugin-proposal-private-property-in-object@7.21.11 OK for: babel-preset-react-app@10.1.0 want: ^7.16.7
2617 silly placeDep ROOT @babel/plugin-transform-flow-strip-types@7.27.1 OK for: babel-preset-react-app@10.1.0 want: ^7.16.0
2618 silly placeDep ROOT @babel/plugin-transform-runtime@7.29.0 OK for: babel-preset-react-app@10.1.0 want: ^7.16.4
2619 silly placeDep ROOT @babel/preset-typescript@7.28.5 OK for: babel-preset-react-app@10.1.0 want: ^7.16.0
2620 silly placeDep ROOT @babel/runtime@7.29.2 OK for: babel-preset-react-app@10.1.0 want: ^7.16.3
2621 silly placeDep ROOT babel-plugin-macros@3.1.0 OK for: babel-preset-react-app@10.1.0 want: ^3.1.0
2622 silly placeDep ROOT babel-plugin-transform-react-remove-prop-types@0.4.24 OK for: babel-preset-react-app@10.1.0 want: ^0.4.24
2623 silly fetch manifest @babel/plugin-syntax-decorators@^7.28.6
2624 silly packumentCache full:https://registry.npmjs.org/@babel%2fplugin-syntax-decorators cache-miss
2625 silly fetch manifest @babel/plugin-syntax-flow@^7.27.1
2626 silly packumentCache full:https://registry.npmjs.org/@babel%2fplugin-syntax-flow cache-miss
2627 silly fetch manifest babel-plugin-polyfill-corejs3@^0.13.0
2628 silly packumentCache full:https://registry.npmjs.org/babel-plugin-polyfill-corejs3 cache-hit
2629 silly fetch manifest @babel/plugin-transform-typescript@^7.28.5
2630 silly packumentCache full:https://registry.npmjs.org/@babel%2fplugin-transform-typescript cache-miss
2631 http fetch GET 200 https://registry.npmjs.org/@babel%2fplugin-syntax-decorators 1051ms (cache miss)
2632 silly packumentCache full:https://registry.npmjs.org/@babel%2fplugin-syntax-decorators set size:undefined disposed:false
2633 http fetch GET 200 https://registry.npmjs.org/@babel%2fplugin-syntax-flow 3430ms (cache miss)
2634 silly packumentCache full:https://registry.npmjs.org/@babel%2fplugin-syntax-flow set size:undefined disposed:false
2635 http fetch GET 200 https://registry.npmjs.org/@babel%2fplugin-transform-typescript 4839ms (cache miss)
2636 silly packumentCache full:https://registry.npmjs.org/@babel%2fplugin-transform-typescript set size:undefined disposed:false
2637 silly placeDep ROOT @babel/plugin-syntax-decorators@7.28.6 OK for: @babel/plugin-proposal-decorators@7.29.0 want: ^7.28.6
2638 silly placeDep ROOT @babel/plugin-syntax-flow@7.28.6 OK for: @babel/plugin-transform-flow-strip-types@7.27.1 want: ^7.27.1
2639 silly placeDep node_modules/@babel/plugin-transform-runtime babel-plugin-polyfill-corejs3@0.13.0 OK for: @babel/plugin-transform-runtime@7.29.0 want: ^0.13.0
2640 silly placeDep node_modules/@babel/plugin-transform-runtime semver@6.3.1 OK for: @babel/plugin-transform-runtime@7.29.0 want: ^6.3.1
2641 silly placeDep ROOT @babel/plugin-transform-typescript@7.28.6 OK for: @babel/preset-typescript@7.28.5 want: ^7.28.5
2642 silly fetch manifest @babel/plugin-syntax-typescript@^7.28.6
2643 silly packumentCache full:https://registry.npmjs.org/@babel%2fplugin-syntax-typescript cache-miss
2644 http fetch GET 200 https://registry.npmjs.org/@babel%2fplugin-syntax-typescript 888ms (cache miss)
2645 silly packumentCache full:https://registry.npmjs.org/@babel%2fplugin-syntax-typescript set size:undefined disposed:false
2646 silly placeDep ROOT @babel/plugin-syntax-typescript@7.28.6 OK for: @babel/plugin-transform-typescript@7.28.6 want: ^7.28.6
2647 silly placeDep ROOT bluebird@3.7.2 OK for: bfj@7.1.0 want: ^3.7.2
2648 silly placeDep ROOT check-types@11.2.3 OK for: bfj@7.1.0 want: ^11.2.3
2649 silly placeDep ROOT hoopy@0.1.4 OK for: bfj@7.1.0 want: ^0.1.4
2650 silly placeDep ROOT jsonpath@1.3.0 OK for: bfj@7.1.0 want: ^1.1.1
2651 silly placeDep ROOT tryer@1.0.1 OK for: bfj@7.1.0 want: ^1.0.1
2652 silly fetch manifest esprima@1.2.5
2653 silly packumentCache full:https://registry.npmjs.org/esprima cache-miss
2654 silly fetch manifest static-eval@2.1.1
2655 silly packumentCache full:https://registry.npmjs.org/static-eval cache-miss
2656 silly fetch manifest underscore@1.13.6
2657 silly packumentCache full:https://registry.npmjs.org/underscore cache-miss
2658 http cache https://registry.npmjs.org/esprima 33ms (cache hit)
2659 silly packumentCache full:https://registry.npmjs.org/esprima set size:118410 disposed:false
2660 http fetch GET 200 https://registry.npmjs.org/underscore 684ms (cache miss)
2661 silly packumentCache full:https://registry.npmjs.org/underscore set size:undefined disposed:false
2662 http fetch GET 200 https://registry.npmjs.org/static-eval 956ms (cache miss)
2663 silly packumentCache full:https://registry.npmjs.org/static-eval set size:undefined disposed:false
2664 silly placeDep ROOT baseline-browser-mapping@2.10.27 OK for: browserslist@4.28.2 want: ^2.10.12
2665 silly placeDep ROOT caniuse-lite@1.0.30001791 OK for: browserslist@4.28.2 want: ^1.0.30001782
2666 silly placeDep ROOT electron-to-chromium@1.5.349 OK for: browserslist@4.28.2 want: ^1.5.328
2667 silly placeDep ROOT node-releases@2.0.38 OK for: browserslist@4.28.2 want: ^2.0.36
2668 silly placeDep ROOT update-browserslist-db@1.2.3 OK for: browserslist@4.28.2 want: ^1.2.3
2669 silly fetch manifest escalade@^3.2.0
2670 silly packumentCache full:https://registry.npmjs.org/escalade cache-miss
2671 http fetch GET 200 https://registry.npmjs.org/escalade 525ms (cache miss)
2672 silly packumentCache full:https://registry.npmjs.org/escalade set size:undefined disposed:false
2673 silly placeDep ROOT ansi-styles@4.3.0 OK for: chalk@4.1.2 want: ^4.1.0
2674 silly placeDep ROOT supports-color@7.2.0 OK for: chalk@4.1.2 want: ^7.1.0
2675 silly fetch manifest color-convert@^2.0.1
2676 silly packumentCache full:https://registry.npmjs.org/color-convert cache-miss
2677 silly fetch manifest has-flag@^4.0.0
2678 silly packumentCache full:https://registry.npmjs.org/has-flag cache-miss
2679 http fetch GET 200 https://registry.npmjs.org/has-flag 264ms (cache revalidated)
2680 silly packumentCache full:https://registry.npmjs.org/has-flag set size:15180 disposed:false
2681 http fetch GET 200 https://registry.npmjs.org/color-convert 341ms (cache revalidated)
2682 silly packumentCache full:https://registry.npmjs.org/color-convert set size:72663 disposed:false
2683 silly placeDep ROOT color-convert@2.0.1 OK for: ansi-styles@4.3.0 want: ^2.0.1
2684 silly fetch manifest color-name@~1.1.4
2685 silly packumentCache full:https://registry.npmjs.org/color-name cache-miss
2686 http fetch GET 200 https://registry.npmjs.org/color-name 305ms (cache revalidated)
2687 silly packumentCache full:https://registry.npmjs.org/color-name set size:19467 disposed:false
2688 silly placeDep ROOT color-name@1.1.4 OK for: color-convert@2.0.1 want: ~1.1.4
2689 silly placeDep ROOT @types/parse-json@4.0.2 OK for: cosmiconfig@7.1.0 want: ^4.0.0
2690 silly placeDep ROOT import-fresh@3.3.1 OK for: cosmiconfig@7.1.0 want: ^3.2.1
2691 silly placeDep ROOT parse-json@5.2.0 OK for: cosmiconfig@7.1.0 want: ^5.0.0
2692 silly placeDep ROOT path-type@4.0.0 OK for: cosmiconfig@7.1.0 want: ^4.0.0
2693 silly placeDep ROOT yaml@1.10.3 OK for: cosmiconfig@7.1.0 want: ^1.10.0
2694 silly fetch manifest resolve-from@^4.0.0
2695 silly packumentCache full:https://registry.npmjs.org/resolve-from cache-miss
2696 silly fetch manifest parent-module@^1.0.0
2697 silly packumentCache full:https://registry.npmjs.org/parent-module cache-miss
2698 silly fetch manifest error-ex@^1.3.1
2699 silly packumentCache full:https://registry.npmjs.org/error-ex cache-miss
2700 silly fetch manifest lines-and-columns@^1.1.6
2701 silly packumentCache full:https://registry.npmjs.org/lines-and-columns cache-miss
2702 silly fetch manifest json-parse-even-better-errors@^2.3.0
2703 silly packumentCache full:https://registry.npmjs.org/json-parse-even-better-errors cache-miss
2704 http cache https://registry.npmjs.org/resolve-from 31ms (cache hit)
2705 silly packumentCache full:https://registry.npmjs.org/resolve-from set size:12911 disposed:false
2706 http fetch GET 200 https://registry.npmjs.org/lines-and-columns 672ms (cache miss)
2707 silly packumentCache full:https://registry.npmjs.org/lines-and-columns set size:undefined disposed:false
2708 http fetch GET 200 https://registry.npmjs.org/json-parse-even-better-errors 997ms (cache miss)
2709 silly packumentCache full:https://registry.npmjs.org/json-parse-even-better-errors set size:undefined disposed:false
2710 http fetch GET 200 https://registry.npmjs.org/parent-module 1656ms (cache miss)
2711 silly packumentCache full:https://registry.npmjs.org/parent-module set size:undefined disposed:false
2712 http fetch GET 200 https://registry.npmjs.org/error-ex 1917ms (cache miss)
2713 silly packumentCache full:https://registry.npmjs.org/error-ex set size:undefined disposed:false
2714 silly placeDep ROOT icss-utils@5.1.0 OK for: css-loader@6.11.0 want: ^5.1.0
2715 silly placeDep ROOT postcss-modules-extract-imports@3.1.0 OK for: css-loader@6.11.0 want: ^3.1.0
2716 silly placeDep ROOT postcss-modules-local-by-default@4.2.0 OK for: css-loader@6.11.0 want: ^4.0.5
2717 silly placeDep ROOT postcss-modules-scope@3.2.1 OK for: css-loader@6.11.0 want: ^3.2.0
2718 silly placeDep ROOT postcss-modules-values@4.0.0 OK for: css-loader@6.11.0 want: ^4.0.0
2719 silly placeDep ROOT postcss-value-parser@4.2.0 OK for: css-loader@6.11.0 want: ^4.2.0
2720 silly fetch manifest postcss-selector-parser@^7.0.0
2721 silly packumentCache full:https://registry.npmjs.org/postcss-selector-parser cache-hit
2722 silly fetch manifest postcss-value-parser@^4.1.0
2723 silly packumentCache full:https://registry.npmjs.org/postcss-value-parser cache-hit
2724 silly fetch manifest postcss-selector-parser@^7.0.0
2725 silly packumentCache full:https://registry.npmjs.org/postcss-selector-parser cache-hit
2726 silly placeDep ROOT cssnano@5.1.15 OK for: css-minimizer-webpack-plugin@3.4.1 want: ^5.0.6
2727 silly placeDep ROOT jest-worker@27.5.1 OK for: css-minimizer-webpack-plugin@3.4.1 want: ^27.0.2
2728 silly placeDep ROOT serialize-javascript@6.0.2 OK for: css-minimizer-webpack-plugin@3.4.1 want: ^6.0.0
2729 silly placeDep node_modules/css-minimizer-webpack-plugin source-map@0.6.1 OK for: css-minimizer-webpack-plugin@3.4.1 want: ^0.6.1
2730 silly fetch manifest lilconfig@^2.0.3
2731 silly packumentCache full:https://registry.npmjs.org/lilconfig cache-hit
2732 silly fetch manifest cssnano-preset-default@^5.2.14
2733 silly packumentCache full:https://registry.npmjs.org/cssnano-preset-default cache-miss
2734 silly fetch manifest merge-stream@^2.0.0
2735 silly packumentCache full:https://registry.npmjs.org/merge-stream cache-miss
2736 silly fetch manifest supports-color@^8.0.0
2737 silly packumentCache full:https://registry.npmjs.org/supports-color cache-hit
2738 silly fetch manifest randombytes@^2.1.0
2739 silly packumentCache full:https://registry.npmjs.org/randombytes cache-miss
2740 http fetch GET 200 https://registry.npmjs.org/merge-stream 280ms (cache revalidated)
2741 silly packumentCache full:https://registry.npmjs.org/merge-stream set size:22168 disposed:false
2742 http fetch GET 200 https://registry.npmjs.org/randombytes 417ms (cache miss)
2743 silly packumentCache full:https://registry.npmjs.org/randombytes set size:undefined disposed:false
2744 http fetch GET 200 https://registry.npmjs.org/cssnano-preset-default 2060ms (cache miss)
2745 silly packumentCache full:https://registry.npmjs.org/cssnano-preset-default set size:undefined disposed:false
2746 silly placeDep ROOT cssnano-preset-default@5.2.14 OK for: cssnano@5.1.15 want: ^5.2.14
2747 silly placeDep ROOT lilconfig@2.1.0 OK for: cssnano@5.1.15 want: ^2.0.3
2748 silly fetch manifest postcss-calc@^8.2.3
2749 silly packumentCache full:https://registry.npmjs.org/postcss-calc cache-miss
2750 silly fetch manifest postcss-svgo@^5.1.0
2751 silly packumentCache full:https://registry.npmjs.org/postcss-svgo cache-miss
2752 silly fetch manifest cssnano-utils@^3.1.0
2753 silly packumentCache full:https://registry.npmjs.org/cssnano-utils cache-miss
2754 silly fetch manifest postcss-colormin@^5.3.1
2755 silly packumentCache full:https://registry.npmjs.org/postcss-colormin cache-miss
2756 silly fetch manifest postcss-merge-rules@^5.1.4
2757 silly packumentCache full:https://registry.npmjs.org/postcss-merge-rules cache-miss
2758 silly fetch manifest postcss-discard-empty@^5.1.1
2759 silly packumentCache full:https://registry.npmjs.org/postcss-discard-empty cache-miss
2760 silly fetch manifest postcss-minify-params@^5.1.4
2761 silly packumentCache full:https://registry.npmjs.org/postcss-minify-params cache-miss
2762 http fetch GET 200 https://registry.npmjs.org/cssnano-utils 697ms (cache miss)
2763 silly packumentCache full:https://registry.npmjs.org/cssnano-utils set size:undefined disposed:false
2764 silly fetch manifest postcss-normalize-url@^5.1.0
2765 silly packumentCache full:https://registry.npmjs.org/postcss-normalize-url cache-miss
2766 http fetch GET 200 https://registry.npmjs.org/postcss-calc 1236ms (cache miss)
2767 silly packumentCache full:https://registry.npmjs.org/postcss-calc set size:undefined disposed:false
2768 silly fetch manifest css-declaration-sorter@^6.3.1
2769 silly packumentCache full:https://registry.npmjs.org/css-declaration-sorter cache-miss
2770 http fetch GET 200 https://registry.npmjs.org/postcss-svgo 1281ms (cache miss)
2771 silly packumentCache full:https://registry.npmjs.org/postcss-svgo set size:undefined disposed:false
2772 silly fetch manifest postcss-convert-values@^5.1.3
2773 silly packumentCache full:https://registry.npmjs.org/postcss-convert-values cache-miss
2774 http fetch GET 200 https://registry.npmjs.org/postcss-discard-empty 1303ms (cache miss)
2775 silly packumentCache full:https://registry.npmjs.org/postcss-discard-empty set size:undefined disposed:false
2776 silly fetch manifest postcss-merge-longhand@^5.1.7
2777 silly packumentCache full:https://registry.npmjs.org/postcss-merge-longhand cache-miss
2778 http fetch GET 200 https://registry.npmjs.org/postcss-merge-rules 1739ms (cache miss)
2779 silly packumentCache full:https://registry.npmjs.org/postcss-merge-rules set size:undefined disposed:false
2780 silly fetch manifest postcss-ordered-values@^5.1.3
2781 silly packumentCache full:https://registry.npmjs.org/postcss-ordered-values cache-miss
2782 http fetch GET 200 https://registry.npmjs.org/postcss-normalize-url 1344ms (cache miss)
2783 silly packumentCache full:https://registry.npmjs.org/postcss-normalize-url set size:undefined disposed:false
2784 silly fetch manifest postcss-reduce-initial@^5.1.2
2785 silly packumentCache full:https://registry.npmjs.org/postcss-reduce-initial cache-miss
2786 http fetch GET 200 https://registry.npmjs.org/postcss-merge-longhand 979ms (cache miss)
2787 silly packumentCache full:https://registry.npmjs.org/postcss-merge-longhand set size:undefined disposed:false
2788 silly fetch manifest postcss-discard-comments@^5.1.2
2789 silly packumentCache full:https://registry.npmjs.org/postcss-discard-comments cache-miss
2790 http fetch GET 200 https://registry.npmjs.org/postcss-colormin 2481ms (cache miss)
2791 silly packumentCache full:https://registry.npmjs.org/postcss-colormin set size:undefined disposed:false
2792 silly fetch manifest postcss-minify-gradients@^5.1.1
2793 silly packumentCache full:https://registry.npmjs.org/postcss-minify-gradients cache-miss
2794 http fetch GET 200 https://registry.npmjs.org/css-declaration-sorter 1390ms (cache miss)
2795 silly packumentCache full:https://registry.npmjs.org/css-declaration-sorter set size:undefined disposed:false
2796 silly fetch manifest postcss-minify-selectors@^5.2.1
2797 silly packumentCache full:https://registry.npmjs.org/postcss-minify-selectors cache-miss
2798 http fetch GET 200 https://registry.npmjs.org/postcss-ordered-values 1060ms (cache miss)
2799 silly packumentCache full:https://registry.npmjs.org/postcss-ordered-values set size:undefined disposed:false
2800 silly fetch manifest postcss-normalize-string@^5.1.0
2801 silly packumentCache full:https://registry.npmjs.org/postcss-normalize-string cache-miss
2802 http fetch GET 200 https://registry.npmjs.org/postcss-minify-params 2930ms (cache miss)
2803 silly packumentCache full:https://registry.npmjs.org/postcss-minify-params set size:undefined disposed:false
2804 silly fetch manifest postcss-unique-selectors@^5.1.1
2805 silly packumentCache full:https://registry.npmjs.org/postcss-unique-selectors cache-miss
2806 http fetch GET 200 https://registry.npmjs.org/postcss-discard-comments 933ms (cache miss)
2807 silly packumentCache full:https://registry.npmjs.org/postcss-discard-comments set size:undefined disposed:false
2808 silly fetch manifest postcss-normalize-charset@^5.1.0
2809 silly packumentCache full:https://registry.npmjs.org/postcss-normalize-charset cache-miss
2810 http fetch GET 200 https://registry.npmjs.org/postcss-reduce-initial 1411ms (cache miss)
2811 silly packumentCache full:https://registry.npmjs.org/postcss-reduce-initial set size:undefined disposed:false
2812 silly fetch manifest postcss-normalize-unicode@^5.1.1
2813 silly packumentCache full:https://registry.npmjs.org/postcss-normalize-unicode cache-miss
2814 http fetch GET 200 https://registry.npmjs.org/postcss-minify-selectors 1209ms (cache miss)
2815 silly packumentCache full:https://registry.npmjs.org/postcss-minify-selectors set size:undefined disposed:false
2816 silly fetch manifest postcss-reduce-transforms@^5.1.0
2817 silly packumentCache full:https://registry.npmjs.org/postcss-reduce-transforms cache-miss
2818 http fetch GET 200 https://registry.npmjs.org/postcss-convert-values 2729ms (cache miss)
2819 silly packumentCache full:https://registry.npmjs.org/postcss-convert-values set size:undefined disposed:false
2820 silly fetch manifest postcss-discard-duplicates@^5.1.0
2821 silly packumentCache full:https://registry.npmjs.org/postcss-discard-duplicates cache-miss
2822 http fetch GET 200 https://registry.npmjs.org/postcss-normalize-string 1256ms (cache miss)
2823 silly packumentCache full:https://registry.npmjs.org/postcss-normalize-string set size:undefined disposed:false
2824 silly fetch manifest postcss-discard-overridden@^5.1.0
2825 silly packumentCache full:https://registry.npmjs.org/postcss-discard-overridden cache-miss
2826 http fetch GET 200 https://registry.npmjs.org/postcss-normalize-charset 948ms (cache miss)
2827 silly packumentCache full:https://registry.npmjs.org/postcss-normalize-charset set size:undefined disposed:false
2828 silly fetch manifest postcss-minify-font-values@^5.1.0
2829 silly packumentCache full:https://registry.npmjs.org/postcss-minify-font-values cache-miss
2830 http fetch GET 200 https://registry.npmjs.org/postcss-normalize-unicode 776ms (cache miss)
2831 silly packumentCache full:https://registry.npmjs.org/postcss-normalize-unicode set size:undefined disposed:false
2832 silly fetch manifest postcss-normalize-positions@^5.1.1
2833 silly packumentCache full:https://registry.npmjs.org/postcss-normalize-positions cache-miss
2834 http fetch GET 200 https://registry.npmjs.org/postcss-minify-gradients 2169ms (cache miss)
2835 silly packumentCache full:https://registry.npmjs.org/postcss-minify-gradients set size:undefined disposed:false
2836 silly fetch manifest postcss-normalize-whitespace@^5.1.1
2837 silly packumentCache full:https://registry.npmjs.org/postcss-normalize-whitespace cache-miss
2838 http fetch GET 200 https://registry.npmjs.org/postcss-unique-selectors 1851ms (cache miss)
2839 silly packumentCache full:https://registry.npmjs.org/postcss-unique-selectors set size:undefined disposed:false
2840 silly fetch manifest postcss-normalize-repeat-style@^5.1.1
2841 silly packumentCache full:https://registry.npmjs.org/postcss-normalize-repeat-style cache-miss
2842 http fetch GET 200 https://registry.npmjs.org/postcss-discard-duplicates 1127ms (cache miss)
2843 silly packumentCache full:https://registry.npmjs.org/postcss-discard-duplicates set size:undefined disposed:false
2844 silly fetch manifest postcss-normalize-display-values@^5.1.0
2845 silly packumentCache full:https://registry.npmjs.org/postcss-normalize-display-values cache-miss
2846 http fetch GET 200 https://registry.npmjs.org/postcss-minify-font-values 969ms (cache miss)
2847 silly packumentCache full:https://registry.npmjs.org/postcss-minify-font-values set size:undefined disposed:false
2848 silly fetch manifest postcss-normalize-timing-functions@^5.1.0
2849 silly packumentCache full:https://registry.npmjs.org/postcss-normalize-timing-functions cache-miss
2850 http fetch GET 200 https://registry.npmjs.org/postcss-reduce-transforms 1531ms (cache miss)
2851 silly packumentCache full:https://registry.npmjs.org/postcss-reduce-transforms set size:undefined disposed:false
2852 http fetch GET 200 https://registry.npmjs.org/postcss-discard-overridden 1493ms (cache miss)
2853 silly packumentCache full:https://registry.npmjs.org/postcss-discard-overridden set size:undefined disposed:false
2854 http fetch GET 200 https://registry.npmjs.org/postcss-normalize-display-values 825ms (cache miss)
2855 silly packumentCache full:https://registry.npmjs.org/postcss-normalize-display-values set size:undefined disposed:false
2856 http fetch GET 200 https://registry.npmjs.org/postcss-normalize-positions 1847ms (cache miss)
2857 silly packumentCache full:https://registry.npmjs.org/postcss-normalize-positions set size:undefined disposed:false
2858 http fetch GET 200 https://registry.npmjs.org/postcss-normalize-whitespace 1961ms (cache miss)
2859 silly packumentCache full:https://registry.npmjs.org/postcss-normalize-whitespace set size:undefined disposed:false
2860 http fetch GET 200 https://registry.npmjs.org/postcss-normalize-timing-functions 1493ms (cache miss)
2861 silly packumentCache full:https://registry.npmjs.org/postcss-normalize-timing-functions set size:undefined disposed:false
2862 http fetch GET 200 https://registry.npmjs.org/postcss-normalize-repeat-style 2480ms (cache miss)
2863 silly packumentCache full:https://registry.npmjs.org/postcss-normalize-repeat-style set size:undefined disposed:false
2864 silly placeDep ROOT css-declaration-sorter@6.4.1 OK for: cssnano-preset-default@5.2.14 want: ^6.3.1
2865 silly placeDep ROOT cssnano-utils@3.1.0 OK for: cssnano-preset-default@5.2.14 want: ^3.1.0
2866 silly placeDep ROOT postcss-calc@8.2.4 OK for: cssnano-preset-default@5.2.14 want: ^8.2.3
2867 silly placeDep ROOT postcss-colormin@5.3.1 OK for: cssnano-preset-default@5.2.14 want: ^5.3.1
2868 silly placeDep ROOT postcss-convert-values@5.1.3 OK for: cssnano-preset-default@5.2.14 want: ^5.1.3
2869 silly placeDep ROOT postcss-discard-comments@5.1.2 OK for: cssnano-preset-default@5.2.14 want: ^5.1.2
2870 silly placeDep ROOT postcss-discard-duplicates@5.1.0 OK for: cssnano-preset-default@5.2.14 want: ^5.1.0
2871 silly placeDep ROOT postcss-discard-empty@5.1.1 OK for: cssnano-preset-default@5.2.14 want: ^5.1.1
2872 silly placeDep ROOT postcss-discard-overridden@5.1.0 OK for: cssnano-preset-default@5.2.14 want: ^5.1.0
2873 silly placeDep ROOT postcss-merge-longhand@5.1.7 OK for: cssnano-preset-default@5.2.14 want: ^5.1.7
2874 silly placeDep ROOT postcss-merge-rules@5.1.4 OK for: cssnano-preset-default@5.2.14 want: ^5.1.4
2875 silly placeDep ROOT postcss-minify-font-values@5.1.0 OK for: cssnano-preset-default@5.2.14 want: ^5.1.0
2876 silly placeDep ROOT postcss-minify-gradients@5.1.1 OK for: cssnano-preset-default@5.2.14 want: ^5.1.1
2877 silly placeDep ROOT postcss-minify-params@5.1.4 OK for: cssnano-preset-default@5.2.14 want: ^5.1.4
2878 silly placeDep ROOT postcss-minify-selectors@5.2.1 OK for: cssnano-preset-default@5.2.14 want: ^5.2.1
2879 silly placeDep ROOT postcss-normalize-charset@5.1.0 OK for: cssnano-preset-default@5.2.14 want: ^5.1.0
2880 silly placeDep ROOT postcss-normalize-display-values@5.1.0 OK for: cssnano-preset-default@5.2.14 want: ^5.1.0
2881 silly placeDep ROOT postcss-normalize-positions@5.1.1 OK for: cssnano-preset-default@5.2.14 want: ^5.1.1
2882 silly placeDep ROOT postcss-normalize-repeat-style@5.1.1 OK for: cssnano-preset-default@5.2.14 want: ^5.1.1
2883 silly placeDep ROOT postcss-normalize-string@5.1.0 OK for: cssnano-preset-default@5.2.14 want: ^5.1.0
2884 silly placeDep ROOT postcss-normalize-timing-functions@5.1.0 OK for: cssnano-preset-default@5.2.14 want: ^5.1.0
2885 silly placeDep ROOT postcss-normalize-unicode@5.1.1 OK for: cssnano-preset-default@5.2.14 want: ^5.1.1
2886 silly placeDep ROOT postcss-normalize-url@5.1.0 OK for: cssnano-preset-default@5.2.14 want: ^5.1.0
2887 silly placeDep ROOT postcss-normalize-whitespace@5.1.1 OK for: cssnano-preset-default@5.2.14 want: ^5.1.1
2888 silly placeDep ROOT postcss-ordered-values@5.1.3 OK for: cssnano-preset-default@5.2.14 want: ^5.1.3
2889 silly placeDep ROOT postcss-reduce-initial@5.1.2 OK for: cssnano-preset-default@5.2.14 want: ^5.1.2
2890 silly placeDep ROOT postcss-reduce-transforms@5.1.0 OK for: cssnano-preset-default@5.2.14 want: ^5.1.0
2891 silly placeDep ROOT postcss-svgo@5.1.0 OK for: cssnano-preset-default@5.2.14 want: ^5.1.0
2892 silly placeDep ROOT postcss-unique-selectors@5.1.1 OK for: cssnano-preset-default@5.2.14 want: ^5.1.1
2893 silly fetch manifest postcss-selector-parser@^6.0.9
2894 silly packumentCache full:https://registry.npmjs.org/postcss-selector-parser cache-hit
2895 silly fetch manifest colord@^2.9.1
2896 silly packumentCache full:https://registry.npmjs.org/colord cache-miss
2897 silly fetch manifest caniuse-api@^3.0.0
2898 silly packumentCache full:https://registry.npmjs.org/caniuse-api cache-miss
2899 silly fetch manifest stylehacks@^5.1.1
2900 silly packumentCache full:https://registry.npmjs.org/stylehacks cache-miss
2901 silly fetch manifest caniuse-api@^3.0.0
2902 silly packumentCache full:https://registry.npmjs.org/caniuse-api cache-miss
2903 silly fetch manifest postcss-selector-parser@^6.0.5
2904 silly packumentCache full:https://registry.npmjs.org/postcss-selector-parser cache-hit
2905 silly fetch manifest colord@^2.9.1
2906 silly packumentCache full:https://registry.npmjs.org/colord cache-miss
2907 silly fetch manifest normalize-url@^6.0.1
2908 silly packumentCache full:https://registry.npmjs.org/normalize-url cache-miss
2909 silly fetch manifest caniuse-api@^3.0.0
2910 silly packumentCache full:https://registry.npmjs.org/caniuse-api cache-miss
2911 http fetch GET 200 https://registry.npmjs.org/caniuse-api 360ms (cache miss)
2912 silly packumentCache full:https://registry.npmjs.org/caniuse-api set size:undefined disposed:false
2913 silly fetch manifest svgo@^2.7.0
2914 silly packumentCache full:https://registry.npmjs.org/svgo cache-hit
2915 http fetch GET 200 https://registry.npmjs.org/caniuse-api 605ms (cache miss)
2916 silly packumentCache full:https://registry.npmjs.org/caniuse-api set size:undefined disposed:false
2917 http fetch GET 200 https://registry.npmjs.org/caniuse-api 743ms (cache miss)
2918 silly packumentCache full:https://registry.npmjs.org/caniuse-api set size:undefined disposed:false
2919 http fetch GET 200 https://registry.npmjs.org/stylehacks 1087ms (cache miss)
2920 silly packumentCache full:https://registry.npmjs.org/stylehacks set size:undefined disposed:false
2921 http fetch GET 200 https://registry.npmjs.org/normalize-url 1196ms (cache miss)
2922 silly packumentCache full:https://registry.npmjs.org/normalize-url set size:undefined disposed:false
2923 http fetch GET 200 https://registry.npmjs.org/colord 2191ms (cache miss)
2924 silly packumentCache full:https://registry.npmjs.org/colord set size:undefined disposed:false
2925 http fetch GET 200 https://registry.npmjs.org/colord 2721ms (cache miss)
2926 silly packumentCache full:https://registry.npmjs.org/colord set size:undefined disposed:false
2927 silly placeDep ROOT ms@2.1.3 OK for: debug@4.4.3 want: ^2.1.3
2928 silly placeDep ROOT stackframe@1.3.4 OK for: error-stack-parser@2.1.4 want: ^1.3.4
2929 silly placeDep ROOT @eslint-community/eslint-utils@4.9.1 OK for: eslint@8.57.1 want: ^4.2.0
2930 silly placeDep ROOT @eslint-community/regexpp@4.12.2 OK for: eslint@8.57.1 want: ^4.6.1
2931 silly placeDep ROOT @eslint/eslintrc@2.1.4 OK for: eslint@8.57.1 want: ^2.1.4
2932 silly placeDep ROOT @eslint/js@8.57.1 OK for: eslint@8.57.1 want: 8.57.1
2933 silly placeDep ROOT @humanwhocodes/config-array@0.13.0 OK for: eslint@8.57.1 want: ^0.13.0
2934 silly placeDep ROOT @humanwhocodes/module-importer@1.0.1 OK for: eslint@8.57.1 want: ^1.0.1
2935 silly placeDep ROOT @nodelib/fs.walk@1.2.8 OK for: eslint@8.57.1 want: ^1.2.8
2936 silly placeDep ROOT @ungap/structured-clone@1.3.0 OK for: eslint@8.57.1 want: ^1.2.0
2937 silly placeDep ROOT ajv@6.15.0 OK for: eslint@8.57.1 want: ^6.12.4
2938 silly placeDep ROOT cross-spawn@7.0.6 OK for: eslint@8.57.1 want: ^7.0.2
2939 silly placeDep ROOT doctrine@3.0.0 OK for: eslint@8.57.1 want: ^3.0.0
2940 silly placeDep ROOT escape-string-regexp@4.0.0 OK for: eslint@8.57.1 want: ^4.0.0
2941 silly placeDep ROOT eslint-scope@7.2.2 OK for: eslint@8.57.1 want: ^7.2.2
2942 silly placeDep ROOT eslint-visitor-keys@3.4.3 OK for: eslint@8.57.1 want: ^3.4.3
2943 silly placeDep ROOT espree@9.6.1 OK for: eslint@8.57.1 want: ^9.6.1
2944 silly placeDep ROOT esquery@1.7.0 OK for: eslint@8.57.1 want: ^1.4.2
2945 silly placeDep ROOT fast-deep-equal@3.1.3 OK for: eslint@8.57.1 want: ^3.1.3
2946 silly placeDep ROOT file-entry-cache@6.0.1 OK for: eslint@8.57.1 want: ^6.0.1
2947 silly placeDep node_modules/eslint find-up@5.0.0 OK for: eslint@8.57.1 want: ^5.0.0
2948 silly placeDep ROOT glob-parent@6.0.2 OK for: eslint@8.57.1 want: ^6.0.2
2949 silly placeDep ROOT globals@13.24.0 OK for: eslint@8.57.1 want: ^13.19.0
2950 silly placeDep ROOT graphemer@1.4.0 OK for: eslint@8.57.1 want: ^1.4.0
2951 silly placeDep ROOT ignore@5.3.2 OK for: eslint@8.57.1 want: ^5.2.0
2952 silly placeDep ROOT imurmurhash@0.1.4 OK for: eslint@8.57.1 want: ^0.1.4
2953 silly placeDep ROOT is-glob@4.0.3 OK for: eslint@8.57.1 want: ^4.0.0
2954 silly placeDep ROOT is-path-inside@3.0.3 OK for: eslint@8.57.1 want: ^3.0.3
2955 silly placeDep node_modules/eslint js-yaml@4.1.1 OK for: eslint@8.57.1 want: ^4.1.0
2956 silly placeDep ROOT json-stable-stringify-without-jsonify@1.0.1 OK for: eslint@8.57.1 want: ^1.0.1
2957 silly placeDep ROOT levn@0.4.1 OK for: eslint@8.57.1 want: ^0.4.1
2958 silly placeDep ROOT lodash.merge@4.6.2 OK for: eslint@8.57.1 want: ^4.6.2
2959 silly placeDep ROOT minimatch@3.1.5 OK for: eslint@8.57.1 want: ^3.1.2
2960 silly placeDep ROOT natural-compare@1.4.0 OK for: eslint@8.57.1 want: ^1.4.0
2961 silly placeDep ROOT optionator@0.9.4 OK for: eslint@8.57.1 want: ^0.9.3
2962 silly placeDep ROOT strip-ansi@6.0.1 OK for: eslint@8.57.1 want: ^6.0.1
2963 silly placeDep ROOT text-table@0.2.0 OK for: eslint@8.57.1 want: ^0.2.0
2964 silly fetch manifest espree@^9.6.0
2965 silly packumentCache full:https://registry.npmjs.org/espree cache-hit
2966 silly fetch manifest strip-json-comments@^3.1.1
2967 silly packumentCache full:https://registry.npmjs.org/strip-json-comments cache-miss
2968 silly fetch manifest minimatch@^3.0.5
2969 silly packumentCache full:https://registry.npmjs.org/minimatch cache-hit
2970 silly fetch manifest @humanwhocodes/object-schema@^2.0.3
2971 silly packumentCache full:https://registry.npmjs.org/@humanwhocodes%2fobject-schema cache-miss
2972 silly fetch manifest fastq@^1.6.0
2973 silly packumentCache full:https://registry.npmjs.org/fastq cache-miss
2974 silly fetch manifest @nodelib/fs.scandir@2.1.5
2975 silly packumentCache full:https://registry.npmjs.org/@nodelib%2ffs.scandir cache-miss
2976 silly fetch manifest uri-js@^4.2.2
2977 silly packumentCache full:https://registry.npmjs.org/uri-js cache-miss
2978 silly fetch manifest fast-deep-equal@^3.1.1
2979 silly packumentCache full:https://registry.npmjs.org/fast-deep-equal cache-hit
2980 silly fetch manifest json-schema-traverse@^0.4.1
2981 silly packumentCache full:https://registry.npmjs.org/json-schema-traverse cache-miss
2982 silly fetch manifest which@^2.0.1
2983 silly packumentCache full:https://registry.npmjs.org/which cache-miss
2984 http fetch GET 200 https://registry.npmjs.org/which 302ms (cache revalidated)
2985 silly packumentCache full:https://registry.npmjs.org/which set size:67698 disposed:false
2986 silly fetch manifest path-key@^3.1.0
2987 silly packumentCache full:https://registry.npmjs.org/path-key cache-miss
2988 http fetch GET 200 https://registry.npmjs.org/strip-json-comments 337ms (cache revalidated)
2989 silly packumentCache full:https://registry.npmjs.org/strip-json-comments set size:43569 disposed:false
2990 silly fetch manifest shebang-command@^2.0.0
2991 silly packumentCache full:https://registry.npmjs.org/shebang-command cache-miss
2992 http fetch GET 200 https://registry.npmjs.org/uri-js 436ms (cache miss)
2993 silly packumentCache full:https://registry.npmjs.org/uri-js set size:undefined disposed:false
2994 silly fetch manifest esrecurse@^4.3.0
2995 silly packumentCache full:https://registry.npmjs.org/esrecurse cache-miss
2996 http fetch GET 200 https://registry.npmjs.org/shebang-command 262ms (cache revalidated)
2997 silly packumentCache full:https://registry.npmjs.org/shebang-command set size:8525 disposed:false
2998 silly fetch manifest estraverse@^5.2.0
2999 silly packumentCache full:https://registry.npmjs.org/estraverse cache-miss
3000 http fetch GET 200 https://registry.npmjs.org/@humanwhocodes%2fobject-schema 612ms (cache miss)
3001 silly packumentCache full:https://registry.npmjs.org/@humanwhocodes%2fobject-schema set size:undefined disposed:false
3002 silly fetch manifest acorn@^8.9.0
3003 silly packumentCache full:https://registry.npmjs.org/acorn cache-hit
3004 silly fetch manifest acorn-jsx@^5.3.2
3005 silly packumentCache full:https://registry.npmjs.org/acorn-jsx cache-miss
3006 http fetch GET 200 https://registry.npmjs.org/json-schema-traverse 757ms (cache revalidated)
3007 silly packumentCache full:https://registry.npmjs.org/json-schema-traverse set size:23537 disposed:false
3008 silly fetch manifest estraverse@^5.1.0
3009 silly packumentCache full:https://registry.npmjs.org/estraverse cache-miss
3010 http fetch GET 200 https://registry.npmjs.org/@nodelib%2ffs.scandir 782ms (cache miss)
3011 silly packumentCache full:https://registry.npmjs.org/@nodelib%2ffs.scandir set size:undefined disposed:false
3012 silly fetch manifest flat-cache@^3.0.4
3013 silly packumentCache full:https://registry.npmjs.org/flat-cache cache-miss
3014 http fetch GET 200 https://registry.npmjs.org/path-key 711ms (cache revalidated)
3015 silly packumentCache full:https://registry.npmjs.org/path-key set size:16975 disposed:false
3016 silly fetch manifest locate-path@^6.0.0
3017 silly packumentCache full:https://registry.npmjs.org/locate-path cache-miss
3018 http cache https://registry.npmjs.org/locate-path 13ms (cache hit)
3019 silly packumentCache full:https://registry.npmjs.org/locate-path set size:31329 disposed:false
3020 silly fetch manifest type-fest@^0.20.2
3021 silly packumentCache full:https://registry.npmjs.org/type-fest cache-miss
3022 http fetch GET 200 https://registry.npmjs.org/estraverse 371ms (cache miss)
3023 silly packumentCache full:https://registry.npmjs.org/estraverse set size:undefined disposed:false
3024 silly fetch manifest is-extglob@^2.1.1
3025 silly packumentCache full:https://registry.npmjs.org/is-extglob cache-miss
3026 http fetch GET 200 https://registry.npmjs.org/estraverse 871ms (cache miss)
3027 silly packumentCache full:https://registry.npmjs.org/estraverse set size:undefined disposed:false
3028 silly fetch manifest argparse@^2.0.1
3029 silly packumentCache full:https://registry.npmjs.org/argparse cache-miss
3030 http cache https://registry.npmjs.org/argparse 11ms (cache hit)
3031 silly packumentCache full:https://registry.npmjs.org/argparse set size:49266 disposed:false
3032 silly fetch manifest prelude-ls@^1.2.1
3033 silly packumentCache full:https://registry.npmjs.org/prelude-ls cache-miss
3034 http fetch GET 200 https://registry.npmjs.org/fastq 1569ms (cache miss)
3035 silly packumentCache full:https://registry.npmjs.org/fastq set size:undefined disposed:false
3036 silly fetch manifest type-check@~0.4.0
3037 silly packumentCache full:https://registry.npmjs.org/type-check cache-miss
3038 http fetch GET 200 https://registry.npmjs.org/type-fest 695ms (cache revalidated)
3039 silly packumentCache full:https://registry.npmjs.org/type-fest set size:560517 disposed:false
3040 silly fetch manifest brace-expansion@^1.1.7
3041 silly packumentCache full:https://registry.npmjs.org/brace-expansion cache-miss
3042 http fetch GET 200 https://registry.npmjs.org/brace-expansion 272ms (cache revalidated)
3043 silly packumentCache full:https://registry.npmjs.org/brace-expansion set size:65768 disposed:false
3044 silly fetch manifest prelude-ls@^1.2.1
3045 silly packumentCache full:https://registry.npmjs.org/prelude-ls cache-miss
3046 http fetch GET 200 https://registry.npmjs.org/prelude-ls 597ms (cache miss)
3047 silly packumentCache full:https://registry.npmjs.org/prelude-ls set size:undefined disposed:false
3048 silly fetch manifest deep-is@^0.1.3
3049 silly packumentCache full:https://registry.npmjs.org/deep-is cache-miss
3050 http fetch GET 200 https://registry.npmjs.org/type-check 534ms (cache miss)
3051 silly packumentCache full:https://registry.npmjs.org/type-check set size:undefined disposed:false
3052 silly fetch manifest word-wrap@^1.2.5
3053 silly packumentCache full:https://registry.npmjs.org/word-wrap cache-miss
3054 http fetch GET 200 https://registry.npmjs.org/is-extglob 1155ms (cache miss)
3055 silly packumentCache full:https://registry.npmjs.org/is-extglob set size:undefined disposed:false
3056 silly fetch manifest type-check@^0.4.0
3057 silly packumentCache full:https://registry.npmjs.org/type-check cache-miss
3058 http cache https://registry.npmjs.org/type-check 6ms (cache hit)
3059 silly packumentCache full:https://registry.npmjs.org/type-check set size:21221 disposed:false
3060 silly fetch manifest fast-levenshtein@^2.0.6
3061 silly packumentCache full:https://registry.npmjs.org/fast-levenshtein cache-miss
3062 http fetch GET 200 https://registry.npmjs.org/prelude-ls 523ms (cache miss)
3063 silly packumentCache full:https://registry.npmjs.org/prelude-ls set size:undefined disposed:false
3064 silly fetch manifest ansi-regex@^5.0.1
3065 silly packumentCache full:https://registry.npmjs.org/ansi-regex cache-miss
3066 http fetch GET 200 https://registry.npmjs.org/flat-cache 1833ms (cache miss)
3067 silly packumentCache full:https://registry.npmjs.org/flat-cache set size:undefined disposed:false
3068 http fetch GET 200 https://registry.npmjs.org/word-wrap 520ms (cache miss)
3069 silly packumentCache full:https://registry.npmjs.org/word-wrap set size:undefined disposed:false
3070 http fetch GET 200 https://registry.npmjs.org/deep-is 572ms (cache miss)
3071 silly packumentCache full:https://registry.npmjs.org/deep-is set size:undefined disposed:false
3072 http fetch GET 200 https://registry.npmjs.org/esrecurse 2365ms (cache miss)
3073 silly packumentCache full:https://registry.npmjs.org/esrecurse set size:undefined disposed:false
3074 http fetch GET 200 https://registry.npmjs.org/ansi-regex 270ms (cache revalidated)
3075 silly packumentCache full:https://registry.npmjs.org/ansi-regex set size:43572 disposed:false
3076 http fetch GET 200 https://registry.npmjs.org/acorn-jsx 2458ms (cache miss)
3077 silly packumentCache full:https://registry.npmjs.org/acorn-jsx set size:undefined disposed:false
3078 http fetch GET 200 https://registry.npmjs.org/fast-levenshtein 1028ms (cache miss)
3079 silly packumentCache full:https://registry.npmjs.org/fast-levenshtein set size:undefined disposed:false
3080 silly placeDep node_modules/@eslint/eslintrc js-yaml@4.1.1 OK for: @eslint/eslintrc@2.1.4 want: ^4.1.0
3081 silly placeDep ROOT strip-json-comments@3.1.1 OK for: @eslint/eslintrc@2.1.4 want: ^3.1.1
3082 silly placeDep ROOT @humanwhocodes/object-schema@2.0.3 OK for: @humanwhocodes/config-array@0.13.0 want: ^2.0.3
3083 silly placeDep ROOT @nodelib/fs.scandir@2.1.5 OK for: @nodelib/fs.walk@1.2.8 want: 2.1.5
3084 silly placeDep ROOT fastq@1.20.1 OK for: @nodelib/fs.walk@1.2.8 want: ^1.6.0
3085 silly fetch manifest run-parallel@^1.1.9
3086 silly packumentCache full:https://registry.npmjs.org/run-parallel cache-miss
3087 silly fetch manifest @nodelib/fs.stat@2.0.5
3088 silly packumentCache full:https://registry.npmjs.org/@nodelib%2ffs.stat cache-miss
3089 silly fetch manifest reusify@^1.0.4
3090 silly packumentCache full:https://registry.npmjs.org/reusify cache-miss
3091 http fetch GET 200 https://registry.npmjs.org/@nodelib%2ffs.stat 610ms (cache miss)
3092 silly packumentCache full:https://registry.npmjs.org/@nodelib%2ffs.stat set size:undefined disposed:false
3093 http fetch GET 200 https://registry.npmjs.org/reusify 613ms (cache miss)
3094 silly packumentCache full:https://registry.npmjs.org/reusify set size:undefined disposed:false
3095 http fetch GET 200 https://registry.npmjs.org/run-parallel 1627ms (cache miss)
3096 silly packumentCache full:https://registry.npmjs.org/run-parallel set size:undefined disposed:false
3097 silly placeDep ROOT @nodelib/fs.stat@2.0.5 OK for: @nodelib/fs.scandir@2.1.5 want: 2.0.5
3098 silly placeDep ROOT run-parallel@1.2.0 OK for: @nodelib/fs.scandir@2.1.5 want: ^1.1.9
3099 silly fetch manifest queue-microtask@^1.2.2
3100 silly packumentCache full:https://registry.npmjs.org/queue-microtask cache-miss
3101 http fetch GET 200 https://registry.npmjs.org/queue-microtask 916ms (cache miss)
3102 silly packumentCache full:https://registry.npmjs.org/queue-microtask set size:undefined disposed:false
3103 silly placeDep ROOT json-schema-traverse@0.4.1 OK for: ajv@6.15.0 want: ^0.4.1
3104 silly placeDep ROOT uri-js@4.4.1 OK for: ajv@6.15.0 want: ^4.2.2
3105 silly fetch manifest punycode@^2.1.0
3106 silly packumentCache full:https://registry.npmjs.org/punycode cache-miss
3107 http fetch GET 200 https://registry.npmjs.org/punycode 1568ms (cache miss)
3108 silly packumentCache full:https://registry.npmjs.org/punycode set size:undefined disposed:false
3109 silly placeDep ROOT path-key@3.1.1 OK for: cross-spawn@7.0.6 want: ^3.1.0
3110 silly placeDep ROOT shebang-command@2.0.0 OK for: cross-spawn@7.0.6 want: ^2.0.0
3111 silly placeDep ROOT which@2.0.2 OK for: cross-spawn@7.0.6 want: ^2.0.1
3112 silly fetch manifest shebang-regex@^3.0.0
3113 silly packumentCache full:https://registry.npmjs.org/shebang-regex cache-miss
3114 silly fetch manifest isexe@^2.0.0
3115 silly packumentCache full:https://registry.npmjs.org/isexe cache-miss
3116 http fetch GET 200 https://registry.npmjs.org/isexe 278ms (cache revalidated)
3117 silly packumentCache full:https://registry.npmjs.org/isexe set size:31756 disposed:false
3118 http fetch GET 200 https://registry.npmjs.org/shebang-regex 285ms (cache revalidated)
3119 silly packumentCache full:https://registry.npmjs.org/shebang-regex set size:9763 disposed:false
3120 silly placeDep ROOT @babel/eslint-parser@7.28.6 OK for: eslint-config-react-app@7.0.1 want: ^7.16.3
3121 silly placeDep ROOT @rushstack/eslint-patch@1.16.1 OK for: eslint-config-react-app@7.0.1 want: ^1.1.0
3122 silly placeDep ROOT @typescript-eslint/eslint-plugin@5.62.0 OK for: eslint-config-react-app@7.0.1 want: ^5.5.0
3123 silly placeDep ROOT @typescript-eslint/parser@5.62.0 OK for: eslint-config-react-app@7.0.1 want: ^5.5.0
3124 silly placeDep ROOT confusing-browser-globals@1.0.11 OK for: eslint-config-react-app@7.0.1 want: ^1.0.11
3125 silly placeDep ROOT eslint-plugin-flowtype@8.0.3 OK for: eslint-config-react-app@7.0.1 want: ^8.0.3
3126 silly placeDep ROOT eslint-plugin-import@2.32.0 OK for: eslint-config-react-app@7.0.1 want: ^2.25.3
3127 silly placeDep ROOT eslint-plugin-jest@25.7.0 OK for: eslint-config-react-app@7.0.1 want: ^25.3.0
3128 silly placeDep ROOT eslint-plugin-jsx-a11y@6.10.2 OK for: eslint-config-react-app@7.0.1 want: ^6.5.1
3129 silly placeDep ROOT eslint-plugin-react@7.37.5 OK for: eslint-config-react-app@7.0.1 want: ^7.27.1
3130 silly placeDep ROOT eslint-plugin-react-hooks@4.6.2 OK for: eslint-config-react-app@7.0.1 want: ^4.3.0
3131 silly placeDep ROOT eslint-plugin-testing-library@5.11.1 OK for: eslint-config-react-app@7.0.1 want: ^5.0.1
3132 silly fetch manifest eslint-visitor-keys@^2.1.0
3133 silly packumentCache full:https://registry.npmjs.org/eslint-visitor-keys cache-hit
3134 silly fetch manifest @nicolo-ribaudo/eslint-scope-5-internals@5.1.1-v1
3135 silly packumentCache full:https://registry.npmjs.org/@nicolo-ribaudo%2feslint-scope-5-internals cache-miss
3136 silly fetch manifest tsutils@^3.21.0
3137 silly packumentCache full:https://registry.npmjs.org/tsutils cache-miss
3138 silly fetch manifest natural-compare-lite@^1.4.0
3139 silly packumentCache full:https://registry.npmjs.org/natural-compare-lite cache-miss
3140 silly fetch manifest @typescript-eslint/utils@5.62.0
3141 silly packumentCache full:https://registry.npmjs.org/@typescript-eslint%2futils cache-miss
3142 silly fetch manifest @typescript-eslint/type-utils@5.62.0
3143 silly packumentCache full:https://registry.npmjs.org/@typescript-eslint%2ftype-utils cache-miss
3144 silly fetch manifest @typescript-eslint/scope-manager@5.62.0
3145 silly packumentCache full:https://registry.npmjs.org/@typescript-eslint%2fscope-manager cache-miss
3146 silly fetch manifest @typescript-eslint/types@5.62.0
3147 silly packumentCache full:https://registry.npmjs.org/@typescript-eslint%2ftypes cache-miss
3148 http fetch GET 200 https://registry.npmjs.org/@nicolo-ribaudo%2feslint-scope-5-internals 353ms (cache miss)
3149 silly packumentCache full:https://registry.npmjs.org/@nicolo-ribaudo%2feslint-scope-5-internals set size:undefined disposed:false
3150 silly fetch manifest @typescript-eslint/scope-manager@5.62.0
3151 silly packumentCache full:https://registry.npmjs.org/@typescript-eslint%2fscope-manager cache-miss
3152 http fetch GET 200 https://registry.npmjs.org/natural-compare-lite 1350ms (cache miss)
3153 silly packumentCache full:https://registry.npmjs.org/natural-compare-lite set size:undefined disposed:false
3154 silly fetch manifest @typescript-eslint/typescript-estree@5.62.0
3155 silly packumentCache full:https://registry.npmjs.org/@typescript-eslint%2ftypescript-estree cache-miss
3156 http fetch GET 200 https://registry.npmjs.org/tsutils 2780ms (cache miss)
3157 silly packumentCache full:https://registry.npmjs.org/tsutils set size:undefined disposed:false
3158 silly fetch manifest string-natural-compare@^3.0.1
3159 silly packumentCache full:https://registry.npmjs.org/string-natural-compare cache-miss
3160 http fetch GET 200 https://registry.npmjs.org/string-natural-compare 1101ms (cache miss)
3161 silly packumentCache full:https://registry.npmjs.org/string-natural-compare set size:undefined disposed:false
3162 silly fetch manifest @rtsao/scc@^1.1.0
3163 silly packumentCache full:https://registry.npmjs.org/@rtsao%2fscc cache-miss
3164 http fetch GET 200 https://registry.npmjs.org/@rtsao%2fscc 906ms (cache miss)
3165 silly packumentCache full:https://registry.npmjs.org/@rtsao%2fscc set size:undefined disposed:false
3166 silly fetch manifest array-includes@^3.1.9
3167 silly packumentCache full:https://registry.npmjs.org/array-includes cache-miss
3168 http fetch GET 200 https://registry.npmjs.org/array-includes 1357ms (cache miss)
3169 silly packumentCache full:https://registry.npmjs.org/array-includes set size:undefined disposed:false
3170 silly fetch manifest array.prototype.findlastindex@^1.2.6
3171 silly packumentCache full:https://registry.npmjs.org/array.prototype.findlastindex cache-miss
3172 http fetch GET 200 https://registry.npmjs.org/array.prototype.findlastindex 769ms (cache miss)
3173 silly packumentCache full:https://registry.npmjs.org/array.prototype.findlastindex set size:undefined disposed:false
3174 silly fetch manifest array.prototype.flat@^1.3.3
3175 silly packumentCache full:https://registry.npmjs.org/array.prototype.flat cache-miss
3176 http fetch GET 200 https://registry.npmjs.org/array.prototype.flat 725ms (cache miss)
3177 silly packumentCache full:https://registry.npmjs.org/array.prototype.flat set size:undefined disposed:false
3178 silly fetch manifest array.prototype.flatmap@^1.3.3
3179 silly packumentCache full:https://registry.npmjs.org/array.prototype.flatmap cache-miss
3180 http fetch GET 200 https://registry.npmjs.org/array.prototype.flatmap 819ms (cache miss)
3181 silly packumentCache full:https://registry.npmjs.org/array.prototype.flatmap set size:undefined disposed:false
3182 silly fetch manifest debug@^3.2.7
3183 silly packumentCache full:https://registry.npmjs.org/debug cache-hit
3184 silly fetch manifest doctrine@^2.1.0
3185 silly packumentCache full:https://registry.npmjs.org/doctrine cache-hit
3186 silly fetch manifest eslint-import-resolver-node@^0.3.9
3187 silly packumentCache full:https://registry.npmjs.org/eslint-import-resolver-node cache-miss
3188 http fetch GET 200 https://registry.npmjs.org/eslint-import-resolver-node 779ms (cache miss)
3189 silly packumentCache full:https://registry.npmjs.org/eslint-import-resolver-node set size:undefined disposed:false
3190 silly fetch manifest eslint-module-utils@^2.12.1
3191 silly packumentCache full:https://registry.npmjs.org/eslint-module-utils cache-miss
3192 http fetch GET 200 https://registry.npmjs.org/eslint-module-utils 1764ms (cache miss)
3193 silly packumentCache full:https://registry.npmjs.org/eslint-module-utils set size:undefined disposed:false
3194 silly fetch manifest hasown@^2.0.2
3195 silly packumentCache full:https://registry.npmjs.org/hasown cache-miss
3196 http fetch GET 200 https://registry.npmjs.org/hasown 239ms (cache revalidated)
3197 silly packumentCache full:https://registry.npmjs.org/hasown set size:15429 disposed:false
3198 silly fetch manifest object.fromentries@^2.0.8
3199 silly packumentCache full:https://registry.npmjs.org/object.fromentries cache-miss
3200 http fetch GET 200 https://registry.npmjs.org/object.fromentries 1368ms (cache miss)
3201 silly packumentCache full:https://registry.npmjs.org/object.fromentries set size:undefined disposed:false
3202 silly fetch manifest object.groupby@^1.0.3
3203 silly packumentCache full:https://registry.npmjs.org/object.groupby cache-miss
3204 http fetch GET 200 https://registry.npmjs.org/object.groupby 987ms (cache miss)
3205 silly packumentCache full:https://registry.npmjs.org/object.groupby set size:undefined disposed:false
3206 silly fetch manifest object.values@^1.2.1
3207 silly packumentCache full:https://registry.npmjs.org/object.values cache-hit
3208 silly fetch manifest string.prototype.trimend@^1.0.9
3209 silly packumentCache full:https://registry.npmjs.org/string.prototype.trimend cache-miss
3210 http fetch GET 200 https://registry.npmjs.org/string.prototype.trimend 866ms (cache miss)
3211 silly packumentCache full:https://registry.npmjs.org/string.prototype.trimend set size:undefined disposed:false
3212 silly fetch manifest tsconfig-paths@^3.15.0
3213 silly packumentCache full:https://registry.npmjs.org/tsconfig-paths cache-miss
3214 http fetch GET 200 https://registry.npmjs.org/tsconfig-paths 2594ms (cache miss)
3215 silly packumentCache full:https://registry.npmjs.org/tsconfig-paths set size:undefined disposed:false
3216 silly fetch manifest @typescript-eslint/experimental-utils@^5.0.0
3217 silly packumentCache full:https://registry.npmjs.org/@typescript-eslint%2fexperimental-utils cache-miss
3218 http fetch GET 200 https://registry.npmjs.org/@typescript-eslint%2futils 31454ms (cache miss)
3219 silly packumentCache full:https://registry.npmjs.org/@typescript-eslint%2futils set size:undefined disposed:false
3220 silly fetch manifest aria-query@^5.3.2
3221 silly packumentCache full:https://registry.npmjs.org/aria-query cache-miss
3222 http fetch GET 200 https://registry.npmjs.org/aria-query 1092ms (cache miss)
3223 silly packumentCache full:https://registry.npmjs.org/aria-query set size:undefined disposed:false
3224 silly fetch manifest array-includes@^3.1.8
3225 silly packumentCache full:https://registry.npmjs.org/array-includes cache-miss
3226 http cache https://registry.npmjs.org/array-includes 62ms (cache hit)
3227 silly packumentCache full:https://registry.npmjs.org/array-includes set size:77143 disposed:false
3228 silly fetch manifest array.prototype.flatmap@^1.3.2
3229 silly packumentCache full:https://registry.npmjs.org/array.prototype.flatmap cache-miss
3230 http cache https://registry.npmjs.org/array.prototype.flatmap 36ms (cache hit)
3231 silly packumentCache full:https://registry.npmjs.org/array.prototype.flatmap set size:51458 disposed:false
3232 silly fetch manifest ast-types-flow@^0.0.8
3233 silly packumentCache full:https://registry.npmjs.org/ast-types-flow cache-miss
3234 http fetch GET 200 https://registry.npmjs.org/ast-types-flow 605ms (cache miss)
3235 silly packumentCache full:https://registry.npmjs.org/ast-types-flow set size:undefined disposed:false
3236 silly fetch manifest axe-core@^4.10.0
3237 silly packumentCache full:https://registry.npmjs.org/axe-core cache-miss
3238 http fetch GET 200 https://registry.npmjs.org/@typescript-eslint%2ftype-utils 36144ms (cache miss)
3239 silly packumentCache full:https://registry.npmjs.org/@typescript-eslint%2ftype-utils set size:undefined disposed:false
3240 silly fetch manifest axobject-query@^4.1.0
3241 silly packumentCache full:https://registry.npmjs.org/axobject-query cache-miss
3242 http fetch GET 200 https://registry.npmjs.org/axobject-query 1141ms (cache miss)
3243 silly packumentCache full:https://registry.npmjs.org/axobject-query set size:undefined disposed:false
3244 silly fetch manifest damerau-levenshtein@^1.0.8
3245 silly packumentCache full:https://registry.npmjs.org/damerau-levenshtein cache-miss
3246 http fetch GET 200 https://registry.npmjs.org/damerau-levenshtein 757ms (cache miss)
3247 silly packumentCache full:https://registry.npmjs.org/damerau-levenshtein set size:undefined disposed:false
3248 silly fetch manifest emoji-regex@^9.2.2
3249 silly packumentCache full:https://registry.npmjs.org/emoji-regex cache-miss
3250 http fetch GET 200 https://registry.npmjs.org/emoji-regex 677ms (cache revalidated)
3251 silly packumentCache full:https://registry.npmjs.org/emoji-regex set size:89064 disposed:false
3252 silly fetch manifest jsx-ast-utils@^3.3.5
3253 silly packumentCache full:https://registry.npmjs.org/jsx-ast-utils cache-miss
3254 http fetch GET 200 https://registry.npmjs.org/jsx-ast-utils 1357ms (cache miss)
3255 silly packumentCache full:https://registry.npmjs.org/jsx-ast-utils set size:undefined disposed:false
3256 silly fetch manifest language-tags@^1.0.9
3257 silly packumentCache full:https://registry.npmjs.org/language-tags cache-miss
3258 http fetch GET 200 https://registry.npmjs.org/language-tags 928ms (cache miss)
3259 silly packumentCache full:https://registry.npmjs.org/language-tags set size:undefined disposed:false
3260 silly fetch manifest safe-regex-test@^1.0.3
3261 silly packumentCache full:https://registry.npmjs.org/safe-regex-test cache-miss
3262 http fetch GET 200 https://registry.npmjs.org/safe-regex-test 1253ms (cache miss)
3263 silly packumentCache full:https://registry.npmjs.org/safe-regex-test set size:undefined disposed:false
3264 silly fetch manifest string.prototype.includes@^2.0.1
3265 silly packumentCache full:https://registry.npmjs.org/string.prototype.includes cache-miss
3266 http fetch GET 200 https://registry.npmjs.org/string.prototype.includes 354ms (cache miss)
3267 silly packumentCache full:https://registry.npmjs.org/string.prototype.includes set size:undefined disposed:false
3268 silly fetch manifest array.prototype.findlast@^1.2.5
3269 silly packumentCache full:https://registry.npmjs.org/array.prototype.findlast cache-miss
3270 http fetch GET 200 https://registry.npmjs.org/@typescript-eslint%2ftypes 60652ms (cache miss)
3271 silly packumentCache full:https://registry.npmjs.org/@typescript-eslint%2ftypes set size:undefined disposed:false
3272 silly fetch manifest array.prototype.tosorted@^1.1.4
3273 silly packumentCache full:https://registry.npmjs.org/array.prototype.tosorted cache-miss
3274 http fetch GET 200 https://registry.npmjs.org/array.prototype.tosorted 551ms (cache miss)
3275 silly packumentCache full:https://registry.npmjs.org/array.prototype.tosorted set size:undefined disposed:false
3276 silly fetch manifest es-iterator-helpers@^1.2.1
3277 silly packumentCache full:https://registry.npmjs.org/es-iterator-helpers cache-miss
3278 http fetch GET 200 https://registry.npmjs.org/es-iterator-helpers 753ms (cache miss)
3279 silly packumentCache full:https://registry.npmjs.org/es-iterator-helpers set size:undefined disposed:false
3280 silly fetch manifest estraverse@^5.3.0
3281 silly packumentCache full:https://registry.npmjs.org/estraverse cache-miss
3282 http cache https://registry.npmjs.org/estraverse 16ms (cache hit)
3283 silly packumentCache full:https://registry.npmjs.org/estraverse set size:62412 disposed:false
3284 silly fetch manifest jsx-ast-utils@^2.4.1 || ^3.0.0
3285 silly packumentCache full:https://registry.npmjs.org/jsx-ast-utils cache-miss
3286 http cache https://registry.npmjs.org/jsx-ast-utils 14ms (cache hit)
3287 silly packumentCache full:https://registry.npmjs.org/jsx-ast-utils set size:115998 disposed:false
3288 silly fetch manifest object.entries@^1.1.9
3289 silly packumentCache full:https://registry.npmjs.org/object.entries cache-miss
3290 http fetch GET 200 https://registry.npmjs.org/object.entries 555ms (cache miss)
3291 silly packumentCache full:https://registry.npmjs.org/object.entries set size:undefined disposed:false
3292 silly fetch manifest prop-types@^15.8.1
3293 silly packumentCache full:https://registry.npmjs.org/prop-types cache-miss
3294 http fetch GET 200 https://registry.npmjs.org/prop-types 1104ms (cache miss)
3295 silly packumentCache full:https://registry.npmjs.org/prop-types set size:undefined disposed:false
3296 silly fetch manifest resolve@^2.0.0-next.5
3297 silly packumentCache full:https://registry.npmjs.org/resolve cache-hit
3298 silly fetch manifest string.prototype.matchall@^4.0.12
3299 silly packumentCache full:https://registry.npmjs.org/string.prototype.matchall cache-miss
3300 http fetch GET 200 https://registry.npmjs.org/string.prototype.matchall 865ms (cache miss)
3301 silly packumentCache full:https://registry.npmjs.org/string.prototype.matchall set size:undefined disposed:false
3302 silly fetch manifest string.prototype.repeat@^1.0.0
3303 silly packumentCache full:https://registry.npmjs.org/string.prototype.repeat cache-miss
3304 http fetch GET 200 https://registry.npmjs.org/string.prototype.repeat 289ms (cache miss)
3305 silly packumentCache full:https://registry.npmjs.org/string.prototype.repeat set size:undefined disposed:false
3306 silly fetch manifest @typescript-eslint/utils@^5.58.0
3307 silly packumentCache full:https://registry.npmjs.org/@typescript-eslint%2futils cache-miss
3308 http cache https://registry.npmjs.org/@typescript-eslint%2futils 114ms (cache hit)
3309 silly packumentCache full:https://registry.npmjs.org/@typescript-eslint%2futils set size:10081907 disposed:false
3310 http fetch GET 200 https://registry.npmjs.org/array.prototype.findlast 26971ms (cache miss)
3311 silly packumentCache full:https://registry.npmjs.org/array.prototype.findlast set size:undefined disposed:false
3312 http fetch GET 200 https://registry.npmjs.org/axe-core 45374ms (cache miss)
3313 silly packumentCache full:https://registry.npmjs.org/axe-core set size:undefined disposed:false
3314 http fetch GET 200 https://registry.npmjs.org/@typescript-eslint%2fscope-manager 98574ms (cache miss)
3315 silly packumentCache full:https://registry.npmjs.org/@typescript-eslint%2fscope-manager set size:undefined disposed:false
3316 http fetch GET 200 https://registry.npmjs.org/@typescript-eslint%2fscope-manager 108685ms (cache miss)
3317 silly packumentCache full:https://registry.npmjs.org/@typescript-eslint%2fscope-manager set size:undefined disposed:false
3318 http fetch GET 200 https://registry.npmjs.org/@typescript-eslint%2fexperimental-utils 184032ms (cache miss)
3319 silly packumentCache full:https://registry.npmjs.org/@typescript-eslint%2fexperimental-utils set size:undefined disposed:false
3320 http fetch GET 200 https://registry.npmjs.org/@typescript-eslint%2ftypescript-estree 230663ms (cache miss)
3321 silly packumentCache full:https://registry.npmjs.org/@typescript-eslint%2ftypescript-estree set size:undefined disposed:false
3322 silly placeDep ROOT @nicolo-ribaudo/eslint-scope-5-internals@5.1.1-v1 OK for: @babel/eslint-parser@7.28.6 want: 5.1.1-v1
3323 silly placeDep node_modules/@babel/eslint-parser eslint-visitor-keys@2.1.0 OK for: @babel/eslint-parser@7.28.6 want: ^2.1.0
3324 silly placeDep node_modules/@babel/eslint-parser semver@6.3.1 OK for: @babel/eslint-parser@7.28.6 want: ^6.3.1
3325 silly placeDep node_modules/@nicolo-ribaudo/eslint-scope-5-internals eslint-scope@5.1.1 OK for: @nicolo-ribaudo/eslint-scope-5-internals@5.1.1-v1 want: 5.1.1
3326 silly fetch manifest estraverse@^4.1.1
3327 silly packumentCache full:https://registry.npmjs.org/estraverse cache-hit
3328 silly placeDep ROOT @typescript-eslint/scope-manager@5.62.0 OK for: @typescript-eslint/eslint-plugin@5.62.0 want: 5.62.0
3329 silly placeDep ROOT @typescript-eslint/type-utils@5.62.0 OK for: @typescript-eslint/eslint-plugin@5.62.0 want: 5.62.0
3330 silly placeDep ROOT @typescript-eslint/utils@5.62.0 OK for: @typescript-eslint/eslint-plugin@5.62.0 want: 5.62.0
3331 silly placeDep ROOT natural-compare-lite@1.4.0 OK for: @typescript-eslint/eslint-plugin@5.62.0 want: ^1.4.0
3332 silly placeDep ROOT tsutils@3.21.0 OK for: @typescript-eslint/eslint-plugin@5.62.0 want: ^3.21.0
3333 silly fetch manifest @typescript-eslint/visitor-keys@5.62.0
3334 silly packumentCache full:https://registry.npmjs.org/@typescript-eslint%2fvisitor-keys cache-miss
3335 silly fetch manifest eslint-scope@^5.1.1
3336 silly packumentCache full:https://registry.npmjs.org/eslint-scope cache-hit
3337 silly fetch manifest @types/semver@^7.3.12
3338 silly packumentCache full:https://registry.npmjs.org/@types%2fsemver cache-miss
3339 silly fetch manifest tslib@^1.8.1
3340 silly packumentCache full:https://registry.npmjs.org/tslib cache-miss
3341 http fetch GET 200 https://registry.npmjs.org/tslib 1354ms (cache miss)
3342 silly packumentCache full:https://registry.npmjs.org/tslib set size:undefined disposed:false
3343 http fetch GET 200 https://registry.npmjs.org/@types%2fsemver 3105ms (cache miss)
3344 silly packumentCache full:https://registry.npmjs.org/@types%2fsemver set size:undefined disposed:false
3345 http fetch GET 200 https://registry.npmjs.org/@typescript-eslint%2fvisitor-keys 35151ms (cache miss)
3346 silly packumentCache full:https://registry.npmjs.org/@typescript-eslint%2fvisitor-keys set size:undefined disposed:false
3347 silly placeDep ROOT @typescript-eslint/types@5.62.0 OK for: @typescript-eslint/parser@5.62.0 want: 5.62.0
3348 silly placeDep ROOT @typescript-eslint/typescript-estree@5.62.0 OK for: @typescript-eslint/parser@5.62.0 want: 5.62.0
3349 silly fetch manifest globby@^11.1.0
3350 silly packumentCache full:https://registry.npmjs.org/globby cache-hit
3351 silly placeDep ROOT @typescript-eslint/visitor-keys@5.62.0 OK for: @typescript-eslint/scope-manager@5.62.0 want: 5.62.0
3352 silly placeDep ROOT globby@11.1.0 OK for: @typescript-eslint/typescript-estree@5.62.0 want: ^11.1.0
3353 silly fetch manifest merge2@^1.4.1
3354 silly packumentCache full:https://registry.npmjs.org/merge2 cache-miss
3355 silly fetch manifest dir-glob@^3.0.1
3356 silly packumentCache full:https://registry.npmjs.org/dir-glob cache-miss
3357 silly fetch manifest fast-glob@^3.2.9
3358 silly packumentCache full:https://registry.npmjs.org/fast-glob cache-hit
3359 silly fetch manifest array-union@^2.1.0
3360 silly packumentCache full:https://registry.npmjs.org/array-union cache-miss
3361 http fetch GET 200 https://registry.npmjs.org/dir-glob 598ms (cache miss)
3362 silly packumentCache full:https://registry.npmjs.org/dir-glob set size:undefined disposed:false
3363 http fetch GET 200 https://registry.npmjs.org/array-union 825ms (cache miss)
3364 silly packumentCache full:https://registry.npmjs.org/array-union set size:undefined disposed:false
3365 http fetch GET 200 https://registry.npmjs.org/merge2 849ms (cache miss)
3366 silly packumentCache full:https://registry.npmjs.org/merge2 set size:undefined disposed:false
3367 silly placeDep ROOT @types/json-schema@7.0.15 OK for: @typescript-eslint/utils@5.62.0 want: ^7.0.9
3368 silly placeDep ROOT @types/semver@7.7.1 OK for: @typescript-eslint/utils@5.62.0 want: ^7.3.12
3369 silly placeDep node_modules/@typescript-eslint/utils eslint-scope@5.1.1 OK for: @typescript-eslint/utils@5.62.0 want: ^5.1.1
3370 silly placeDep ROOT lodash@4.18.1 OK for: eslint-plugin-flowtype@8.0.3 want: ^4.17.21
3371 silly placeDep ROOT string-natural-compare@3.0.1 OK for: eslint-plugin-flowtype@8.0.3 want: ^3.0.1
3372 silly placeDep ROOT @rtsao/scc@1.1.0 OK for: eslint-plugin-import@2.32.0 want: ^1.1.0
3373 silly placeDep ROOT array-includes@3.1.9 OK for: eslint-plugin-import@2.32.0 want: ^3.1.9
3374 silly placeDep ROOT array.prototype.findlastindex@1.2.6 OK for: eslint-plugin-import@2.32.0 want: ^1.2.6
3375 silly placeDep ROOT array.prototype.flat@1.3.3 OK for: eslint-plugin-import@2.32.0 want: ^1.3.3
3376 silly placeDep ROOT array.prototype.flatmap@1.3.3 OK for: eslint-plugin-import@2.32.0 want: ^1.3.3
3377 silly placeDep node_modules/eslint-plugin-import debug@3.2.7 OK for: eslint-plugin-import@2.32.0 want: ^3.2.7
3378 silly placeDep node_modules/eslint-plugin-import doctrine@2.1.0 OK for: eslint-plugin-import@2.32.0 want: ^2.1.0
3379 silly placeDep ROOT eslint-import-resolver-node@0.3.10 OK for: eslint-plugin-import@2.32.0 want: ^0.3.9
3380 silly placeDep ROOT eslint-module-utils@2.12.1 OK for: eslint-plugin-import@2.32.0 want: ^2.12.1
3381 silly placeDep ROOT hasown@2.0.3 OK for: eslint-plugin-import@2.32.0 want: ^2.0.2
3382 silly placeDep ROOT is-core-module@2.16.1 OK for: eslint-plugin-import@2.32.0 want: ^2.16.1
3383 silly placeDep ROOT object.fromentries@2.0.8 OK for: eslint-plugin-import@2.32.0 want: ^2.0.8
3384 silly placeDep ROOT object.groupby@1.0.3 OK for: eslint-plugin-import@2.32.0 want: ^1.0.3
3385 silly placeDep ROOT object.values@1.2.1 OK for: eslint-plugin-import@2.32.0 want: ^1.2.1
3386 silly placeDep node_modules/eslint-plugin-import semver@6.3.1 OK for: eslint-plugin-import@2.32.0 want: ^6.3.1
3387 silly placeDep ROOT string.prototype.trimend@1.0.9 OK for: eslint-plugin-import@2.32.0 want: ^1.0.9
3388 silly placeDep ROOT tsconfig-paths@3.15.0 OK for: eslint-plugin-import@2.32.0 want: ^3.15.0
3389 silly fetch manifest call-bind@^1.0.8
3390 silly packumentCache full:https://registry.npmjs.org/call-bind cache-miss
3391 silly fetch manifest call-bound@^1.0.4
3392 silly packumentCache full:https://registry.npmjs.org/call-bound cache-miss
3393 silly fetch manifest define-properties@^1.2.1
3394 silly packumentCache full:https://registry.npmjs.org/define-properties cache-miss
3395 silly fetch manifest es-abstract@^1.24.0
3396 silly packumentCache full:https://registry.npmjs.org/es-abstract cache-miss
3397 silly fetch manifest es-object-atoms@^1.1.1
3398 silly packumentCache full:https://registry.npmjs.org/es-object-atoms cache-miss
3399 silly fetch manifest get-intrinsic@^1.3.0
3400 silly packumentCache full:https://registry.npmjs.org/get-intrinsic cache-miss
3401 silly fetch manifest is-string@^1.1.1
3402 silly packumentCache full:https://registry.npmjs.org/is-string cache-miss
3403 http fetch GET 200 https://registry.npmjs.org/call-bound 309ms (cache revalidated)
3404 silly packumentCache full:https://registry.npmjs.org/call-bound set size:15317 disposed:false
3405 silly fetch manifest math-intrinsics@^1.1.0
3406 silly packumentCache full:https://registry.npmjs.org/math-intrinsics cache-miss
3407 http fetch GET 200 https://registry.npmjs.org/es-object-atoms 312ms (cache revalidated)
3408 silly packumentCache full:https://registry.npmjs.org/es-object-atoms set size:15304 disposed:false
3409 silly fetch manifest call-bind@^1.0.8
3410 silly packumentCache full:https://registry.npmjs.org/call-bind cache-miss
3411 http fetch GET 200 https://registry.npmjs.org/is-string 384ms (cache miss)
3412 silly packumentCache full:https://registry.npmjs.org/is-string set size:undefined disposed:false
3413 silly fetch manifest define-properties@^1.2.1
3414 silly packumentCache full:https://registry.npmjs.org/define-properties cache-miss
3415 http fetch GET 200 https://registry.npmjs.org/math-intrinsics 257ms (cache revalidated)
3416 silly packumentCache full:https://registry.npmjs.org/math-intrinsics set size:9265 disposed:false
3417 silly fetch manifest es-abstract@^1.23.9
3418 silly packumentCache full:https://registry.npmjs.org/es-abstract cache-miss
3419 http fetch GET 200 https://registry.npmjs.org/get-intrinsic 737ms (cache revalidated)
3420 silly packumentCache full:https://registry.npmjs.org/get-intrinsic set size:60985 disposed:false
3421 silly fetch manifest es-shim-unscopables@^1.1.0
3422 silly packumentCache full:https://registry.npmjs.org/es-shim-unscopables cache-miss
3423 http fetch GET 200 https://registry.npmjs.org/define-properties 1039ms (cache miss)
3424 silly packumentCache full:https://registry.npmjs.org/define-properties set size:undefined disposed:false
3425 silly fetch manifest call-bind@^1.0.8
3426 silly packumentCache full:https://registry.npmjs.org/call-bind cache-miss
3427 http fetch GET 200 https://registry.npmjs.org/call-bind 1155ms (cache miss)
3428 silly packumentCache full:https://registry.npmjs.org/call-bind set size:undefined disposed:false
3429 silly fetch manifest es-abstract@^1.23.5
3430 silly packumentCache full:https://registry.npmjs.org/es-abstract cache-miss
3431 http fetch GET 200 https://registry.npmjs.org/es-shim-unscopables 781ms (cache miss)
3432 silly packumentCache full:https://registry.npmjs.org/es-shim-unscopables set size:undefined disposed:false
3433 silly fetch manifest es-shim-unscopables@^1.0.2
3434 silly packumentCache full:https://registry.npmjs.org/es-shim-unscopables cache-miss
3435 http cache https://registry.npmjs.org/es-shim-unscopables 5ms (cache hit)
3436 silly packumentCache full:https://registry.npmjs.org/es-shim-unscopables set size:13965 disposed:false
3437 silly fetch manifest es-abstract@^1.23.5
3438 silly packumentCache full:https://registry.npmjs.org/es-abstract cache-miss
3439 http fetch GET 200 https://registry.npmjs.org/define-properties 1785ms (cache miss)
3440 silly packumentCache full:https://registry.npmjs.org/define-properties set size:undefined disposed:false
3441 silly fetch manifest resolve@^2.0.0-next.6
3442 silly packumentCache full:https://registry.npmjs.org/resolve cache-hit
3443 silly fetch manifest function-bind@^1.1.2
3444 silly packumentCache full:https://registry.npmjs.org/function-bind cache-miss
3445 http fetch GET 200 https://registry.npmjs.org/call-bind 550ms (cache miss)
3446 silly packumentCache full:https://registry.npmjs.org/call-bind set size:undefined disposed:false
3447 silly fetch manifest call-bind@^1.0.7
3448 silly packumentCache full:https://registry.npmjs.org/call-bind cache-miss
3449 http cache https://registry.npmjs.org/call-bind 6ms (cache hit)
3450 silly packumentCache full:https://registry.npmjs.org/call-bind set size:32985 disposed:false
3451 silly fetch manifest es-abstract@^1.23.2
3452 silly packumentCache full:https://registry.npmjs.org/es-abstract cache-miss
3453 http fetch GET 200 https://registry.npmjs.org/function-bind 288ms (cache revalidated)
3454 silly packumentCache full:https://registry.npmjs.org/function-bind set size:15733 disposed:false
3455 silly fetch manifest es-object-atoms@^1.0.0
3456 silly packumentCache full:https://registry.npmjs.org/es-object-atoms cache-hit
3457 silly fetch manifest es-abstract@^1.23.2
3458 silly packumentCache full:https://registry.npmjs.org/es-abstract cache-miss
3459 http fetch GET 200 https://registry.npmjs.org/call-bind 2688ms (cache miss)
3460 silly packumentCache full:https://registry.npmjs.org/call-bind set size:undefined disposed:false
3461 silly packumentCache full:https://registry.npmjs.org/call-bind dispose
3462 silly fetch manifest call-bound@^1.0.3
3463 silly packumentCache full:https://registry.npmjs.org/call-bound cache-hit
3464 silly fetch manifest call-bound@^1.0.2
3465 silly packumentCache full:https://registry.npmjs.org/call-bound cache-hit
3466 silly fetch manifest json5@^1.0.2
3467 silly packumentCache full:https://registry.npmjs.org/json5 cache-hit
3468 silly fetch manifest minimist@^1.2.6
3469 silly packumentCache full:https://registry.npmjs.org/minimist cache-miss
3470 http fetch GET 200 https://registry.npmjs.org/es-abstract 2824ms (cache miss)
3471 silly packumentCache full:https://registry.npmjs.org/es-abstract set size:undefined disposed:false
3472 silly fetch manifest strip-bom@^3.0.0
3473 silly packumentCache full:https://registry.npmjs.org/strip-bom cache-miss
3474 http fetch GET 200 https://registry.npmjs.org/minimist 254ms (cache revalidated)
3475 silly packumentCache full:https://registry.npmjs.org/minimist set size:77063 disposed:false
3476 silly fetch manifest @types/json5@^0.0.29
3477 silly packumentCache full:https://registry.npmjs.org/@types%2fjson5 cache-miss
3478 http fetch GET 200 https://registry.npmjs.org/@types%2fjson5 515ms (cache miss)
3479 silly packumentCache full:https://registry.npmjs.org/@types%2fjson5 set size:undefined disposed:false
3480 http fetch GET 200 https://registry.npmjs.org/strip-bom 1136ms (cache miss)
3481 silly packumentCache full:https://registry.npmjs.org/strip-bom set size:undefined disposed:false
3482 http fetch GET 200 https://registry.npmjs.org/es-abstract 3490ms (cache miss)
3483 silly packumentCache full:https://registry.npmjs.org/es-abstract set size:undefined disposed:false
3484 http fetch GET 200 https://registry.npmjs.org/es-abstract 2123ms (cache miss)
3485 silly packumentCache full:https://registry.npmjs.org/es-abstract set size:undefined disposed:false
3486 http fetch GET 200 https://registry.npmjs.org/es-abstract 3448ms (cache miss)
3487 silly packumentCache full:https://registry.npmjs.org/es-abstract set size:undefined disposed:false
3488 http fetch GET 200 https://registry.npmjs.org/es-abstract 4054ms (cache miss)
3489 silly packumentCache full:https://registry.npmjs.org/es-abstract set size:undefined disposed:false
3490 http fetch GET 200 https://registry.npmjs.org/es-abstract 6826ms (cache miss)
3491 silly packumentCache full:https://registry.npmjs.org/es-abstract set size:undefined disposed:false
3492 silly placeDep ROOT call-bind@1.0.9 OK for: array-includes@3.1.9 want: ^1.0.8
3493 silly placeDep ROOT call-bound@1.0.4 OK for: array-includes@3.1.9 want: ^1.0.4
3494 silly placeDep ROOT define-properties@1.2.1 OK for: array-includes@3.1.9 want: ^1.2.1
3495 silly placeDep ROOT es-abstract@1.24.2 OK for: array-includes@3.1.9 want: ^1.24.0
3496 silly placeDep ROOT es-object-atoms@1.1.1 OK for: array-includes@3.1.9 want: ^1.1.1
3497 silly placeDep ROOT get-intrinsic@1.3.0 OK for: array-includes@3.1.9 want: ^1.3.0
3498 silly placeDep ROOT is-string@1.1.1 OK for: array-includes@3.1.9 want: ^1.1.1
3499 silly placeDep ROOT math-intrinsics@1.1.0 OK for: array-includes@3.1.9 want: ^1.1.0
3500 silly fetch manifest call-bind-apply-helpers@^1.0.2
3501 silly packumentCache full:https://registry.npmjs.org/call-bind-apply-helpers cache-miss
3502 silly fetch manifest es-define-property@^1.0.1
3503 silly packumentCache full:https://registry.npmjs.org/es-define-property cache-miss
3504 silly fetch manifest set-function-length@^1.2.2
3505 silly packumentCache full:https://registry.npmjs.org/set-function-length cache-miss
3506 silly fetch manifest call-bind-apply-helpers@^1.0.2
3507 silly packumentCache full:https://registry.npmjs.org/call-bind-apply-helpers cache-miss
3508 silly fetch manifest define-data-property@^1.0.1
3509 silly packumentCache full:https://registry.npmjs.org/define-data-property cache-miss
3510 silly fetch manifest has-property-descriptors@^1.0.0
3511 silly packumentCache full:https://registry.npmjs.org/has-property-descriptors cache-miss
3512 silly fetch manifest object-keys@^1.1.1
3513 silly packumentCache full:https://registry.npmjs.org/object-keys cache-miss
3514 http fetch GET 200 https://registry.npmjs.org/call-bind-apply-helpers 282ms (cache revalidated)
3515 silly packumentCache full:https://registry.npmjs.org/call-bind-apply-helpers set size:12744 disposed:false
3516 silly fetch manifest array-buffer-byte-length@^1.0.2
3517 silly packumentCache full:https://registry.npmjs.org/array-buffer-byte-length cache-miss
3518 http fetch GET 200 https://registry.npmjs.org/define-data-property 642ms (cache miss)
3519 silly packumentCache full:https://registry.npmjs.org/define-data-property set size:undefined disposed:false
3520 silly fetch manifest arraybuffer.prototype.slice@^1.0.4
3521 silly packumentCache full:https://registry.npmjs.org/arraybuffer.prototype.slice cache-miss
3522 http fetch GET 200 https://registry.npmjs.org/has-property-descriptors 649ms (cache miss)
3523 silly packumentCache full:https://registry.npmjs.org/has-property-descriptors set size:undefined disposed:false
3524 silly fetch manifest available-typed-arrays@^1.0.7
3525 silly packumentCache full:https://registry.npmjs.org/available-typed-arrays cache-miss
3526 http fetch GET 200 https://registry.npmjs.org/set-function-length 803ms (cache miss)
3527 silly packumentCache full:https://registry.npmjs.org/set-function-length set size:undefined disposed:false
3528 silly fetch manifest data-view-buffer@^1.0.2
3529 silly packumentCache full:https://registry.npmjs.org/data-view-buffer cache-miss
3530 http fetch GET 200 https://registry.npmjs.org/es-define-property 959ms (cache revalidated)
3531 silly packumentCache full:https://registry.npmjs.org/es-define-property set size:8542 disposed:false
3532 silly fetch manifest data-view-byte-length@^1.0.2
3533 silly packumentCache full:https://registry.npmjs.org/data-view-byte-length cache-miss
3534 http fetch GET 200 https://registry.npmjs.org/call-bind-apply-helpers 1036ms (cache revalidated)
3535 silly packumentCache full:https://registry.npmjs.org/call-bind-apply-helpers set size:12744 disposed:false
3536 silly packumentCache full:https://registry.npmjs.org/call-bind-apply-helpers dispose
3537 silly fetch manifest data-view-byte-offset@^1.0.1
3538 silly packumentCache full:https://registry.npmjs.org/data-view-byte-offset cache-miss
3539 http fetch GET 200 https://registry.npmjs.org/arraybuffer.prototype.slice 390ms (cache miss)
3540 silly packumentCache full:https://registry.npmjs.org/arraybuffer.prototype.slice set size:undefined disposed:false
3541 silly fetch manifest es-set-tostringtag@^2.1.0
3542 silly packumentCache full:https://registry.npmjs.org/es-set-tostringtag cache-miss
3543 http fetch GET 200 https://registry.npmjs.org/array-buffer-byte-length 811ms (cache miss)
3544 silly packumentCache full:https://registry.npmjs.org/array-buffer-byte-length set size:undefined disposed:false
3545 silly fetch manifest es-to-primitive@^1.3.0
3546 silly packumentCache full:https://registry.npmjs.org/es-to-primitive cache-miss
3547 http fetch GET 200 https://registry.npmjs.org/object-keys 1371ms (cache miss)
3548 silly packumentCache full:https://registry.npmjs.org/object-keys set size:undefined disposed:false
3549 silly fetch manifest function.prototype.name@^1.1.8
3550 silly packumentCache full:https://registry.npmjs.org/function.prototype.name cache-miss
3551 http fetch GET 200 https://registry.npmjs.org/data-view-buffer 633ms (cache miss)
3552 silly packumentCache full:https://registry.npmjs.org/data-view-buffer set size:undefined disposed:false
3553 silly fetch manifest get-proto@^1.0.1
3554 silly packumentCache full:https://registry.npmjs.org/get-proto cache-miss
3555 http fetch GET 200 https://registry.npmjs.org/data-view-byte-length 527ms (cache miss)
3556 silly packumentCache full:https://registry.npmjs.org/data-view-byte-length set size:undefined disposed:false
3557 silly fetch manifest get-symbol-description@^1.1.0
3558 silly packumentCache full:https://registry.npmjs.org/get-symbol-description cache-miss
3559 http fetch GET 200 https://registry.npmjs.org/data-view-byte-offset 502ms (cache miss)
3560 silly packumentCache full:https://registry.npmjs.org/data-view-byte-offset set size:undefined disposed:false
3561 silly fetch manifest globalthis@^1.0.4
3562 silly packumentCache full:https://registry.npmjs.org/globalthis cache-miss
3563 http fetch GET 200 https://registry.npmjs.org/es-to-primitive 479ms (cache miss)
3564 silly packumentCache full:https://registry.npmjs.org/es-to-primitive set size:undefined disposed:false
3565 silly fetch manifest gopd@^1.2.0
3566 silly packumentCache full:https://registry.npmjs.org/gopd cache-miss
3567 http fetch GET 200 https://registry.npmjs.org/get-proto 277ms (cache revalidated)
3568 silly packumentCache full:https://registry.npmjs.org/get-proto set size:8300 disposed:false
3569 silly fetch manifest has-property-descriptors@^1.0.2
3570 silly packumentCache full:https://registry.npmjs.org/has-property-descriptors cache-miss
3571 http cache https://registry.npmjs.org/has-property-descriptors 6ms (cache hit)
3572 silly packumentCache full:https://registry.npmjs.org/has-property-descriptors set size:12452 disposed:false
3573 silly fetch manifest has-proto@^1.2.0
3574 silly packumentCache full:https://registry.npmjs.org/has-proto cache-miss
3575 http fetch GET 200 https://registry.npmjs.org/function.prototype.name 396ms (cache miss)
3576 silly packumentCache full:https://registry.npmjs.org/function.prototype.name set size:undefined disposed:false
3577 silly fetch manifest has-symbols@^1.1.0
3578 silly packumentCache full:https://registry.npmjs.org/has-symbols cache-miss
3579 http fetch GET 200 https://registry.npmjs.org/gopd 246ms (cache revalidated)
3580 silly packumentCache full:https://registry.npmjs.org/gopd set size:11458 disposed:false
3581 silly fetch manifest internal-slot@^1.1.0
3582 silly packumentCache full:https://registry.npmjs.org/internal-slot cache-miss
3583 http fetch GET 200 https://registry.npmjs.org/available-typed-arrays 1257ms (cache miss)
3584 silly packumentCache full:https://registry.npmjs.org/available-typed-arrays set size:undefined disposed:false
3585 silly fetch manifest is-array-buffer@^3.0.5
3586 silly packumentCache full:https://registry.npmjs.org/is-array-buffer cache-miss
3587 http fetch GET 200 https://registry.npmjs.org/globalthis 424ms (cache miss)
3588 silly packumentCache full:https://registry.npmjs.org/globalthis set size:undefined disposed:false
3589 silly fetch manifest is-callable@^1.2.7
3590 silly packumentCache full:https://registry.npmjs.org/is-callable cache-miss
3591 http fetch GET 200 https://registry.npmjs.org/has-symbols 237ms (cache revalidated)
3592 silly packumentCache full:https://registry.npmjs.org/has-symbols set size:21550 disposed:false
3593 silly fetch manifest is-data-view@^1.0.2
3594 silly packumentCache full:https://registry.npmjs.org/is-data-view cache-miss
3595 http fetch GET 200 https://registry.npmjs.org/is-data-view 289ms (cache miss)
3596 silly packumentCache full:https://registry.npmjs.org/is-data-view set size:undefined disposed:false
3597 silly fetch manifest is-negative-zero@^2.0.3
3598 silly packumentCache full:https://registry.npmjs.org/is-negative-zero cache-miss
3599 http fetch GET 200 https://registry.npmjs.org/es-set-tostringtag 1508ms (cache revalidated)
3600 silly packumentCache full:https://registry.npmjs.org/es-set-tostringtag set size:22094 disposed:false
3601 silly fetch manifest is-regex@^1.2.1
3602 silly packumentCache full:https://registry.npmjs.org/is-regex cache-miss
3603 http fetch GET 200 https://registry.npmjs.org/is-array-buffer 660ms (cache miss)
3604 silly packumentCache full:https://registry.npmjs.org/is-array-buffer set size:undefined disposed:false
3605 silly fetch manifest is-set@^2.0.3
3606 silly packumentCache full:https://registry.npmjs.org/is-set cache-miss
3607 http fetch GET 200 https://registry.npmjs.org/get-symbol-description 1101ms (cache miss)
3608 silly packumentCache full:https://registry.npmjs.org/get-symbol-description set size:undefined disposed:false
3609 silly fetch manifest is-shared-array-buffer@^1.0.4
3610 silly packumentCache full:https://registry.npmjs.org/is-shared-array-buffer cache-miss
3611 http fetch GET 200 https://registry.npmjs.org/internal-slot 763ms (cache miss)
3612 silly packumentCache full:https://registry.npmjs.org/internal-slot set size:undefined disposed:false
3613 silly fetch manifest is-typed-array@^1.1.15
3614 silly packumentCache full:https://registry.npmjs.org/is-typed-array cache-miss
3615 http fetch GET 200 https://registry.npmjs.org/is-negative-zero 333ms (cache miss)
3616 silly packumentCache full:https://registry.npmjs.org/is-negative-zero set size:undefined disposed:false
3617 silly fetch manifest is-weakref@^1.1.1
3618 silly packumentCache full:https://registry.npmjs.org/is-weakref cache-miss
3619 http fetch GET 200 https://registry.npmjs.org/has-proto 1204ms (cache miss)
3620 silly packumentCache full:https://registry.npmjs.org/has-proto set size:undefined disposed:false
3621 silly fetch manifest object-inspect@^1.13.4
3622 silly packumentCache full:https://registry.npmjs.org/object-inspect cache-miss
3623 http fetch GET 200 https://registry.npmjs.org/is-shared-array-buffer 486ms (cache miss)
3624 silly packumentCache full:https://registry.npmjs.org/is-shared-array-buffer set size:undefined disposed:false
3625 silly fetch manifest object.assign@^4.1.7
3626 silly packumentCache full:https://registry.npmjs.org/object.assign cache-miss
3627 http fetch GET 200 https://registry.npmjs.org/is-callable 1142ms (cache miss)
3628 silly packumentCache full:https://registry.npmjs.org/is-callable set size:undefined disposed:false
3629 silly fetch manifest own-keys@^1.0.1
3630 silly packumentCache full:https://registry.npmjs.org/own-keys cache-miss
3631 http fetch GET 200 https://registry.npmjs.org/is-weakref 512ms (cache miss)
3632 silly packumentCache full:https://registry.npmjs.org/is-weakref set size:undefined disposed:false
3633 silly fetch manifest regexp.prototype.flags@^1.5.4
3634 silly packumentCache full:https://registry.npmjs.org/regexp.prototype.flags cache-miss
3635 http fetch GET 200 https://registry.npmjs.org/is-set 596ms (cache miss)
3636 silly packumentCache full:https://registry.npmjs.org/is-set set size:undefined disposed:false
3637 silly fetch manifest safe-array-concat@^1.1.3
3638 silly packumentCache full:https://registry.npmjs.org/safe-array-concat cache-miss
3639 http fetch GET 200 https://registry.npmjs.org/object-inspect 268ms (cache revalidated)
3640 silly packumentCache full:https://registry.npmjs.org/object-inspect set size:101912 disposed:false
3641 silly fetch manifest safe-push-apply@^1.0.0
3642 silly packumentCache full:https://registry.npmjs.org/safe-push-apply cache-miss
3643 http fetch GET 200 https://registry.npmjs.org/own-keys 412ms (cache miss)
3644 silly packumentCache full:https://registry.npmjs.org/own-keys set size:undefined disposed:false
3645 silly fetch manifest safe-regex-test@^1.1.0
3646 silly packumentCache full:https://registry.npmjs.org/safe-regex-test cache-miss
3647 http cache https://registry.npmjs.org/safe-regex-test 36ms (cache hit)
3648 silly packumentCache full:https://registry.npmjs.org/safe-regex-test set size:17412 disposed:false
3649 silly fetch manifest set-proto@^1.0.0
3650 silly packumentCache full:https://registry.npmjs.org/set-proto cache-miss
3651 http fetch GET 200 https://registry.npmjs.org/safe-push-apply 451ms (cache miss)
3652 silly packumentCache full:https://registry.npmjs.org/safe-push-apply set size:undefined disposed:false
3653 silly fetch manifest stop-iteration-iterator@^1.1.0
3654 silly packumentCache full:https://registry.npmjs.org/stop-iteration-iterator cache-miss
3655 http fetch GET 200 https://registry.npmjs.org/safe-array-concat 960ms (cache miss)
3656 silly packumentCache full:https://registry.npmjs.org/safe-array-concat set size:undefined disposed:false
3657 silly fetch manifest string.prototype.trim@^1.2.10
3658 silly packumentCache full:https://registry.npmjs.org/string.prototype.trim cache-miss
3659 http fetch GET 200 https://registry.npmjs.org/set-proto 568ms (cache miss)
3660 silly packumentCache full:https://registry.npmjs.org/set-proto set size:undefined disposed:false
3661 silly fetch manifest string.prototype.trimstart@^1.0.8
3662 silly packumentCache full:https://registry.npmjs.org/string.prototype.trimstart cache-miss
3663 http fetch GET 200 https://registry.npmjs.org/is-regex 1613ms (cache miss)
3664 silly packumentCache full:https://registry.npmjs.org/is-regex set size:undefined disposed:false
3665 silly fetch manifest typed-array-buffer@^1.0.3
3666 silly packumentCache full:https://registry.npmjs.org/typed-array-buffer cache-miss
3667 http fetch GET 200 https://registry.npmjs.org/stop-iteration-iterator 516ms (cache miss)
3668 silly packumentCache full:https://registry.npmjs.org/stop-iteration-iterator set size:undefined disposed:false
3669 silly fetch manifest typed-array-byte-length@^1.0.3
3670 silly packumentCache full:https://registry.npmjs.org/typed-array-byte-length cache-miss
3671 http fetch GET 200 https://registry.npmjs.org/regexp.prototype.flags 1111ms (cache miss)
3672 silly packumentCache full:https://registry.npmjs.org/regexp.prototype.flags set size:undefined disposed:false
3673 silly fetch manifest typed-array-byte-offset@^1.0.4
3674 silly packumentCache full:https://registry.npmjs.org/typed-array-byte-offset cache-miss
3675 http fetch GET 200 https://registry.npmjs.org/is-typed-array 1816ms (cache miss)
3676 silly packumentCache full:https://registry.npmjs.org/is-typed-array set size:undefined disposed:false
3677 silly fetch manifest typed-array-length@^1.0.7
3678 silly packumentCache full:https://registry.npmjs.org/typed-array-length cache-miss
3679 http fetch GET 200 https://registry.npmjs.org/object.assign 1368ms (cache miss)
3680 silly packumentCache full:https://registry.npmjs.org/object.assign set size:undefined disposed:false
3681 silly fetch manifest unbox-primitive@^1.1.0
3682 silly packumentCache full:https://registry.npmjs.org/unbox-primitive cache-miss
3683 http fetch GET 200 https://registry.npmjs.org/string.prototype.trim 660ms (cache miss)
3684 silly packumentCache full:https://registry.npmjs.org/string.prototype.trim set size:undefined disposed:false
3685 silly fetch manifest which-typed-array@^1.1.19
3686 silly packumentCache full:https://registry.npmjs.org/which-typed-array cache-miss
3687 http fetch GET 200 https://registry.npmjs.org/unbox-primitive 465ms (cache miss)
3688 silly packumentCache full:https://registry.npmjs.org/unbox-primitive set size:undefined disposed:false
3689 silly fetch manifest has-tostringtag@^1.0.2
3690 silly packumentCache full:https://registry.npmjs.org/has-tostringtag cache-miss
3691 http fetch GET 200 https://registry.npmjs.org/typed-array-length 664ms (cache miss)
3692 silly packumentCache full:https://registry.npmjs.org/typed-array-length set size:undefined disposed:false
3693 http fetch GET 200 https://registry.npmjs.org/has-tostringtag 240ms (cache revalidated)
3694 silly packumentCache full:https://registry.npmjs.org/has-tostringtag set size:13945 disposed:false
3695 http fetch GET 200 https://registry.npmjs.org/typed-array-byte-offset 1035ms (cache miss)
3696 silly packumentCache full:https://registry.npmjs.org/typed-array-byte-offset set size:undefined disposed:false
3697 http fetch GET 200 https://registry.npmjs.org/typed-array-buffer 1370ms (cache miss)
3698 silly packumentCache full:https://registry.npmjs.org/typed-array-buffer set size:undefined disposed:false
3699 http fetch GET 200 https://registry.npmjs.org/which-typed-array 734ms (cache miss)
3700 silly packumentCache full:https://registry.npmjs.org/which-typed-array set size:undefined disposed:false
3701 http fetch GET 200 https://registry.npmjs.org/typed-array-byte-length 1516ms (cache miss)
3702 silly packumentCache full:https://registry.npmjs.org/typed-array-byte-length set size:undefined disposed:false
3703 http fetch GET 200 https://registry.npmjs.org/string.prototype.trimstart 4279ms (cache miss)
3704 silly packumentCache full:https://registry.npmjs.org/string.prototype.trimstart set size:undefined disposed:false
3705 silly placeDep ROOT es-errors@1.3.0 OK for: array.prototype.findlastindex@1.2.6 want: ^1.3.0
3706 silly placeDep ROOT es-shim-unscopables@1.1.0 OK for: array.prototype.findlastindex@1.2.6 want: ^1.1.0
3707 silly placeDep ROOT call-bind-apply-helpers@1.0.2 OK for: call-bind@1.0.9 want: ^1.0.2
3708 silly placeDep ROOT es-define-property@1.0.1 OK for: call-bind@1.0.9 want: ^1.0.1
3709 silly placeDep ROOT set-function-length@1.2.2 OK for: call-bind@1.0.9 want: ^1.2.2
3710 silly fetch manifest define-data-property@^1.1.4
3711 silly packumentCache full:https://registry.npmjs.org/define-data-property cache-miss
3712 silly fetch manifest gopd@^1.0.1
3713 silly packumentCache full:https://registry.npmjs.org/gopd cache-hit
3714 http cache https://registry.npmjs.org/define-data-property 7ms (cache hit)
3715 silly packumentCache full:https://registry.npmjs.org/define-data-property set size:28048 disposed:false
3716 silly placeDep ROOT function-bind@1.1.2 OK for: call-bind-apply-helpers@1.0.2 want: ^1.1.2
3717 silly placeDep ROOT define-data-property@1.1.4 OK for: define-properties@1.2.1 want: ^1.0.1
3718 silly placeDep ROOT has-property-descriptors@1.0.2 OK for: define-properties@1.2.1 want: ^1.0.0
3719 silly placeDep ROOT object-keys@1.1.1 OK for: define-properties@1.2.1 want: ^1.1.1
3720 silly placeDep ROOT gopd@1.2.0 OK for: define-data-property@1.1.4 want: ^1.0.1
3721 silly placeDep ROOT array-buffer-byte-length@1.0.2 OK for: es-abstract@1.24.2 want: ^1.0.2
3722 silly placeDep ROOT arraybuffer.prototype.slice@1.0.4 OK for: es-abstract@1.24.2 want: ^1.0.4
3723 silly placeDep ROOT available-typed-arrays@1.0.7 OK for: es-abstract@1.24.2 want: ^1.0.7
3724 silly placeDep ROOT data-view-buffer@1.0.2 OK for: es-abstract@1.24.2 want: ^1.0.2
3725 silly placeDep ROOT data-view-byte-length@1.0.2 OK for: es-abstract@1.24.2 want: ^1.0.2
3726 silly placeDep ROOT data-view-byte-offset@1.0.1 OK for: es-abstract@1.24.2 want: ^1.0.1
3727 silly placeDep ROOT es-set-tostringtag@2.1.0 OK for: es-abstract@1.24.2 want: ^2.1.0
3728 silly placeDep ROOT es-to-primitive@1.3.0 OK for: es-abstract@1.24.2 want: ^1.3.0
3729 silly placeDep ROOT function.prototype.name@1.1.8 OK for: es-abstract@1.24.2 want: ^1.1.8
3730 silly placeDep ROOT get-proto@1.0.1 OK for: es-abstract@1.24.2 want: ^1.0.1
3731 silly placeDep ROOT get-symbol-description@1.1.0 OK for: es-abstract@1.24.2 want: ^1.1.0
3732 silly placeDep ROOT globalthis@1.0.4 OK for: es-abstract@1.24.2 want: ^1.0.4
3733 silly placeDep ROOT has-proto@1.2.0 OK for: es-abstract@1.24.2 want: ^1.2.0
3734 silly placeDep ROOT has-symbols@1.1.0 OK for: es-abstract@1.24.2 want: ^1.1.0
3735 silly placeDep ROOT internal-slot@1.1.0 OK for: es-abstract@1.24.2 want: ^1.1.0
3736 silly placeDep ROOT is-array-buffer@3.0.5 OK for: es-abstract@1.24.2 want: ^3.0.5
3737 silly placeDep ROOT is-callable@1.2.7 OK for: es-abstract@1.24.2 want: ^1.2.7
3738 silly placeDep ROOT is-data-view@1.0.2 OK for: es-abstract@1.24.2 want: ^1.0.2
3739 silly placeDep ROOT is-negative-zero@2.0.3 OK for: es-abstract@1.24.2 want: ^2.0.3
3740 silly placeDep ROOT is-regex@1.2.1 OK for: es-abstract@1.24.2 want: ^1.2.1
3741 silly placeDep ROOT is-set@2.0.3 OK for: es-abstract@1.24.2 want: ^2.0.3
3742 silly placeDep ROOT is-shared-array-buffer@1.0.4 OK for: es-abstract@1.24.2 want: ^1.0.4
3743 silly placeDep ROOT is-typed-array@1.1.15 OK for: es-abstract@1.24.2 want: ^1.1.15
3744 silly placeDep ROOT is-weakref@1.1.1 OK for: es-abstract@1.24.2 want: ^1.1.1
3745 silly placeDep ROOT object-inspect@1.13.4 OK for: es-abstract@1.24.2 want: ^1.13.4
3746 silly placeDep ROOT object.assign@4.1.7 OK for: es-abstract@1.24.2 want: ^4.1.7
3747 silly placeDep ROOT own-keys@1.0.1 OK for: es-abstract@1.24.2 want: ^1.0.1
3748 silly placeDep ROOT regexp.prototype.flags@1.5.4 OK for: es-abstract@1.24.2 want: ^1.5.4
3749 silly placeDep ROOT safe-array-concat@1.1.4 OK for: es-abstract@1.24.2 want: ^1.1.3
3750 silly placeDep ROOT safe-push-apply@1.0.0 OK for: es-abstract@1.24.2 want: ^1.0.0
3751 silly placeDep ROOT safe-regex-test@1.1.0 OK for: es-abstract@1.24.2 want: ^1.1.0
3752 silly placeDep ROOT set-proto@1.0.0 OK for: es-abstract@1.24.2 want: ^1.0.0
3753 silly placeDep ROOT stop-iteration-iterator@1.1.0 OK for: es-abstract@1.24.2 want: ^1.1.0
3754 silly placeDep ROOT string.prototype.trim@1.2.10 OK for: es-abstract@1.24.2 want: ^1.2.10
3755 silly placeDep ROOT string.prototype.trimstart@1.0.8 OK for: es-abstract@1.24.2 want: ^1.0.8
3756 silly placeDep ROOT typed-array-buffer@1.0.3 OK for: es-abstract@1.24.2 want: ^1.0.3
3757 silly placeDep ROOT typed-array-byte-length@1.0.3 OK for: es-abstract@1.24.2 want: ^1.0.3
3758 silly placeDep ROOT typed-array-byte-offset@1.0.4 OK for: es-abstract@1.24.2 want: ^1.0.4
3759 silly placeDep ROOT typed-array-length@1.0.7 OK for: es-abstract@1.24.2 want: ^1.0.7
3760 silly placeDep ROOT unbox-primitive@1.1.0 OK for: es-abstract@1.24.2 want: ^1.1.0
3761 silly placeDep ROOT which-typed-array@1.1.20 OK for: es-abstract@1.24.2 want: ^1.1.19
3762 silly fetch manifest is-array-buffer@^3.0.4
3763 silly packumentCache full:https://registry.npmjs.org/is-array-buffer cache-miss
3764 silly fetch manifest possible-typed-array-names@^1.0.0
3765 silly packumentCache full:https://registry.npmjs.org/possible-typed-array-names cache-miss
3766 silly fetch manifest is-data-view@^1.0.1
3767 silly packumentCache full:https://registry.npmjs.org/is-data-view cache-miss
3768 silly fetch manifest is-date-object@^1.0.5
3769 silly packumentCache full:https://registry.npmjs.org/is-date-object cache-miss
3770 silly fetch manifest is-symbol@^1.0.4
3771 silly packumentCache full:https://registry.npmjs.org/is-symbol cache-miss
3772 silly fetch manifest functions-have-names@^1.2.3
3773 silly packumentCache full:https://registry.npmjs.org/functions-have-names cache-miss
3774 silly fetch manifest dunder-proto@^1.0.1
3775 silly packumentCache full:https://registry.npmjs.org/dunder-proto cache-miss
3776 http cache https://registry.npmjs.org/is-array-buffer 41ms (cache hit)
3777 silly packumentCache full:https://registry.npmjs.org/is-array-buffer set size:33562 disposed:false
3778 silly fetch manifest dunder-proto@^1.0.0
3779 silly packumentCache full:https://registry.npmjs.org/dunder-proto cache-miss
3780 http cache https://registry.npmjs.org/is-data-view 45ms (cache hit)
3781 silly packumentCache full:https://registry.npmjs.org/is-data-view set size:13756 disposed:false
3782 silly fetch manifest side-channel@^1.1.0
3783 silly packumentCache full:https://registry.npmjs.org/side-channel cache-miss
3784 http fetch GET 200 https://registry.npmjs.org/dunder-proto 286ms (cache revalidated)
3785 silly packumentCache full:https://registry.npmjs.org/dunder-proto set size:8256 disposed:false
3786 silly fetch manifest is-typed-array@^1.1.13
3787 silly packumentCache full:https://registry.npmjs.org/is-typed-array cache-miss
3788 http cache https://registry.npmjs.org/is-typed-array 12ms (cache hit)
3789 silly packumentCache full:https://registry.npmjs.org/is-typed-array set size:79965 disposed:false
3790 silly fetch manifest which-typed-array@^1.1.16
3791 silly packumentCache full:https://registry.npmjs.org/which-typed-array cache-miss
3792 http fetch GET 200 https://registry.npmjs.org/side-channel 283ms (cache revalidated)
3793 silly packumentCache full:https://registry.npmjs.org/side-channel set size:24660 disposed:false
3794 silly fetch manifest set-function-name@^2.0.2
3795 silly packumentCache full:https://registry.npmjs.org/set-function-name cache-miss
3796 http cache https://registry.npmjs.org/which-typed-array 21ms (cache hit)
3797 silly packumentCache full:https://registry.npmjs.org/which-typed-array set size:93605 disposed:false
3798 silly fetch manifest isarray@^2.0.5
3799 silly packumentCache full:https://registry.npmjs.org/isarray cache-miss
3800 http fetch GET 200 https://registry.npmjs.org/functions-have-names 455ms (cache miss)
3801 silly packumentCache full:https://registry.npmjs.org/functions-have-names set size:undefined disposed:false
3802 silly fetch manifest isarray@^2.0.5
3803 silly packumentCache full:https://registry.npmjs.org/isarray cache-miss
3804 http fetch GET 200 https://registry.npmjs.org/is-symbol 573ms (cache miss)
3805 silly packumentCache full:https://registry.npmjs.org/is-symbol set size:undefined disposed:false
3806 silly fetch manifest for-each@^0.3.3
3807 silly packumentCache full:https://registry.npmjs.org/for-each cache-miss
3808 http fetch GET 200 https://registry.npmjs.org/is-date-object 686ms (cache miss)
3809 silly packumentCache full:https://registry.npmjs.org/is-date-object set size:undefined disposed:false
3810 silly fetch manifest for-each@^0.3.3
3811 silly packumentCache full:https://registry.npmjs.org/for-each cache-miss
3812 http fetch GET 200 https://registry.npmjs.org/isarray 513ms (cache miss)
3813 silly packumentCache full:https://registry.npmjs.org/isarray set size:undefined disposed:false
3814 silly fetch manifest reflect.getprototypeof@^1.0.9
3815 silly packumentCache full:https://registry.npmjs.org/reflect.getprototypeof cache-miss
3816 http fetch GET 200 https://registry.npmjs.org/dunder-proto 958ms (cache revalidated)
3817 silly packumentCache full:https://registry.npmjs.org/dunder-proto set size:8256 disposed:false
3818 silly packumentCache full:https://registry.npmjs.org/dunder-proto dispose
3819 silly fetch manifest for-each@^0.3.3
3820 silly packumentCache full:https://registry.npmjs.org/for-each cache-miss
3821 http fetch GET 200 https://registry.npmjs.org/set-function-name 727ms (cache miss)
3822 silly packumentCache full:https://registry.npmjs.org/set-function-name set size:undefined disposed:false
3823 silly fetch manifest possible-typed-array-names@^1.0.0
3824 silly packumentCache full:https://registry.npmjs.org/possible-typed-array-names cache-miss
3825 http fetch GET 200 https://registry.npmjs.org/possible-typed-array-names 1273ms (cache miss)
3826 silly packumentCache full:https://registry.npmjs.org/possible-typed-array-names set size:undefined disposed:false
3827 silly fetch manifest reflect.getprototypeof@^1.0.6
3828 silly packumentCache full:https://registry.npmjs.org/reflect.getprototypeof cache-miss
3829 http fetch GET 200 https://registry.npmjs.org/for-each 694ms (cache miss)
3830 silly packumentCache full:https://registry.npmjs.org/for-each set size:undefined disposed:false
3831 silly fetch manifest has-bigints@^1.0.2
3832 silly packumentCache full:https://registry.npmjs.org/has-bigints cache-miss
3833 http fetch GET 200 https://registry.npmjs.org/possible-typed-array-names 516ms (cache miss)
3834 silly packumentCache full:https://registry.npmjs.org/possible-typed-array-names set size:undefined disposed:false
3835 silly fetch manifest which-boxed-primitive@^1.1.1
3836 silly packumentCache full:https://registry.npmjs.org/which-boxed-primitive cache-miss
3837 http fetch GET 200 https://registry.npmjs.org/isarray 1345ms (cache miss)
3838 silly packumentCache full:https://registry.npmjs.org/isarray set size:undefined disposed:false
3839 silly fetch manifest for-each@^0.3.5
3840 silly packumentCache full:https://registry.npmjs.org/for-each cache-miss
3841 http cache https://registry.npmjs.org/for-each 12ms (cache hit)
3842 silly packumentCache full:https://registry.npmjs.org/for-each set size:14327 disposed:false
3843 http fetch GET 200 https://registry.npmjs.org/has-bigints 660ms (cache miss)
3844 silly packumentCache full:https://registry.npmjs.org/has-bigints set size:undefined disposed:false
3845 http fetch GET 200 https://registry.npmjs.org/for-each 1275ms (cache miss)
3846 silly packumentCache full:https://registry.npmjs.org/for-each set size:undefined disposed:false
3847 silly packumentCache full:https://registry.npmjs.org/for-each dispose
3848 http fetch GET 200 https://registry.npmjs.org/for-each 1088ms (cache miss)
3849 silly packumentCache full:https://registry.npmjs.org/for-each set size:undefined disposed:true
3850 http fetch GET 200 https://registry.npmjs.org/reflect.getprototypeof 969ms (cache miss)
3851 silly packumentCache full:https://registry.npmjs.org/reflect.getprototypeof set size:undefined disposed:false
3852 http fetch GET 200 https://registry.npmjs.org/reflect.getprototypeof 1453ms (cache miss)
3853 silly packumentCache full:https://registry.npmjs.org/reflect.getprototypeof set size:undefined disposed:false
3854 http fetch GET 200 https://registry.npmjs.org/which-boxed-primitive 1360ms (cache miss)
3855 silly packumentCache full:https://registry.npmjs.org/which-boxed-primitive set size:undefined disposed:false
3856 silly placeDep ROOT possible-typed-array-names@1.1.0 OK for: available-typed-arrays@1.0.7 want: ^1.0.0
3857 silly placeDep ROOT has-tostringtag@1.0.2 OK for: es-set-tostringtag@2.1.0 want: ^1.0.2
3858 silly placeDep ROOT is-date-object@1.1.0 OK for: es-to-primitive@1.3.0 want: ^1.0.5
3859 silly placeDep ROOT is-symbol@1.1.1 OK for: es-to-primitive@1.3.0 want: ^1.0.4
3860 silly placeDep node_modules/eslint-import-resolver-node debug@3.2.7 OK for: eslint-import-resolver-node@0.3.10 want: ^3.2.7
3861 silly placeDep node_modules/eslint-import-resolver-node resolve@2.0.0-next.6 OK for: eslint-import-resolver-node@0.3.10 want: ^2.0.0-next.6
3862 silly fetch manifest node-exports-info@^1.6.0
3863 silly packumentCache full:https://registry.npmjs.org/node-exports-info cache-miss
3864 http fetch GET 200 https://registry.npmjs.org/node-exports-info 1831ms (cache miss)
3865 silly packumentCache full:https://registry.npmjs.org/node-exports-info set size:undefined disposed:false
3866 silly placeDep node_modules/eslint-module-utils debug@3.2.7 OK for: eslint-module-utils@2.12.1 want: ^3.2.7
3867 silly placeDep ROOT @typescript-eslint/experimental-utils@5.62.0 OK for: eslint-plugin-jest@25.7.0 want: ^5.0.0
3868 silly placeDep ROOT aria-query@5.3.2 OK for: eslint-plugin-jsx-a11y@6.10.2 want: ^5.3.2
3869 silly placeDep ROOT ast-types-flow@0.0.8 OK for: eslint-plugin-jsx-a11y@6.10.2 want: ^0.0.8
3870 silly placeDep ROOT axe-core@4.11.4 OK for: eslint-plugin-jsx-a11y@6.10.2 want: ^4.10.0
3871 silly placeDep ROOT axobject-query@4.1.0 OK for: eslint-plugin-jsx-a11y@6.10.2 want: ^4.1.0
3872 silly placeDep ROOT damerau-levenshtein@1.0.8 OK for: eslint-plugin-jsx-a11y@6.10.2 want: ^1.0.8
3873 silly placeDep ROOT emoji-regex@9.2.2 OK for: eslint-plugin-jsx-a11y@6.10.2 want: ^9.2.2
3874 silly placeDep ROOT jsx-ast-utils@3.3.5 OK for: eslint-plugin-jsx-a11y@6.10.2 want: ^3.3.5
3875 silly placeDep ROOT language-tags@1.0.9 OK for: eslint-plugin-jsx-a11y@6.10.2 want: ^1.0.9
3876 silly placeDep ROOT string.prototype.includes@2.0.1 OK for: eslint-plugin-jsx-a11y@6.10.2 want: ^2.0.1
3877 silly fetch manifest language-subtag-registry@^0.3.20
3878 silly packumentCache full:https://registry.npmjs.org/language-subtag-registry cache-miss
3879 http fetch GET 200 https://registry.npmjs.org/language-subtag-registry 863ms (cache miss)
3880 silly packumentCache full:https://registry.npmjs.org/language-subtag-registry set size:undefined disposed:false
3881 silly placeDep ROOT array.prototype.findlast@1.2.5 OK for: eslint-plugin-react@7.37.5 want: ^1.2.5
3882 silly placeDep ROOT array.prototype.tosorted@1.1.4 OK for: eslint-plugin-react@7.37.5 want: ^1.1.4
3883 silly placeDep node_modules/eslint-plugin-react doctrine@2.1.0 OK for: eslint-plugin-react@7.37.5 want: ^2.1.0
3884 silly placeDep ROOT es-iterator-helpers@1.3.2 OK for: eslint-plugin-react@7.37.5 want: ^1.2.1
3885 silly placeDep ROOT estraverse@5.3.0 OK for: eslint-plugin-react@7.37.5 want: ^5.3.0
3886 silly placeDep ROOT object.entries@1.1.9 OK for: eslint-plugin-react@7.37.5 want: ^1.1.9
3887 silly placeDep ROOT prop-types@15.8.1 OK for: eslint-plugin-react@7.37.5 want: ^15.8.1
3888 silly placeDep node_modules/eslint-plugin-react resolve@2.0.0-next.6 OK for: eslint-plugin-react@7.37.5 want: ^2.0.0-next.5
3889 silly placeDep node_modules/eslint-plugin-react semver@6.3.1 OK for: eslint-plugin-react@7.37.5 want: ^6.3.1
3890 silly placeDep ROOT string.prototype.matchall@4.0.12 OK for: eslint-plugin-react@7.37.5 want: ^4.0.12
3891 silly placeDep ROOT string.prototype.repeat@1.0.0 OK for: eslint-plugin-react@7.37.5 want: ^1.0.0
3892 silly fetch manifest iterator.prototype@^1.1.5
3893 silly packumentCache full:https://registry.npmjs.org/iterator.prototype cache-miss
3894 silly fetch manifest react-is@^16.13.1
3895 silly packumentCache full:https://registry.npmjs.org/react-is cache-miss
3896 http fetch GET 200 https://registry.npmjs.org/iterator.prototype 3855ms (cache miss)
3897 silly packumentCache full:https://registry.npmjs.org/iterator.prototype set size:undefined disposed:false
3898 http fetch GET 200 https://registry.npmjs.org/react-is 65446ms (cache miss)
3899 silly packumentCache full:https://registry.npmjs.org/react-is set size:undefined disposed:false
3900 silly placeDep ROOT iterator.prototype@1.1.5 OK for: es-iterator-helpers@1.3.2 want: ^1.1.5
3901 silly placeDep ROOT esrecurse@4.3.0 OK for: eslint-scope@7.2.2 want: ^4.3.0
3902 silly placeDep ROOT @types/eslint@8.56.12 OK for: eslint-webpack-plugin@3.2.0 want: ^7.29.0 || ^8.4.1
3903 silly placeDep node_modules/eslint-webpack-plugin jest-worker@28.1.3 OK for: eslint-webpack-plugin@3.2.0 want: ^28.0.2
3904 silly placeDep ROOT normalize-path@3.0.0 OK for: eslint-webpack-plugin@3.2.0 want: ^3.0.0
3905 silly fetch manifest @types/estree@*
3906 silly packumentCache full:https://registry.npmjs.org/@types%2festree cache-hit
3907 silly placeDep ROOT @types/estree@1.0.8 OK for: @types/eslint@8.56.12 want: *
3908 silly placeDep ROOT acorn@8.16.0 OK for: espree@9.6.1 want: ^8.9.0
3909 silly placeDep ROOT acorn-jsx@5.3.2 OK for: espree@9.6.1 want: ^5.3.2
3910 silly placeDep ROOT reusify@1.1.0 OK for: fastq@1.20.1 want: ^1.0.4
3911 silly placeDep ROOT flat-cache@3.2.0 OK for: file-entry-cache@6.0.1 want: ^3.0.4
3912 silly fetch manifest keyv@^4.5.3
3913 silly packumentCache full:https://registry.npmjs.org/keyv cache-miss
3914 silly fetch manifest flatted@^3.2.9
3915 silly packumentCache full:https://registry.npmjs.org/flatted cache-miss
3916 http fetch GET 200 https://registry.npmjs.org/flatted 1032ms (cache miss)
3917 silly packumentCache full:https://registry.npmjs.org/flatted set size:undefined disposed:false
3918 http fetch GET 200 https://registry.npmjs.org/keyv 2419ms (cache miss)
3919 silly packumentCache full:https://registry.npmjs.org/keyv set size:undefined disposed:false
3920 silly placeDep node_modules/file-loader schema-utils@3.3.0 OK for: file-loader@6.2.0 want: ^3.0.0
3921 silly placeDep ROOT commondir@1.0.1 OK for: find-cache-dir@3.3.2 want: ^1.0.1
3922 silly placeDep ROOT pkg-dir@4.2.0 OK for: find-cache-dir@3.3.2 want: ^4.1.0
3923 silly placeDep ROOT locate-path@5.0.0 OK for: find-up@4.1.0 want: ^5.0.0
3924 silly placeDep ROOT path-exists@4.0.0 OK for: find-up@4.1.0 want: ^4.0.0
3925 silly fetch manifest p-locate@^4.1.0
3926 silly packumentCache full:https://registry.npmjs.org/p-locate cache-miss
3927 http fetch GET 200 https://registry.npmjs.org/p-locate 1097ms (cache miss)
3928 silly packumentCache full:https://registry.npmjs.org/p-locate set size:undefined disposed:false
3929 silly placeDep ROOT flatted@3.4.2 OK for: flat-cache@3.2.0 want: ^3.2.9
3930 silly placeDep ROOT keyv@4.5.4 OK for: flat-cache@3.2.0 want: ^4.5.3
3931 silly placeDep ROOT rimraf@3.0.2 OK for: flat-cache@3.2.0 want: ^3.0.2
3932 silly fetch manifest json-buffer@3.0.1
3933 silly packumentCache full:https://registry.npmjs.org/json-buffer cache-miss
3934 silly fetch manifest glob@^7.1.3
3935 silly packumentCache full:https://registry.npmjs.org/glob cache-miss
3936 http fetch GET 200 https://registry.npmjs.org/glob 308ms (cache revalidated)
3937 silly packumentCache full:https://registry.npmjs.org/glob set size:469465 disposed:false
3938 http fetch GET 200 https://registry.npmjs.org/json-buffer 1509ms (cache miss)
3939 silly packumentCache full:https://registry.npmjs.org/json-buffer set size:undefined disposed:false
3940 silly placeDep ROOT jsonfile@6.2.1 OK for: fs-extra@10.1.0 want: ^6.0.1
3941 silly placeDep ROOT universalify@2.0.1 OK for: fs-extra@10.1.0 want: ^2.0.0
3942 silly placeDep ROOT functions-have-names@1.2.3 OK for: function.prototype.name@1.1.8 want: ^1.2.3
3943 silly placeDep ROOT dunder-proto@1.0.1 OK for: get-proto@1.0.1 want: ^1.0.1
3944 silly placeDep ROOT type-fest@0.20.2 OK for: globals@13.24.0 want: ^0.20.2
3945 silly placeDep ROOT array-union@2.1.0 OK for: globby@11.1.0 want: ^2.1.0
3946 silly placeDep ROOT dir-glob@3.0.1 OK for: globby@11.1.0 want: ^3.0.1
3947 silly placeDep ROOT fast-glob@3.3.3 OK for: globby@11.1.0 want: ^3.2.9
3948 silly placeDep ROOT merge2@1.4.1 OK for: globby@11.1.0 want: ^1.4.1
3949 silly fetch manifest glob-parent@^5.1.2
3950 silly packumentCache full:https://registry.npmjs.org/glob-parent cache-hit
3951 silly fetch manifest merge2@^1.3.0
3952 silly packumentCache full:https://registry.npmjs.org/merge2 cache-miss
3953 http cache https://registry.npmjs.org/merge2 27ms (cache hit)
3954 silly packumentCache full:https://registry.npmjs.org/merge2 set size:46159 disposed:false
3955 silly placeDep node_modules/fast-glob glob-parent@5.1.2 OK for: fast-glob@3.3.3 want: ^5.1.2
3956 silly placeDep ROOT @types/html-minifier-terser@6.1.0 OK for: html-webpack-plugin@5.6.7 want: ^6.0.0
3957 silly placeDep ROOT html-minifier-terser@6.1.0 OK for: html-webpack-plugin@5.6.7 want: ^6.0.2
3958 silly placeDep ROOT pretty-error@4.0.0 OK for: html-webpack-plugin@5.6.7 want: ^4.0.0
3959 silly placeDep ROOT tapable@2.3.3 OK for: html-webpack-plugin@5.6.7 want: ^2.0.0
3960 silly fetch manifest camel-case@^4.1.2
3961 silly packumentCache full:https://registry.npmjs.org/camel-case cache-miss
3962 silly fetch manifest clean-css@^5.2.2
3963 silly packumentCache full:https://registry.npmjs.org/clean-css cache-miss
3964 silly fetch manifest commander@^8.3.0
3965 silly packumentCache full:https://registry.npmjs.org/commander cache-miss
3966 silly fetch manifest he@^1.2.0
3967 silly packumentCache full:https://registry.npmjs.org/he cache-miss
3968 silly fetch manifest param-case@^3.0.4
3969 silly packumentCache full:https://registry.npmjs.org/param-case cache-miss
3970 silly fetch manifest relateurl@^0.2.7
3971 silly packumentCache full:https://registry.npmjs.org/relateurl cache-miss
3972 silly fetch manifest terser@^5.10.0
3973 silly packumentCache full:https://registry.npmjs.org/terser cache-hit
3974 silly fetch manifest renderkid@^3.0.0
3975 silly packumentCache full:https://registry.npmjs.org/renderkid cache-miss
3976 http fetch GET 200 https://registry.npmjs.org/relateurl 646ms (cache miss)
3977 silly packumentCache full:https://registry.npmjs.org/relateurl set size:undefined disposed:false
3978 http fetch GET 200 https://registry.npmjs.org/param-case 1607ms (cache miss)
3979 silly packumentCache full:https://registry.npmjs.org/param-case set size:undefined disposed:false
3980 http fetch GET 200 https://registry.npmjs.org/renderkid 1870ms (cache miss)
3981 silly packumentCache full:https://registry.npmjs.org/renderkid set size:undefined disposed:false
3982 http fetch GET 200 https://registry.npmjs.org/camel-case 2235ms (cache miss)
3983 silly packumentCache full:https://registry.npmjs.org/camel-case set size:undefined disposed:false
3984 http fetch GET 200 https://registry.npmjs.org/he 2505ms (cache miss)
3985 silly packumentCache full:https://registry.npmjs.org/he set size:undefined disposed:false
3986 http fetch GET 200 https://registry.npmjs.org/clean-css 3218ms (cache miss)
3987 silly packumentCache full:https://registry.npmjs.org/clean-css set size:undefined disposed:false
3988 http fetch GET 200 https://registry.npmjs.org/commander 3862ms (cache miss)
3989 silly packumentCache full:https://registry.npmjs.org/commander set size:undefined disposed:false
3990 silly placeDep ROOT camel-case@4.1.2 OK for: html-minifier-terser@6.1.0 want: ^4.1.2
3991 silly placeDep ROOT clean-css@5.3.3 OK for: html-minifier-terser@6.1.0 want: ^5.2.2
3992 silly placeDep ROOT commander@8.3.0 OK for: html-minifier-terser@6.1.0 want: ^8.3.0
3993 silly placeDep ROOT he@1.2.0 OK for: html-minifier-terser@6.1.0 want: ^1.2.0
3994 silly placeDep ROOT param-case@3.0.4 OK for: html-minifier-terser@6.1.0 want: ^3.0.4
3995 silly placeDep ROOT relateurl@0.2.7 OK for: html-minifier-terser@6.1.0 want: ^0.2.7
3996 silly placeDep ROOT terser@5.46.2 OK for: html-minifier-terser@6.1.0 want: ^5.10.0
3997 silly fetch manifest pascal-case@^3.1.2
3998 silly packumentCache full:https://registry.npmjs.org/pascal-case cache-miss
3999 silly fetch manifest tslib@^2.0.3
4000 silly packumentCache full:https://registry.npmjs.org/tslib cache-miss
4001 silly fetch manifest source-map@~0.6.0
4002 silly packumentCache full:https://registry.npmjs.org/source-map cache-hit
4003 silly fetch manifest dot-case@^3.0.4
4004 silly packumentCache full:https://registry.npmjs.org/dot-case cache-miss
4005 silly fetch manifest tslib@^2.0.3
4006 silly packumentCache full:https://registry.npmjs.org/tslib cache-miss
4007 silly fetch manifest @jridgewell/source-map@^0.3.3
4008 silly packumentCache full:https://registry.npmjs.org/@jridgewell%2fsource-map cache-miss
4009 silly fetch manifest commander@^2.20.0
4010 silly packumentCache full:https://registry.npmjs.org/commander cache-miss
4011 silly fetch manifest source-map-support@~0.5.20
4012 silly packumentCache full:https://registry.npmjs.org/source-map-support cache-miss
4013 http cache https://registry.npmjs.org/commander 89ms (cache hit)
4014 silly packumentCache full:https://registry.npmjs.org/commander set size:306301 disposed:false
4015 http cache https://registry.npmjs.org/tslib 132ms (cache hit)
4016 silly packumentCache full:https://registry.npmjs.org/tslib set size:108760 disposed:false
4017 http cache https://registry.npmjs.org/tslib 131ms (cache hit)
4018 silly packumentCache full:https://registry.npmjs.org/tslib set size:108760 disposed:false
4019 silly packumentCache full:https://registry.npmjs.org/tslib dispose
4020 http fetch GET 200 https://registry.npmjs.org/pascal-case 633ms (cache miss)
4021 silly packumentCache full:https://registry.npmjs.org/pascal-case set size:undefined disposed:false
4022 http fetch GET 200 https://registry.npmjs.org/dot-case 1432ms (cache miss)
4023 silly packumentCache full:https://registry.npmjs.org/dot-case set size:undefined disposed:false
4024 http fetch GET 200 https://registry.npmjs.org/@jridgewell%2fsource-map 1622ms (cache miss)
4025 silly packumentCache full:https://registry.npmjs.org/@jridgewell%2fsource-map set size:undefined disposed:false
4026 http fetch GET 200 https://registry.npmjs.org/source-map-support 3445ms (cache miss)
4027 silly packumentCache full:https://registry.npmjs.org/source-map-support set size:undefined disposed:false
4028 silly placeDep ROOT pascal-case@3.1.2 OK for: camel-case@4.1.2 want: ^3.1.2
4029 silly placeDep ROOT tslib@2.8.1 OK for: camel-case@4.1.2 want: ^2.0.3
4030 silly fetch manifest no-case@^3.0.4
4031 silly packumentCache full:https://registry.npmjs.org/no-case cache-miss
4032 http fetch GET 200 https://registry.npmjs.org/no-case 1064ms (cache miss)
4033 silly packumentCache full:https://registry.npmjs.org/no-case set size:undefined disposed:false
4034 silly placeDep node_modules/clean-css source-map@0.6.1 OK for: clean-css@5.3.3 want: ~0.6.0
4035 silly placeDep ROOT harmony-reflect@1.6.2 OK for: identity-obj-proxy@3.0.0 want: ^1.4.6
4036 silly placeDep ROOT parent-module@1.0.1 OK for: import-fresh@3.3.1 want: ^1.0.0
4037 silly placeDep node_modules/import-fresh resolve-from@4.0.0 OK for: import-fresh@3.3.1 want: ^4.0.0
4038 silly fetch manifest callsites@^3.0.0
4039 silly packumentCache full:https://registry.npmjs.org/callsites cache-miss
4040 http fetch GET 200 https://registry.npmjs.org/callsites 536ms (cache miss)
4041 silly packumentCache full:https://registry.npmjs.org/callsites set size:undefined disposed:false
4042 silly placeDep ROOT side-channel@1.1.0 OK for: internal-slot@1.1.0 want: ^1.1.0
4043 silly fetch manifest side-channel-list@^1.0.0
4044 silly packumentCache full:https://registry.npmjs.org/side-channel-list cache-miss
4045 silly fetch manifest side-channel-map@^1.0.1
4046 silly packumentCache full:https://registry.npmjs.org/side-channel-map cache-miss
4047 silly fetch manifest side-channel-weakmap@^1.0.2
4048 silly packumentCache full:https://registry.npmjs.org/side-channel-weakmap cache-miss
4049 http fetch GET 200 https://registry.npmjs.org/side-channel-list 763ms (cache revalidated)
4050 silly packumentCache full:https://registry.npmjs.org/side-channel-list set size:9021 disposed:false
4051 http fetch GET 200 https://registry.npmjs.org/side-channel-map 2392ms (cache revalidated)
4052 silly packumentCache full:https://registry.npmjs.org/side-channel-map set size:9126 disposed:false
4053 http fetch GET 200 https://registry.npmjs.org/side-channel-weakmap 3508ms (cache revalidated)
4054 silly packumentCache full:https://registry.npmjs.org/side-channel-weakmap set size:12620 disposed:false
4055 silly placeDep ROOT is-extglob@2.1.1 OK for: is-glob@4.0.3 want: ^2.1.1
4056 silly placeDep ROOT istanbul-lib-coverage@3.2.2 OK for: istanbul-lib-instrument@5.2.1 want: ^3.2.0
4057 silly placeDep node_modules/istanbul-lib-instrument semver@6.3.1 OK for: istanbul-lib-instrument@5.2.1 want: ^6.3.0
4058 silly placeDep ROOT set-function-name@2.0.2 OK for: iterator.prototype@1.1.5 want: ^2.0.2
4059 silly placeDep ROOT @jest/core@27.5.1 OK for: jest@27.5.1 want: ^27.5.1
4060 silly placeDep ROOT import-local@3.2.0 OK for: jest@27.5.1 want: ^3.0.2
4061 silly placeDep ROOT jest-cli@27.5.1 OK for: jest@27.5.1 want: ^27.5.1
4062 silly fetch manifest exit@^0.1.2
4063 silly packumentCache full:https://registry.npmjs.org/exit cache-miss
4064 silly fetch manifest emittery@^0.8.1
4065 silly packumentCache full:https://registry.npmjs.org/emittery cache-miss
4066 silly fetch manifest jest-config@^27.5.1
4067 silly packumentCache full:https://registry.npmjs.org/jest-config cache-miss
4068 silly fetch manifest jest-runner@^27.5.1
4069 silly packumentCache full:https://registry.npmjs.org/jest-runner cache-miss
4070 silly fetch manifest ansi-escapes@^4.2.1
4071 silly packumentCache full:https://registry.npmjs.org/ansi-escapes cache-hit
4072 silly fetch manifest jest-runtime@^27.5.1
4073 silly packumentCache full:https://registry.npmjs.org/jest-runtime cache-miss
4074 silly fetch manifest jest-watcher@^27.5.1
4075 silly packumentCache full:https://registry.npmjs.org/jest-watcher cache-hit
4076 silly fetch manifest @jest/console@^27.5.1
4077 silly packumentCache full:https://registry.npmjs.org/@jest%2fconsole cache-miss
4078 silly fetch manifest jest-snapshot@^27.5.1
4079 silly packumentCache full:https://registry.npmjs.org/jest-snapshot cache-miss
4080 http fetch GET 200 https://registry.npmjs.org/exit 350ms (cache miss)
4081 silly packumentCache full:https://registry.npmjs.org/exit set size:undefined disposed:false
4082 silly fetch manifest @jest/reporters@^27.5.1
4083 silly packumentCache full:https://registry.npmjs.org/@jest%2freporters cache-miss
4084 http fetch GET 200 https://registry.npmjs.org/emittery 2949ms (cache miss)
4085 silly packumentCache full:https://registry.npmjs.org/emittery set size:undefined disposed:false
4086 silly fetch manifest @jest/test-result@^27.5.1
4087 silly packumentCache full:https://registry.npmjs.org/@jest%2ftest-result cache-miss
4088 http fetch GET 200 https://registry.npmjs.org/@jest%2fconsole 4610ms (cache miss)
4089 silly packumentCache full:https://registry.npmjs.org/@jest%2fconsole set size:undefined disposed:false
4090 silly fetch manifest jest-message-util@^27.5.1
4091 silly packumentCache full:https://registry.npmjs.org/jest-message-util cache-miss
4092 http fetch GET 200 https://registry.npmjs.org/jest-runtime 5019ms (cache miss)
4093 silly packumentCache full:https://registry.npmjs.org/jest-runtime set size:undefined disposed:false
4094 silly fetch manifest jest-changed-files@^27.5.1
4095 silly packumentCache full:https://registry.npmjs.org/jest-changed-files cache-miss
4096 http fetch GET 200 https://registry.npmjs.org/@jest%2freporters 5293ms (cache miss)
4097 silly packumentCache full:https://registry.npmjs.org/@jest%2freporters set size:undefined disposed:false
4098 silly fetch manifest jest-resolve-dependencies@^27.5.1
4099 silly packumentCache full:https://registry.npmjs.org/jest-resolve-dependencies cache-miss
4100 http fetch GET 200 https://registry.npmjs.org/jest-changed-files 2734ms (cache miss)
4101 silly packumentCache full:https://registry.npmjs.org/jest-changed-files set size:undefined disposed:false
4102 silly fetch manifest resolve-cwd@^3.0.0
4103 silly packumentCache full:https://registry.npmjs.org/resolve-cwd cache-miss
4104 http fetch GET 200 https://registry.npmjs.org/jest-runner 8175ms (cache miss)
4105 silly packumentCache full:https://registry.npmjs.org/jest-runner set size:undefined disposed:false
4106 silly fetch manifest yargs@^16.2.0
4107 silly packumentCache full:https://registry.npmjs.org/yargs cache-miss
4108 http fetch GET 200 https://registry.npmjs.org/resolve-cwd 505ms (cache miss)
4109 silly packumentCache full:https://registry.npmjs.org/resolve-cwd set size:undefined disposed:false
4110 silly fetch manifest jest-config@^27.5.1
4111 silly packumentCache full:https://registry.npmjs.org/jest-config cache-miss
4112 http fetch GET 200 https://registry.npmjs.org/jest-snapshot 8335ms (cache miss)
4113 silly packumentCache full:https://registry.npmjs.org/jest-snapshot set size:undefined disposed:false
4114 silly fetch manifest @jest/test-result@^27.5.1
4115 silly packumentCache full:https://registry.npmjs.org/@jest%2ftest-result cache-miss
4116 http fetch GET 200 https://registry.npmjs.org/jest-message-util 3818ms (cache miss)
4117 silly packumentCache full:https://registry.npmjs.org/jest-message-util set size:undefined disposed:false
4118 http fetch GET 200 https://registry.npmjs.org/@jest%2ftest-result 6794ms (cache miss)
4119 silly packumentCache full:https://registry.npmjs.org/@jest%2ftest-result set size:undefined disposed:false
4120 http fetch GET 200 https://registry.npmjs.org/jest-resolve-dependencies 5788ms (cache miss)
4121 silly packumentCache full:https://registry.npmjs.org/jest-resolve-dependencies set size:undefined disposed:false
4122 http fetch GET 200 https://registry.npmjs.org/yargs 3303ms (cache miss)
4123 silly packumentCache full:https://registry.npmjs.org/yargs set size:undefined disposed:false
4124 http fetch GET 200 https://registry.npmjs.org/@jest%2ftest-result 4204ms (cache miss)
4125 silly packumentCache full:https://registry.npmjs.org/@jest%2ftest-result set size:undefined disposed:false
4126 http fetch GET 200 https://registry.npmjs.org/jest-config 4889ms (cache miss)
4127 silly packumentCache full:https://registry.npmjs.org/jest-config set size:undefined disposed:false
4128 http fetch GET 200 https://registry.npmjs.org/jest-config 14556ms (cache miss)
4129 silly packumentCache full:https://registry.npmjs.org/jest-config set size:undefined disposed:false
4130 silly placeDep ROOT @jest/console@27.5.1 OK for: @jest/core@27.5.1 want: ^27.5.1
4131 silly placeDep ROOT @jest/reporters@27.5.1 OK for: @jest/core@27.5.1 want: ^27.5.1
4132 silly placeDep ROOT @jest/test-result@27.5.1 OK for: @jest/core@27.5.1 want: ^27.5.1
4133 silly placeDep ROOT ansi-escapes@4.3.2 OK for: @jest/core@27.5.1 want: ^4.2.1
4134 silly placeDep ROOT emittery@0.8.1 OK for: @jest/core@27.5.1 want: ^0.8.1
4135 silly placeDep ROOT exit@0.1.2 OK for: @jest/core@27.5.1 want: ^0.1.2
4136 silly placeDep ROOT jest-changed-files@27.5.1 OK for: @jest/core@27.5.1 want: ^27.5.1
4137 silly placeDep ROOT jest-config@27.5.1 OK for: @jest/core@27.5.1 want: ^27.5.1
4138 silly placeDep ROOT jest-message-util@27.5.1 OK for: @jest/core@27.5.1 want: ^27.5.1
4139 silly placeDep ROOT jest-resolve-dependencies@27.5.1 OK for: @jest/core@27.5.1 want: ^27.5.1
4140 silly placeDep ROOT jest-runner@27.5.1 OK for: @jest/core@27.5.1 want: ^27.5.1
4141 silly placeDep ROOT jest-runtime@27.5.1 OK for: @jest/core@27.5.1 want: ^27.5.1
4142 silly placeDep ROOT jest-snapshot@27.5.1 OK for: @jest/core@27.5.1 want: ^27.5.1
4143 silly placeDep ROOT jest-validate@27.5.1 OK for: @jest/core@27.5.1 want: ^27.5.1
4144 silly placeDep ROOT jest-watcher@27.5.1 OK for: @jest/core@27.5.1 want: ^27.5.1
4145 silly fetch manifest glob@^7.1.2
4146 silly packumentCache full:https://registry.npmjs.org/glob cache-hit
4147 silly fetch manifest source-map@^0.6.0
4148 silly packumentCache full:https://registry.npmjs.org/source-map cache-hit
4149 silly fetch manifest string-length@^4.0.1
4150 silly packumentCache full:https://registry.npmjs.org/string-length cache-hit
4151 silly fetch manifest terminal-link@^2.0.0
4152 silly packumentCache full:https://registry.npmjs.org/terminal-link cache-miss
4153 silly fetch manifest v8-to-istanbul@^8.1.0
4154 silly packumentCache full:https://registry.npmjs.org/v8-to-istanbul cache-miss
4155 silly fetch manifest istanbul-reports@^3.1.3
4156 silly packumentCache full:https://registry.npmjs.org/istanbul-reports cache-miss
4157 silly fetch manifest @bcoe/v8-coverage@^0.2.3
4158 silly packumentCache full:https://registry.npmjs.org/@bcoe%2fv8-coverage cache-miss
4159 silly fetch manifest collect-v8-coverage@^1.0.0
4160 silly packumentCache full:https://registry.npmjs.org/collect-v8-coverage cache-miss
4161 silly fetch manifest istanbul-lib-report@^3.0.0
4162 silly packumentCache full:https://registry.npmjs.org/istanbul-lib-report cache-miss
4163 silly fetch manifest istanbul-lib-source-maps@^4.0.0
4164 silly packumentCache full:https://registry.npmjs.org/istanbul-lib-source-maps cache-miss
4165 http fetch GET 200 https://registry.npmjs.org/@bcoe%2fv8-coverage 590ms (cache miss)
4166 silly packumentCache full:https://registry.npmjs.org/@bcoe%2fv8-coverage set size:undefined disposed:false
4167 silly fetch manifest collect-v8-coverage@^1.0.0
4168 silly packumentCache full:https://registry.npmjs.org/collect-v8-coverage cache-miss
4169 http fetch GET 200 https://registry.npmjs.org/istanbul-lib-report 735ms (cache miss)
4170 silly packumentCache full:https://registry.npmjs.org/istanbul-lib-report set size:undefined disposed:false
4171 silly fetch manifest type-fest@^0.21.3
4172 silly packumentCache full:https://registry.npmjs.org/type-fest cache-hit
4173 silly fetch manifest execa@^5.0.0
4174 silly packumentCache full:https://registry.npmjs.org/execa cache-miss
4175 http fetch GET 200 https://registry.npmjs.org/collect-v8-coverage 1260ms (cache miss)
4176 silly packumentCache full:https://registry.npmjs.org/collect-v8-coverage set size:undefined disposed:false
4177 silly fetch manifest throat@^6.0.1
4178 silly packumentCache full:https://registry.npmjs.org/throat cache-miss
4179 http fetch GET 200 https://registry.npmjs.org/execa 747ms (cache revalidated)
4180 silly packumentCache full:https://registry.npmjs.org/execa set size:181234 disposed:false
4181 silly fetch manifest glob@^7.1.1
4182 silly packumentCache full:https://registry.npmjs.org/glob cache-hit
4183 silly fetch manifest jest-circus@^27.5.1
4184 silly packumentCache full:https://registry.npmjs.org/jest-circus cache-miss
4185 http fetch GET 200 https://registry.npmjs.org/istanbul-reports 2361ms (cache miss)
4186 silly packumentCache full:https://registry.npmjs.org/istanbul-reports set size:undefined disposed:false
4187 silly fetch manifest jest-get-type@^27.5.1
4188 silly packumentCache full:https://registry.npmjs.org/jest-get-type cache-miss
4189 http fetch GET 200 https://registry.npmjs.org/throat 1181ms (cache miss)
4190 silly packumentCache full:https://registry.npmjs.org/throat set size:undefined disposed:false
4191 silly fetch manifest jest-jasmine2@^27.5.1
4192 silly packumentCache full:https://registry.npmjs.org/jest-jasmine2 cache-miss
4193 http fetch GET 200 https://registry.npmjs.org/istanbul-lib-source-maps 2697ms (cache miss)
4194 silly packumentCache full:https://registry.npmjs.org/istanbul-lib-source-maps set size:undefined disposed:false
4195 silly fetch manifest pretty-format@^27.5.1
4196 silly packumentCache full:https://registry.npmjs.org/pretty-format cache-miss
4197 http fetch GET 200 https://registry.npmjs.org/v8-to-istanbul 2947ms (cache miss)
4198 silly packumentCache full:https://registry.npmjs.org/v8-to-istanbul set size:undefined disposed:false
4199 silly fetch manifest @jest/test-sequencer@^27.5.1
4200 silly packumentCache full:https://registry.npmjs.org/@jest%2ftest-sequencer cache-miss
4201 http fetch GET 200 https://registry.npmjs.org/terminal-link 3944ms (cache miss)
4202 silly packumentCache full:https://registry.npmjs.org/terminal-link set size:undefined disposed:false
4203 silly fetch manifest jest-environment-node@^27.5.1
4204 silly packumentCache full:https://registry.npmjs.org/jest-environment-node cache-miss
4205 http fetch GET 200 https://registry.npmjs.org/collect-v8-coverage 4033ms (cache miss)
4206 silly packumentCache full:https://registry.npmjs.org/collect-v8-coverage set size:undefined disposed:false
4207 silly fetch manifest jest-environment-jsdom@^27.5.1
4208 silly packumentCache full:https://registry.npmjs.org/jest-environment-jsdom cache-miss
4209 http fetch GET 200 https://registry.npmjs.org/jest-get-type 2472ms (cache miss)
4210 silly packumentCache full:https://registry.npmjs.org/jest-get-type set size:undefined disposed:false
4211 silly fetch manifest stack-utils@^2.0.3
4212 silly packumentCache full:https://registry.npmjs.org/stack-utils cache-miss
4213 http fetch GET 200 https://registry.npmjs.org/stack-utils 1456ms (cache miss)
4214 silly packumentCache full:https://registry.npmjs.org/stack-utils set size:undefined disposed:false
4215 silly fetch manifest pretty-format@^27.5.1
4216 silly packumentCache full:https://registry.npmjs.org/pretty-format cache-miss
4217 http fetch GET 200 https://registry.npmjs.org/jest-circus 5136ms (cache miss)
4218 silly packumentCache full:https://registry.npmjs.org/jest-circus set size:undefined disposed:false
4219 silly fetch manifest @types/stack-utils@^2.0.0
4220 silly packumentCache full:https://registry.npmjs.org/@types%2fstack-utils cache-miss
4221 http fetch GET 200 https://registry.npmjs.org/@types%2fstack-utils 566ms (cache miss)
4222 silly packumentCache full:https://registry.npmjs.org/@types%2fstack-utils set size:undefined disposed:false
4223 silly fetch manifest jest-docblock@^27.5.1
4224 silly packumentCache full:https://registry.npmjs.org/jest-docblock cache-miss
4225 http fetch GET 200 https://registry.npmjs.org/@jest%2ftest-sequencer 5278ms (cache miss)
4226 silly packumentCache full:https://registry.npmjs.org/@jest%2ftest-sequencer set size:undefined disposed:false
4227 silly fetch manifest @jest/environment@^27.5.1
4228 silly packumentCache full:https://registry.npmjs.org/@jest%2fenvironment cache-miss
4229 http fetch GET 200 https://registry.npmjs.org/jest-environment-node 4706ms (cache miss)
4230 silly packumentCache full:https://registry.npmjs.org/jest-environment-node set size:undefined disposed:false
4231 silly fetch manifest jest-leak-detector@^27.5.1
4232 silly packumentCache full:https://registry.npmjs.org/jest-leak-detector cache-miss
4233 http fetch GET 200 https://registry.npmjs.org/jest-environment-jsdom 4039ms (cache miss)
4234 silly packumentCache full:https://registry.npmjs.org/jest-environment-jsdom set size:undefined disposed:false
4235 silly fetch manifest source-map-support@^0.5.6
4236 silly packumentCache full:https://registry.npmjs.org/source-map-support cache-miss
4237 http cache https://registry.npmjs.org/source-map-support 19ms (cache hit)
4238 silly packumentCache full:https://registry.npmjs.org/source-map-support set size:125488 disposed:false
4239 silly fetch manifest jest-mock@^27.5.1
4240 silly packumentCache full:https://registry.npmjs.org/jest-mock cache-miss
4241 http fetch GET 200 https://registry.npmjs.org/jest-docblock 2136ms (cache miss)
4242 silly packumentCache full:https://registry.npmjs.org/jest-docblock set size:undefined disposed:false
4243 silly fetch manifest strip-bom@^4.0.0
4244 silly packumentCache full:https://registry.npmjs.org/strip-bom cache-miss
4245 http cache https://registry.npmjs.org/strip-bom 51ms (cache hit)
4246 silly packumentCache full:https://registry.npmjs.org/strip-bom set size:19359 disposed:false
4247 silly fetch manifest @jest/globals@^27.5.1
4248 silly packumentCache full:https://registry.npmjs.org/@jest%2fglobals cache-miss
4249 http fetch GET 200 https://registry.npmjs.org/jest-jasmine2 7131ms (cache miss)
4250 silly packumentCache full:https://registry.npmjs.org/jest-jasmine2 set size:undefined disposed:false
4251 silly fetch manifest @jest/source-map@^27.5.1
4252 silly packumentCache full:https://registry.npmjs.org/@jest%2fsource-map cache-miss
4253 http fetch GET 200 https://registry.npmjs.org/pretty-format 8623ms (cache miss)
4254 silly packumentCache full:https://registry.npmjs.org/pretty-format set size:undefined disposed:false
4255 silly fetch manifest cjs-module-lexer@^1.0.0
4256 silly packumentCache full:https://registry.npmjs.org/cjs-module-lexer cache-miss
4257 http fetch GET 200 https://registry.npmjs.org/@jest%2fsource-map 1968ms (cache miss)
4258 silly packumentCache full:https://registry.npmjs.org/@jest%2fsource-map set size:undefined disposed:false
4259 silly fetch manifest @jest/environment@^27.5.1
4260 silly packumentCache full:https://registry.npmjs.org/@jest%2fenvironment cache-miss
4261 http fetch GET 200 https://registry.npmjs.org/@jest%2fglobals 2809ms (cache miss)
4262 silly packumentCache full:https://registry.npmjs.org/@jest%2fglobals set size:undefined disposed:false
4263 silly fetch manifest @jest/fake-timers@^27.5.1
4264 silly packumentCache full:https://registry.npmjs.org/@jest%2ffake-timers cache-miss
4265 http fetch GET 200 https://registry.npmjs.org/jest-leak-detector 3750ms (cache miss)
4266 silly packumentCache full:https://registry.npmjs.org/jest-leak-detector set size:undefined disposed:false
4267 silly fetch manifest expect@^27.5.1
4268 silly packumentCache full:https://registry.npmjs.org/expect cache-miss
4269 http fetch GET 200 https://registry.npmjs.org/@jest%2fenvironment 4235ms (cache miss)
4270 silly packumentCache full:https://registry.npmjs.org/@jest%2fenvironment set size:undefined disposed:false
4271 silly fetch manifest jest-diff@^27.5.1
4272 silly packumentCache full:https://registry.npmjs.org/jest-diff cache-miss
4273 http fetch GET 200 https://registry.npmjs.org/pretty-format 6346ms (cache miss)
4274 silly packumentCache full:https://registry.npmjs.org/pretty-format set size:undefined disposed:false
4275 silly fetch manifest @types/prettier@^2.1.5
4276 silly packumentCache full:https://registry.npmjs.org/@types%2fprettier cache-miss
4277 http fetch GET 200 https://registry.npmjs.org/cjs-module-lexer 1428ms (cache miss)
4278 silly packumentCache full:https://registry.npmjs.org/cjs-module-lexer set size:undefined disposed:false
4279 silly fetch manifest jest-matcher-utils@^27.5.1
4280 silly packumentCache full:https://registry.npmjs.org/jest-matcher-utils cache-miss
4281 http fetch GET 200 https://registry.npmjs.org/jest-mock 4441ms (cache miss)
4282 silly packumentCache full:https://registry.npmjs.org/jest-mock set size:undefined disposed:false
4283 silly fetch manifest leven@^3.1.0
4284 silly packumentCache full:https://registry.npmjs.org/leven cache-miss
4285 http fetch GET 200 https://registry.npmjs.org/leven 411ms (cache miss)
4286 silly packumentCache full:https://registry.npmjs.org/leven set size:undefined disposed:false
4287 http fetch GET 200 https://registry.npmjs.org/@jest%2fenvironment 3148ms (cache miss)
4288 silly packumentCache full:https://registry.npmjs.org/@jest%2fenvironment set size:undefined disposed:false
4289 http fetch GET 200 https://registry.npmjs.org/@types%2fprettier 3183ms (cache miss)
4290 silly packumentCache full:https://registry.npmjs.org/@types%2fprettier set size:undefined disposed:false
4291 http fetch GET 200 https://registry.npmjs.org/@jest%2ffake-timers 3784ms (cache miss)
4292 silly packumentCache full:https://registry.npmjs.org/@jest%2ffake-timers set size:undefined disposed:false
4293 http fetch GET 200 https://registry.npmjs.org/jest-matcher-utils 4605ms (cache miss)
4294 silly packumentCache full:https://registry.npmjs.org/jest-matcher-utils set size:undefined disposed:false
4295 http fetch GET 200 https://registry.npmjs.org/jest-diff 4994ms (cache miss)
4296 silly packumentCache full:https://registry.npmjs.org/jest-diff set size:undefined disposed:false
4297 http fetch GET 200 https://registry.npmjs.org/expect 5255ms (cache miss)
4298 silly packumentCache full:https://registry.npmjs.org/expect set size:undefined disposed:false
4299 silly placeDep ROOT @bcoe/v8-coverage@0.2.3 OK for: @jest/reporters@27.5.1 want: ^0.2.3
4300 silly placeDep ROOT collect-v8-coverage@1.0.3 OK for: @jest/reporters@27.5.1 want: ^1.0.0
4301 silly placeDep ROOT glob@7.2.3 OK for: @jest/reporters@27.5.1 want: ^7.1.2
4302 silly placeDep ROOT istanbul-lib-report@3.0.1 OK for: @jest/reporters@27.5.1 want: ^3.0.0
4303 silly placeDep ROOT istanbul-lib-source-maps@4.0.1 OK for: @jest/reporters@27.5.1 want: ^4.0.0
4304 silly placeDep ROOT istanbul-reports@3.2.0 OK for: @jest/reporters@27.5.1 want: ^3.1.3
4305 silly placeDep node_modules/@jest/reporters source-map@0.6.1 OK for: @jest/reporters@27.5.1 want: ^0.6.0
4306 silly placeDep ROOT string-length@4.0.2 OK for: @jest/reporters@27.5.1 want: ^4.0.1
4307 silly placeDep ROOT terminal-link@2.1.1 OK for: @jest/reporters@27.5.1 want: ^2.0.0
4308 silly placeDep ROOT v8-to-istanbul@8.1.1 OK for: @jest/reporters@27.5.1 want: ^8.1.0
4309 silly fetch manifest once@^1.3.0
4310 silly packumentCache full:https://registry.npmjs.org/once cache-miss
4311 silly fetch manifest inflight@^1.0.4
4312 silly packumentCache full:https://registry.npmjs.org/inflight cache-miss
4313 silly fetch manifest inherits@2
4314 silly packumentCache full:https://registry.npmjs.org/inherits cache-miss
4315 silly fetch manifest fs.realpath@^1.0.0
4316 silly packumentCache full:https://registry.npmjs.org/fs.realpath cache-miss
4317 silly fetch manifest path-is-absolute@^1.0.0
4318 silly packumentCache full:https://registry.npmjs.org/path-is-absolute cache-miss
4319 silly fetch manifest make-dir@^4.0.0
4320 silly packumentCache full:https://registry.npmjs.org/make-dir cache-hit
4321 silly fetch manifest html-escaper@^2.0.0
4322 silly packumentCache full:https://registry.npmjs.org/html-escaper cache-miss
4323 silly fetch manifest char-regex@^1.0.2
4324 silly packumentCache full:https://registry.npmjs.org/char-regex cache-miss
4325 http fetch GET 200 https://registry.npmjs.org/once 314ms (cache revalidated)
4326 silly packumentCache full:https://registry.npmjs.org/once set size:11752 disposed:false
4327 silly fetch manifest supports-hyperlinks@^2.0.0
4328 silly packumentCache full:https://registry.npmjs.org/supports-hyperlinks cache-miss
4329 http fetch GET 200 https://registry.npmjs.org/inherits 317ms (cache revalidated)
4330 silly packumentCache full:https://registry.npmjs.org/inherits set size:12925 disposed:false
4331 silly fetch manifest convert-source-map@^1.6.0
4332 silly packumentCache full:https://registry.npmjs.org/convert-source-map cache-hit
4333 http fetch GET 200 https://registry.npmjs.org/fs.realpath 333ms (cache miss)
4334 silly packumentCache full:https://registry.npmjs.org/fs.realpath set size:undefined disposed:false
4335 http fetch GET 200 https://registry.npmjs.org/path-is-absolute 339ms (cache miss)
4336 silly packumentCache full:https://registry.npmjs.org/path-is-absolute set size:undefined disposed:false
4337 http fetch GET 200 https://registry.npmjs.org/inflight 378ms (cache miss)
4338 silly packumentCache full:https://registry.npmjs.org/inflight set size:undefined disposed:false
4339 http fetch GET 200 https://registry.npmjs.org/html-escaper 1042ms (cache miss)
4340 silly packumentCache full:https://registry.npmjs.org/html-escaper set size:undefined disposed:false
4341 http fetch GET 200 https://registry.npmjs.org/char-regex 2251ms (cache miss)
4342 silly packumentCache full:https://registry.npmjs.org/char-regex set size:undefined disposed:false
4343 http fetch GET 200 https://registry.npmjs.org/supports-hyperlinks 3878ms (cache miss)
4344 silly packumentCache full:https://registry.npmjs.org/supports-hyperlinks set size:undefined disposed:false
4345 silly placeDep node_modules/ansi-escapes type-fest@0.21.3 OK for: ansi-escapes@4.3.2 want: ^0.21.3
4346 silly placeDep ROOT fs.realpath@1.0.0 OK for: glob@7.2.3 want: ^1.0.0
4347 silly placeDep ROOT inflight@1.0.6 OK for: glob@7.2.3 want: ^1.0.4
4348 silly placeDep ROOT inherits@2.0.4 OK for: glob@7.2.3 want: 2
4349 silly placeDep ROOT once@1.4.0 OK for: glob@7.2.3 want: ^1.3.0
4350 silly placeDep ROOT path-is-absolute@1.0.1 OK for: glob@7.2.3 want: ^1.0.0
4351 silly fetch manifest wrappy@1
4352 silly packumentCache full:https://registry.npmjs.org/wrappy cache-miss
4353 silly fetch manifest wrappy@1
4354 silly packumentCache full:https://registry.npmjs.org/wrappy cache-miss
4355 http fetch GET 200 https://registry.npmjs.org/wrappy 707ms (cache revalidated)
4356 silly packumentCache full:https://registry.npmjs.org/wrappy set size:7682 disposed:false
4357 http fetch GET 200 https://registry.npmjs.org/wrappy 905ms (cache revalidated)
4358 silly packumentCache full:https://registry.npmjs.org/wrappy set size:7682 disposed:false
4359 silly packumentCache full:https://registry.npmjs.org/wrappy dispose
4360 silly placeDep ROOT resolve-cwd@3.0.0 OK for: import-local@3.2.0 want: ^3.0.0
4361 silly placeDep ROOT wrappy@1.0.2 OK for: inflight@1.0.6 want: 1
4362 silly placeDep node_modules/istanbul-lib-report make-dir@4.0.0 OK for: istanbul-lib-report@3.0.1 want: ^4.0.0
4363 silly placeDep node_modules/istanbul-lib-source-maps source-map@0.6.1 OK for: istanbul-lib-source-maps@4.0.1 want: ^0.6.1
4364 silly placeDep ROOT html-escaper@2.0.2 OK for: istanbul-reports@3.2.0 want: ^2.0.0
4365 silly placeDep ROOT execa@5.1.1 OK for: jest-changed-files@27.5.1 want: ^5.0.0
4366 silly placeDep ROOT throat@6.0.2 OK for: jest-changed-files@27.5.1 want: ^6.0.1
4367 silly fetch manifest onetime@^5.1.2
4368 silly packumentCache full:https://registry.npmjs.org/onetime cache-miss
4369 silly fetch manifest is-stream@^2.0.0
4370 silly packumentCache full:https://registry.npmjs.org/is-stream cache-miss
4371 silly fetch manifest get-stream@^6.0.0
4372 silly packumentCache full:https://registry.npmjs.org/get-stream cache-miss
4373 silly fetch manifest signal-exit@^3.0.3
4374 silly packumentCache full:https://registry.npmjs.org/signal-exit cache-hit
4375 silly fetch manifest npm-run-path@^4.0.1
4376 silly packumentCache full:https://registry.npmjs.org/npm-run-path cache-miss
4377 silly fetch manifest human-signals@^2.1.0
4378 silly packumentCache full:https://registry.npmjs.org/human-signals cache-miss
4379 silly fetch manifest strip-final-newline@^2.0.0
4380 silly packumentCache full:https://registry.npmjs.org/strip-final-newline cache-miss
4381 http fetch GET 200 https://registry.npmjs.org/strip-final-newline 294ms (cache revalidated)
4382 silly packumentCache full:https://registry.npmjs.org/strip-final-newline set size:9328 disposed:false
4383 http fetch GET 200 https://registry.npmjs.org/npm-run-path 306ms (cache revalidated)
4384 silly packumentCache full:https://registry.npmjs.org/npm-run-path set size:33596 disposed:false
4385 http fetch GET 200 https://registry.npmjs.org/onetime 317ms (cache revalidated)
4386 silly packumentCache full:https://registry.npmjs.org/onetime set size:32314 disposed:false
4387 http fetch GET 200 https://registry.npmjs.org/human-signals 315ms (cache revalidated)
4388 silly packumentCache full:https://registry.npmjs.org/human-signals set size:47322 disposed:false
4389 http fetch GET 200 https://registry.npmjs.org/is-stream 333ms (cache revalidated)
4390 silly packumentCache full:https://registry.npmjs.org/is-stream set size:18582 disposed:false
4391 http fetch GET 200 https://registry.npmjs.org/get-stream 750ms (cache revalidated)
4392 silly packumentCache full:https://registry.npmjs.org/get-stream set size:57536 disposed:false
4393 silly placeDep ROOT get-stream@6.0.1 OK for: execa@5.1.1 want: ^6.0.0
4394 silly placeDep ROOT human-signals@2.1.0 OK for: execa@5.1.1 want: ^2.1.0
4395 silly placeDep ROOT is-stream@2.0.1 OK for: execa@5.1.1 want: ^2.0.0
4396 silly placeDep ROOT merge-stream@2.0.0 OK for: execa@5.1.1 want: ^2.0.0
4397 silly placeDep ROOT npm-run-path@4.0.1 OK for: execa@5.1.1 want: ^4.0.1
4398 silly placeDep ROOT onetime@5.1.2 OK for: execa@5.1.1 want: ^5.1.2
4399 silly placeDep ROOT signal-exit@3.0.7 OK for: execa@5.1.1 want: ^3.0.3
4400 silly placeDep ROOT strip-final-newline@2.0.0 OK for: execa@5.1.1 want: ^2.0.0
4401 silly fetch manifest mimic-fn@^2.1.0
4402 silly packumentCache full:https://registry.npmjs.org/mimic-fn cache-miss
4403 http fetch GET 200 https://registry.npmjs.org/mimic-fn 247ms (cache revalidated)
4404 silly packumentCache full:https://registry.npmjs.org/mimic-fn set size:22257 disposed:false
4405 silly placeDep ROOT yargs@16.2.0 OK for: jest-cli@27.5.1 want: ^16.2.0
4406 silly fetch manifest y18n@^5.0.5
4407 silly packumentCache full:https://registry.npmjs.org/y18n cache-miss
4408 silly fetch manifest cliui@^7.0.2
4409 silly packumentCache full:https://registry.npmjs.org/cliui cache-miss
4410 silly fetch manifest escalade@^3.1.1
4411 silly packumentCache full:https://registry.npmjs.org/escalade cache-miss
4412 silly fetch manifest string-width@^4.2.0
4413 silly packumentCache full:https://registry.npmjs.org/string-width cache-miss
4414 silly fetch manifest yargs-parser@^20.2.2
4415 silly packumentCache full:https://registry.npmjs.org/yargs-parser cache-miss
4416 silly fetch manifest get-caller-file@^2.0.5
4417 silly packumentCache full:https://registry.npmjs.org/get-caller-file cache-miss
4418 silly fetch manifest require-directory@^2.1.1
4419 silly packumentCache full:https://registry.npmjs.org/require-directory cache-miss
4420 http fetch GET 200 https://registry.npmjs.org/escalade 308ms (cache revalidated)
4421 silly packumentCache full:https://registry.npmjs.org/escalade set size:33724 disposed:false
4422 http fetch GET 200 https://registry.npmjs.org/string-width 695ms (cache revalidated)
4423 silly packumentCache full:https://registry.npmjs.org/string-width set size:70381 disposed:false
4424 http fetch GET 200 https://registry.npmjs.org/cliui 805ms (cache miss)
4425 silly packumentCache full:https://registry.npmjs.org/cliui set size:undefined disposed:false
4426 http fetch GET 200 https://registry.npmjs.org/get-caller-file 1110ms (cache miss)
4427 silly packumentCache full:https://registry.npmjs.org/get-caller-file set size:undefined disposed:false
4428 http fetch GET 200 https://registry.npmjs.org/y18n 1399ms (cache miss)
4429 silly packumentCache full:https://registry.npmjs.org/y18n set size:undefined disposed:false
4430 http fetch GET 200 https://registry.npmjs.org/require-directory 2626ms (cache miss)
4431 silly packumentCache full:https://registry.npmjs.org/require-directory set size:undefined disposed:false
4432 http fetch GET 200 https://registry.npmjs.org/yargs-parser 3001ms (cache miss)
4433 silly packumentCache full:https://registry.npmjs.org/yargs-parser set size:undefined disposed:false
4434 silly placeDep ROOT @jest/test-sequencer@27.5.1 OK for: jest-config@27.5.1 want: ^27.5.1
4435 silly placeDep ROOT ci-info@3.9.0 OK for: jest-config@27.5.1 want: ^3.2.0
4436 silly placeDep ROOT jest-circus@27.5.1 OK for: jest-config@27.5.1 want: ^27.5.1
4437 silly placeDep ROOT jest-environment-jsdom@27.5.1 OK for: jest-config@27.5.1 want: ^27.5.1
4438 silly placeDep ROOT jest-environment-node@27.5.1 OK for: jest-config@27.5.1 want: ^27.5.1
4439 silly placeDep ROOT jest-get-type@27.5.1 OK for: jest-config@27.5.1 want: ^27.5.1
4440 silly placeDep ROOT jest-jasmine2@27.5.1 OK for: jest-config@27.5.1 want: ^27.5.1
4441 silly placeDep ROOT pretty-format@27.5.1 OK for: jest-config@27.5.1 want: ^27.5.1
4442 silly fetch manifest co@^4.6.0
4443 silly packumentCache full:https://registry.npmjs.org/co cache-miss
4444 silly fetch manifest dedent@^0.7.0
4445 silly packumentCache full:https://registry.npmjs.org/dedent cache-miss
4446 silly fetch manifest jest-each@^27.5.1
4447 silly packumentCache full:https://registry.npmjs.org/jest-each cache-miss
4448 silly fetch manifest is-generator-fn@^2.0.0
4449 silly packumentCache full:https://registry.npmjs.org/is-generator-fn cache-miss
4450 silly fetch manifest jsdom@^16.6.0
4451 silly packumentCache full:https://registry.npmjs.org/jsdom cache-miss
4452 silly fetch manifest co@^4.6.0
4453 silly packumentCache full:https://registry.npmjs.org/co cache-miss
4454 silly fetch manifest jest-each@^27.5.1
4455 silly packumentCache full:https://registry.npmjs.org/jest-each cache-miss
4456 http fetch GET 200 https://registry.npmjs.org/is-generator-fn 352ms (cache miss)
4457 silly packumentCache full:https://registry.npmjs.org/is-generator-fn set size:undefined disposed:false
4458 silly fetch manifest react-is@^17.0.1
4459 silly packumentCache full:https://registry.npmjs.org/react-is cache-miss
4460 http cache https://registry.npmjs.org/react-is 79ms (cache hit)
4461 silly packumentCache full:https://registry.npmjs.org/react-is set size:5370826 disposed:false
4462 silly fetch manifest ansi-styles@^5.0.0
4463 silly packumentCache full:https://registry.npmjs.org/ansi-styles cache-hit
4464 http fetch GET 200 https://registry.npmjs.org/co 654ms (cache miss)
4465 silly packumentCache full:https://registry.npmjs.org/co set size:undefined disposed:false
4466 http fetch GET 200 https://registry.npmjs.org/co 705ms (cache miss)
4467 silly packumentCache full:https://registry.npmjs.org/co set size:undefined disposed:false
4468 http fetch GET 200 https://registry.npmjs.org/dedent 885ms (cache miss)
4469 silly packumentCache full:https://registry.npmjs.org/dedent set size:undefined disposed:false
4470 http fetch GET 200 https://registry.npmjs.org/jest-each 3389ms (cache miss)
4471 silly packumentCache full:https://registry.npmjs.org/jest-each set size:undefined disposed:false
4472 http fetch GET 200 https://registry.npmjs.org/jsdom 3686ms (cache miss)
4473 silly packumentCache full:https://registry.npmjs.org/jsdom set size:undefined disposed:false
4474 http fetch GET 200 https://registry.npmjs.org/jest-each 3852ms (cache miss)
4475 silly packumentCache full:https://registry.npmjs.org/jest-each set size:undefined disposed:false
4476 silly placeDep ROOT @jest/environment@27.5.1 OK for: jest-circus@27.5.1 want: ^27.5.1
4477 silly placeDep ROOT co@4.6.0 OK for: jest-circus@27.5.1 want: ^4.6.0
4478 silly placeDep ROOT dedent@0.7.0 OK for: jest-circus@27.5.1 want: ^0.7.0
4479 silly placeDep ROOT expect@27.5.1 OK for: jest-circus@27.5.1 want: ^27.5.1
4480 silly placeDep ROOT is-generator-fn@2.1.0 OK for: jest-circus@27.5.1 want: ^2.0.0
4481 silly placeDep ROOT jest-each@27.5.1 OK for: jest-circus@27.5.1 want: ^27.5.1
4482 silly placeDep ROOT jest-matcher-utils@27.5.1 OK for: jest-circus@27.5.1 want: ^27.5.1
4483 silly placeDep ROOT stack-utils@2.0.6 OK for: jest-circus@27.5.1 want: ^2.0.3
4484 silly fetch manifest escape-string-regexp@^2.0.0
4485 silly packumentCache full:https://registry.npmjs.org/escape-string-regexp cache-hit
4486 silly placeDep ROOT @jest/fake-timers@27.5.1 OK for: @jest/environment@27.5.1 want: ^27.5.1
4487 silly placeDep ROOT jest-mock@27.5.1 OK for: @jest/environment@27.5.1 want: ^27.5.1
4488 silly fetch manifest @sinonjs/fake-timers@^8.0.1
4489 silly packumentCache full:https://registry.npmjs.org/@sinonjs%2ffake-timers cache-miss
4490 http fetch GET 200 https://registry.npmjs.org/@sinonjs%2ffake-timers 1427ms (cache miss)
4491 silly packumentCache full:https://registry.npmjs.org/@sinonjs%2ffake-timers set size:undefined disposed:false
4492 silly placeDep ROOT @sinonjs/fake-timers@8.1.0 OK for: @jest/fake-timers@27.5.1 want: ^8.0.1
4493 silly fetch manifest @sinonjs/commons@^1.7.0
4494 silly packumentCache full:https://registry.npmjs.org/@sinonjs%2fcommons cache-miss
4495 http fetch GET 200 https://registry.npmjs.org/@sinonjs%2fcommons 574ms (cache miss)
4496 silly packumentCache full:https://registry.npmjs.org/@sinonjs%2fcommons set size:undefined disposed:false
4497 silly placeDep ROOT @sinonjs/commons@1.8.6 OK for: @sinonjs/fake-timers@8.1.0 want: ^1.7.0
4498 silly fetch manifest type-detect@4.0.8
4499 silly packumentCache full:https://registry.npmjs.org/type-detect cache-miss
4500 http fetch GET 200 https://registry.npmjs.org/type-detect 1233ms (cache miss)
4501 silly packumentCache full:https://registry.npmjs.org/type-detect set size:undefined disposed:false
4502 silly placeDep ROOT type-detect@4.0.8 OK for: @sinonjs/commons@1.8.6 want: 4.0.8
4503 silly placeDep ROOT jsdom@16.7.0 OK for: jest-environment-jsdom@27.5.1 want: ^16.6.0
4504 silly fetch manifest ws@^7.4.6
4505 silly packumentCache full:https://registry.npmjs.org/ws cache-hit
4506 silly fetch manifest cssom@^0.4.4
4507 silly packumentCache full:https://registry.npmjs.org/cssom cache-miss
4508 silly fetch manifest saxes@^5.0.1
4509 silly packumentCache full:https://registry.npmjs.org/saxes cache-miss
4510 silly fetch manifest nwsapi@^2.2.0
4511 silly packumentCache full:https://registry.npmjs.org/nwsapi cache-miss
4512 silly fetch manifest parse5@6.0.1
4513 silly packumentCache full:https://registry.npmjs.org/parse5 cache-miss
4514 silly fetch manifest cssstyle@^2.3.0
4515 silly packumentCache full:https://registry.npmjs.org/cssstyle cache-miss
4516 silly fetch manifest data-urls@^2.0.0
4517 silly packumentCache full:https://registry.npmjs.org/data-urls cache-miss
4518 silly fetch manifest escodegen@^2.0.0
4519 silly packumentCache full:https://registry.npmjs.org/escodegen cache-miss
4520 http fetch GET 200 https://registry.npmjs.org/cssom 675ms (cache miss)
4521 silly packumentCache full:https://registry.npmjs.org/cssom set size:undefined disposed:false
4522 silly fetch manifest form-data@^3.0.0
4523 silly packumentCache full:https://registry.npmjs.org/form-data cache-miss
4524 http fetch GET 200 https://registry.npmjs.org/parse5 1114ms (cache miss)
4525 silly packumentCache full:https://registry.npmjs.org/parse5 set size:undefined disposed:false
4526 silly fetch manifest decimal.js@^10.2.1
4527 silly packumentCache full:https://registry.npmjs.org/decimal.js cache-miss
4528 http fetch GET 200 https://registry.npmjs.org/cssstyle 1202ms (cache miss)
4529 silly packumentCache full:https://registry.npmjs.org/cssstyle set size:undefined disposed:false
4530 silly fetch manifest whatwg-url@^8.5.0
4531 silly packumentCache full:https://registry.npmjs.org/whatwg-url cache-miss
4532 http fetch GET 200 https://registry.npmjs.org/escodegen 1295ms (cache miss)
4533 silly packumentCache full:https://registry.npmjs.org/escodegen set size:undefined disposed:false
4534 silly fetch manifest symbol-tree@^3.2.4
4535 silly packumentCache full:https://registry.npmjs.org/symbol-tree cache-miss
4536 http fetch GET 200 https://registry.npmjs.org/form-data 706ms (cache revalidated)
4537 silly packumentCache full:https://registry.npmjs.org/form-data set size:153646 disposed:false
4538 silly fetch manifest w3c-hr-time@^1.0.2
4539 silly packumentCache full:https://registry.npmjs.org/w3c-hr-time cache-miss
4540 http fetch GET 200 https://registry.npmjs.org/data-urls 1473ms (cache miss)
4541 silly packumentCache full:https://registry.npmjs.org/data-urls set size:undefined disposed:false
4542 silly fetch manifest domexception@^2.0.1
4543 silly packumentCache full:https://registry.npmjs.org/domexception cache-miss
4544 http fetch GET 200 https://registry.npmjs.org/nwsapi 1490ms (cache miss)
4545 silly packumentCache full:https://registry.npmjs.org/nwsapi set size:undefined disposed:false
4546 silly fetch manifest tough-cookie@^4.0.0
4547 silly packumentCache full:https://registry.npmjs.org/tough-cookie cache-miss
4548 http fetch GET 200 https://registry.npmjs.org/domexception 304ms (cache miss)
4549 silly packumentCache full:https://registry.npmjs.org/domexception set size:undefined disposed:false
4550 silly fetch manifest acorn-globals@^6.0.0
4551 silly packumentCache full:https://registry.npmjs.org/acorn-globals cache-miss
4552 http fetch GET 200 https://registry.npmjs.org/decimal.js 713ms (cache miss)
4553 silly packumentCache full:https://registry.npmjs.org/decimal.js set size:undefined disposed:false
4554 silly fetch manifest whatwg-encoding@^1.0.5
4555 silly packumentCache full:https://registry.npmjs.org/whatwg-encoding cache-miss
4556 http fetch GET 200 https://registry.npmjs.org/w3c-hr-time 456ms (cache miss)
4557 silly packumentCache full:https://registry.npmjs.org/w3c-hr-time set size:undefined disposed:false
4558 silly fetch manifest whatwg-mimetype@^2.3.0
4559 silly packumentCache full:https://registry.npmjs.org/whatwg-mimetype cache-miss
4560 http fetch GET 200 https://registry.npmjs.org/symbol-tree 954ms (cache miss)
4561 silly packumentCache full:https://registry.npmjs.org/symbol-tree set size:undefined disposed:false
4562 silly fetch manifest http-proxy-agent@^4.0.1
4563 silly packumentCache full:https://registry.npmjs.org/http-proxy-agent cache-miss
4564 http fetch GET 200 https://registry.npmjs.org/whatwg-url 1123ms (cache miss)
4565 silly packumentCache full:https://registry.npmjs.org/whatwg-url set size:undefined disposed:false
4566 silly fetch manifest https-proxy-agent@^5.0.0
4567 silly packumentCache full:https://registry.npmjs.org/https-proxy-agent cache-miss
4568 http fetch GET 200 https://registry.npmjs.org/acorn-globals 601ms (cache miss)
4569 silly packumentCache full:https://registry.npmjs.org/acorn-globals set size:undefined disposed:false
4570 silly fetch manifest w3c-xmlserializer@^2.0.0
4571 silly packumentCache full:https://registry.npmjs.org/w3c-xmlserializer cache-miss
4572 http fetch GET 200 https://registry.npmjs.org/tough-cookie 1413ms (cache miss)
4573 silly packumentCache full:https://registry.npmjs.org/tough-cookie set size:undefined disposed:false
4574 silly fetch manifest webidl-conversions@^6.1.0
4575 silly packumentCache full:https://registry.npmjs.org/webidl-conversions cache-miss
4576 http fetch GET 200 https://registry.npmjs.org/saxes 2945ms (cache miss)
4577 silly packumentCache full:https://registry.npmjs.org/saxes set size:undefined disposed:false
4578 silly fetch manifest xml-name-validator@^3.0.0
4579 silly packumentCache full:https://registry.npmjs.org/xml-name-validator cache-miss
4580 http fetch GET 200 https://registry.npmjs.org/whatwg-mimetype 1096ms (cache miss)
4581 silly packumentCache full:https://registry.npmjs.org/whatwg-mimetype set size:undefined disposed:false
4582 silly fetch manifest html-encoding-sniffer@^2.0.1
4583 silly packumentCache full:https://registry.npmjs.org/html-encoding-sniffer cache-miss
4584 http fetch GET 200 https://registry.npmjs.org/https-proxy-agent 716ms (cache revalidated)
4585 silly packumentCache full:https://registry.npmjs.org/https-proxy-agent set size:81258 disposed:false
4586 silly fetch manifest is-potential-custom-element-name@^1.0.1
4587 silly packumentCache full:https://registry.npmjs.org/is-potential-custom-element-name cache-miss
4588 http fetch GET 200 https://registry.npmjs.org/w3c-xmlserializer 682ms (cache miss)
4589 silly packumentCache full:https://registry.npmjs.org/w3c-xmlserializer set size:undefined disposed:false
4590 http fetch GET 200 https://registry.npmjs.org/http-proxy-agent 814ms (cache miss)
4591 silly packumentCache full:https://registry.npmjs.org/http-proxy-agent set size:undefined disposed:false
4592 http fetch GET 200 https://registry.npmjs.org/xml-name-validator 348ms (cache miss)
4593 silly packumentCache full:https://registry.npmjs.org/xml-name-validator set size:undefined disposed:false
4594 http fetch GET 200 https://registry.npmjs.org/html-encoding-sniffer 543ms (cache miss)
4595 silly packumentCache full:https://registry.npmjs.org/html-encoding-sniffer set size:undefined disposed:false
4596 http fetch GET 200 https://registry.npmjs.org/whatwg-encoding 1663ms (cache miss)
4597 silly packumentCache full:https://registry.npmjs.org/whatwg-encoding set size:undefined disposed:false
4598 http fetch GET 200 https://registry.npmjs.org/webidl-conversions 1388ms (cache miss)
4599 silly packumentCache full:https://registry.npmjs.org/webidl-conversions set size:undefined disposed:false
4600 http fetch GET 200 https://registry.npmjs.org/is-potential-custom-element-name 1452ms (cache miss)
4601 silly packumentCache full:https://registry.npmjs.org/is-potential-custom-element-name set size:undefined disposed:false
4602 silly placeDep ROOT @types/graceful-fs@4.1.9 OK for: jest-haste-map@27.5.1 want: ^4.1.2
4603 silly placeDep ROOT anymatch@3.1.3 OK for: jest-haste-map@27.5.1 want: ^3.0.3
4604 silly placeDep ROOT fb-watchman@2.0.2 OK for: jest-haste-map@27.5.1 want: ^2.0.0
4605 silly placeDep ROOT jest-serializer@27.5.1 OK for: jest-haste-map@27.5.1 want: ^27.5.1
4606 silly placeDep ROOT walker@1.0.8 OK for: jest-haste-map@27.5.1 want: ^1.0.7
4607 silly fetch manifest picomatch@^2.0.4
4608 silly packumentCache full:https://registry.npmjs.org/picomatch cache-miss
4609 silly fetch manifest bser@2.1.1
4610 silly packumentCache full:https://registry.npmjs.org/bser cache-miss
4611 silly fetch manifest makeerror@1.0.12
4612 silly packumentCache full:https://registry.npmjs.org/makeerror cache-miss
4613 http fetch GET 200 https://registry.npmjs.org/picomatch 313ms (cache revalidated)
4614 silly packumentCache full:https://registry.npmjs.org/picomatch set size:126376 disposed:false
4615 http fetch GET 200 https://registry.npmjs.org/bser 347ms (cache miss)
4616 silly packumentCache full:https://registry.npmjs.org/bser set size:undefined disposed:false
4617 http fetch GET 200 https://registry.npmjs.org/makeerror 1361ms (cache miss)
4618 silly packumentCache full:https://registry.npmjs.org/makeerror set size:undefined disposed:false
4619 silly placeDep ROOT picomatch@2.3.2 OK for: anymatch@3.1.3 want: ^2.0.4
4620 silly placeDep ROOT bser@2.1.1 OK for: fb-watchman@2.0.2 want: 2.1.1
4621 silly fetch manifest node-int64@^0.4.0
4622 silly packumentCache full:https://registry.npmjs.org/node-int64 cache-miss
4623 http fetch GET 200 https://registry.npmjs.org/node-int64 362ms (cache miss)
4624 silly packumentCache full:https://registry.npmjs.org/node-int64 set size:undefined disposed:false
4625 silly placeDep ROOT node-int64@0.4.0 OK for: bser@2.1.1 want: ^0.4.0
4626 silly placeDep ROOT @jest/source-map@27.5.1 OK for: jest-jasmine2@27.5.1 want: ^27.5.1
4627 silly placeDep ROOT callsites@3.1.0 OK for: @jest/source-map@27.5.1 want: ^3.0.0
4628 silly placeDep node_modules/@jest/source-map source-map@0.6.1 OK for: @jest/source-map@27.5.1 want: ^0.6.0
4629 silly placeDep ROOT jest-diff@27.5.1 OK for: jest-matcher-utils@27.5.1 want: ^27.5.1
4630 silly fetch manifest diff-sequences@^27.5.1
4631 silly packumentCache full:https://registry.npmjs.org/diff-sequences cache-miss
4632 http fetch GET 200 https://registry.npmjs.org/diff-sequences 2462ms (cache miss)
4633 silly packumentCache full:https://registry.npmjs.org/diff-sequences set size:undefined disposed:false
4634 silly placeDep ROOT diff-sequences@27.5.1 OK for: jest-diff@27.5.1 want: ^27.5.1
4635 silly placeDep ROOT @types/stack-utils@2.0.3 OK for: jest-message-util@27.5.1 want: ^2.0.0
4636 silly placeDep ROOT jest-pnp-resolver@1.2.3 OK for: jest-resolve@27.5.1 want: ^1.2.2
4637 silly placeDep ROOT resolve.exports@1.1.1 OK for: jest-resolve@27.5.1 want: ^1.1.0
4638 silly placeDep ROOT jest-docblock@27.5.1 OK for: jest-runner@27.5.1 want: ^27.5.1
4639 silly placeDep ROOT jest-leak-detector@27.5.1 OK for: jest-runner@27.5.1 want: ^27.5.1
4640 silly placeDep ROOT source-map-support@0.5.21 OK for: jest-runner@27.5.1 want: ^0.5.6
4641 silly fetch manifest detect-newline@^3.0.0
4642 silly packumentCache full:https://registry.npmjs.org/detect-newline cache-miss
4643 silly fetch manifest buffer-from@^1.0.0
4644 silly packumentCache full:https://registry.npmjs.org/buffer-from cache-miss
4645 http fetch GET 200 https://registry.npmjs.org/buffer-from 618ms (cache miss)
4646 silly packumentCache full:https://registry.npmjs.org/buffer-from set size:undefined disposed:false
4647 http fetch GET 200 https://registry.npmjs.org/detect-newline 1247ms (cache miss)
4648 silly packumentCache full:https://registry.npmjs.org/detect-newline set size:undefined disposed:false
4649 silly placeDep ROOT detect-newline@3.1.0 OK for: jest-docblock@27.5.1 want: ^3.0.0
4650 silly placeDep ROOT @jest/globals@27.5.1 OK for: jest-runtime@27.5.1 want: ^27.5.1
4651 silly placeDep ROOT cjs-module-lexer@1.4.3 OK for: jest-runtime@27.5.1 want: ^1.0.0
4652 silly placeDep ROOT strip-bom@4.0.0 OK for: jest-runtime@27.5.1 want: ^4.0.0
4653 silly placeDep ROOT @types/prettier@2.7.3 OK for: jest-snapshot@27.5.1 want: ^2.1.5
4654 silly placeDep ROOT leven@3.1.0 OK for: jest-validate@27.5.1 want: ^3.1.0
4655 silly placeDep node_modules/jest-watch-typeahead jest-regex-util@28.0.2 OK for: jest-watch-typeahead@1.1.0 want: ^28.0.0
4656 silly placeDep node_modules/jest-watch-typeahead jest-watcher@28.1.3 OK for: jest-watch-typeahead@1.1.0 want: ^28.0.0
4657 silly placeDep node_modules/jest-watch-typeahead slash@4.0.0 OK for: jest-watch-typeahead@1.1.0 want: ^4.0.0
4658 silly placeDep node_modules/jest-watch-typeahead string-length@5.0.1 OK for: jest-watch-typeahead@1.1.0 want: ^5.0.1
4659 silly placeDep node_modules/jest-watch-typeahead strip-ansi@7.2.0 OK for: jest-watch-typeahead@1.1.0 want: ^7.0.1
4660 silly fetch manifest emittery@^0.10.2
4661 silly packumentCache full:https://registry.npmjs.org/emittery cache-miss
4662 silly fetch manifest jest-util@^28.1.3
4663 silly packumentCache full:https://registry.npmjs.org/jest-util cache-hit
4664 silly fetch manifest @jest/types@^28.1.3
4665 silly packumentCache full:https://registry.npmjs.org/@jest%2ftypes cache-hit
4666 silly fetch manifest @jest/test-result@^28.1.3
4667 silly packumentCache full:https://registry.npmjs.org/@jest%2ftest-result cache-miss
4668 silly fetch manifest char-regex@^2.0.0
4669 silly packumentCache full:https://registry.npmjs.org/char-regex cache-miss
4670 silly fetch manifest ansi-regex@^6.2.2
4671 silly packumentCache full:https://registry.npmjs.org/ansi-regex cache-hit
4672 http cache https://registry.npmjs.org/char-regex 19ms (cache hit)
4673 silly packumentCache full:https://registry.npmjs.org/char-regex set size:20509 disposed:false
4674 http cache https://registry.npmjs.org/@jest%2ftest-result 42ms (cache hit)
4675 silly packumentCache full:https://registry.npmjs.org/@jest%2ftest-result set size:343000 disposed:false
4676 http cache https://registry.npmjs.org/emittery 63ms (cache hit)
4677 silly packumentCache full:https://registry.npmjs.org/emittery set size:112859 disposed:false
4678 silly placeDep node_modules/jest-worker supports-color@8.1.1 OK for: jest-worker@27.5.1 want: ^8.0.0
4679 silly placeDep ROOT argparse@1.0.10 OK for: js-yaml@3.14.2 want: ^1.0.7
4680 silly placeDep ROOT esprima@4.0.1 OK for: js-yaml@3.14.2 want: ^4.0.0
4681 silly fetch manifest sprintf-js@~1.0.2
4682 silly packumentCache full:https://registry.npmjs.org/sprintf-js cache-miss
4683 http fetch GET 200 https://registry.npmjs.org/sprintf-js 623ms (cache miss)
4684 silly packumentCache full:https://registry.npmjs.org/sprintf-js set size:undefined disposed:false
4685 silly placeDep ROOT sprintf-js@1.0.3 OK for: argparse@1.0.10 want: ~1.0.2
4686 silly placeDep ROOT abab@2.0.6 OK for: jsdom@16.7.0 want: ^2.0.5
4687 silly placeDep ROOT acorn-globals@6.0.0 OK for: jsdom@16.7.0 want: ^6.0.0
4688 silly placeDep ROOT cssom@0.4.4 OK for: jsdom@16.7.0 want: ^0.4.4
4689 silly placeDep ROOT cssstyle@2.3.0 OK for: jsdom@16.7.0 want: ^2.3.0
4690 silly placeDep ROOT data-urls@2.0.0 OK for: jsdom@16.7.0 want: ^2.0.0
4691 silly placeDep ROOT decimal.js@10.6.0 OK for: jsdom@16.7.0 want: ^10.2.1
4692 silly placeDep ROOT domexception@2.0.1 OK for: jsdom@16.7.0 want: ^2.0.1
4693 silly placeDep ROOT escodegen@2.1.0 OK for: jsdom@16.7.0 want: ^2.0.0
4694 silly placeDep ROOT form-data@3.0.4 OK for: jsdom@16.7.0 want: ^3.0.0
4695 silly placeDep ROOT html-encoding-sniffer@2.0.1 OK for: jsdom@16.7.0 want: ^2.0.1
4696 silly placeDep ROOT http-proxy-agent@4.0.1 OK for: jsdom@16.7.0 want: ^4.0.1
4697 silly placeDep ROOT https-proxy-agent@5.0.1 OK for: jsdom@16.7.0 want: ^5.0.0
4698 silly placeDep ROOT is-potential-custom-element-name@1.0.1 OK for: jsdom@16.7.0 want: ^1.0.1
4699 silly placeDep ROOT nwsapi@2.2.23 OK for: jsdom@16.7.0 want: ^2.2.0
4700 silly placeDep ROOT parse5@6.0.1 OK for: jsdom@16.7.0 want: 6.0.1
4701 silly placeDep ROOT saxes@5.0.1 OK for: jsdom@16.7.0 want: ^5.0.1
4702 silly placeDep ROOT symbol-tree@3.2.4 OK for: jsdom@16.7.0 want: ^3.2.4
4703 silly placeDep ROOT tough-cookie@4.1.4 OK for: jsdom@16.7.0 want: ^4.0.0
4704 silly placeDep ROOT w3c-hr-time@1.0.2 OK for: jsdom@16.7.0 want: ^1.0.2
4705 silly placeDep ROOT w3c-xmlserializer@2.0.0 OK for: jsdom@16.7.0 want: ^2.0.0
4706 silly placeDep ROOT webidl-conversions@6.1.0 OK for: jsdom@16.7.0 want: ^6.1.0
4707 silly placeDep ROOT whatwg-encoding@1.0.5 OK for: jsdom@16.7.0 want: ^1.0.5
4708 silly placeDep ROOT whatwg-mimetype@2.3.0 OK for: jsdom@16.7.0 want: ^2.3.0
4709 silly placeDep ROOT whatwg-url@8.7.0 OK for: jsdom@16.7.0 want: ^8.5.0
4710 silly placeDep ROOT ws@7.5.10 OK for: jsdom@16.7.0 want: ^7.4.6
4711 silly placeDep ROOT xml-name-validator@3.0.0 OK for: jsdom@16.7.0 want: ^3.0.0
4712 silly fetch manifest acorn@^7.1.1
4713 silly packumentCache full:https://registry.npmjs.org/acorn cache-hit
4714 silly fetch manifest acorn-walk@^7.1.1
4715 silly packumentCache full:https://registry.npmjs.org/acorn-walk cache-miss
4716 silly fetch manifest cssom@~0.3.6
4717 silly packumentCache full:https://registry.npmjs.org/cssom cache-miss
4718 silly fetch manifest whatwg-url@^8.0.0
4719 silly packumentCache full:https://registry.npmjs.org/whatwg-url cache-miss
4720 silly fetch manifest webidl-conversions@^5.0.0
4721 silly packumentCache full:https://registry.npmjs.org/webidl-conversions cache-miss
4722 silly fetch manifest source-map@~0.6.1
4723 silly packumentCache full:https://registry.npmjs.org/source-map cache-hit
4724 silly fetch manifest asynckit@^0.4.0
4725 silly packumentCache full:https://registry.npmjs.org/asynckit cache-miss
4726 silly fetch manifest mime-types@^2.1.35
4727 silly packumentCache full:https://registry.npmjs.org/mime-types cache-miss
4728 silly fetch manifest combined-stream@^1.0.8
4729 silly packumentCache full:https://registry.npmjs.org/combined-stream cache-miss
4730 http cache https://registry.npmjs.org/whatwg-url 137ms (cache hit)
4731 silly packumentCache full:https://registry.npmjs.org/whatwg-url set size:170765 disposed:false
4732 silly fetch manifest agent-base@6
4733 silly packumentCache full:https://registry.npmjs.org/agent-base cache-miss
4734 http cache https://registry.npmjs.org/cssom 159ms (cache hit)
4735 silly packumentCache full:https://registry.npmjs.org/cssom set size:42138 disposed:false
4736 silly fetch manifest @tootallnate/once@1
4737 silly packumentCache full:https://registry.npmjs.org/@tootallnate%2fonce cache-miss
4738 http cache https://registry.npmjs.org/webidl-conversions 158ms (cache hit)
4739 silly packumentCache full:https://registry.npmjs.org/webidl-conversions set size:46073 disposed:false
4740 silly fetch manifest agent-base@6
4741 silly packumentCache full:https://registry.npmjs.org/agent-base cache-miss
4742 http fetch GET 200 https://registry.npmjs.org/combined-stream 349ms (cache revalidated)
4743 silly packumentCache full:https://registry.npmjs.org/combined-stream set size:40337 disposed:false
4744 silly fetch manifest xmlchars@^2.2.0
4745 silly packumentCache full:https://registry.npmjs.org/xmlchars cache-miss
4746 http fetch GET 200 https://registry.npmjs.org/asynckit 389ms (cache revalidated)
4747 silly packumentCache full:https://registry.npmjs.org/asynckit set size:18932 disposed:false
4748 silly fetch manifest psl@^1.1.33
4749 silly packumentCache full:https://registry.npmjs.org/psl cache-miss
4750 http fetch GET 200 https://registry.npmjs.org/agent-base 304ms (cache revalidated)
4751 silly packumentCache full:https://registry.npmjs.org/agent-base set size:72085 disposed:false
4752 silly fetch manifest punycode@^2.1.1
4753 silly packumentCache full:https://registry.npmjs.org/punycode cache-miss
4754 http fetch GET 200 https://registry.npmjs.org/agent-base 344ms (cache revalidated)
4755 silly packumentCache full:https://registry.npmjs.org/agent-base set size:72085 disposed:false
4756 silly packumentCache full:https://registry.npmjs.org/agent-base dispose
4757 silly fetch manifest url-parse@^1.5.3
4758 silly packumentCache full:https://registry.npmjs.org/url-parse cache-miss
4759 http fetch GET 200 https://registry.npmjs.org/@tootallnate%2fonce 590ms (cache miss)
4760 silly packumentCache full:https://registry.npmjs.org/@tootallnate%2fonce set size:undefined disposed:false
4761 silly fetch manifest universalify@^0.2.0
4762 silly packumentCache full:https://registry.npmjs.org/universalify cache-hit
4763 silly fetch manifest browser-process-hrtime@^1.0.0
4764 silly packumentCache full:https://registry.npmjs.org/browser-process-hrtime cache-miss
4765 http fetch GET 200 https://registry.npmjs.org/punycode 286ms (cache revalidated)
4766 silly packumentCache full:https://registry.npmjs.org/punycode set size:61278 disposed:false
4767 silly fetch manifest iconv-lite@0.4.24
4768 silly packumentCache full:https://registry.npmjs.org/iconv-lite cache-hit
4769 silly fetch manifest tr46@^2.1.0
4770 silly packumentCache full:https://registry.npmjs.org/tr46 cache-miss
4771 http fetch GET 200 https://registry.npmjs.org/mime-types 1047ms (cache revalidated)
4772 silly packumentCache full:https://registry.npmjs.org/mime-types set size:139110 disposed:false
4773 http fetch GET 200 https://registry.npmjs.org/browser-process-hrtime 487ms (cache miss)
4774 silly packumentCache full:https://registry.npmjs.org/browser-process-hrtime set size:undefined disposed:false
4775 http fetch GET 200 https://registry.npmjs.org/acorn-walk 1362ms (cache miss)
4776 silly packumentCache full:https://registry.npmjs.org/acorn-walk set size:undefined disposed:false
4777 http fetch GET 200 https://registry.npmjs.org/tr46 714ms (cache miss)
4778 silly packumentCache full:https://registry.npmjs.org/tr46 set size:undefined disposed:false
4779 http fetch GET 200 https://registry.npmjs.org/xmlchars 1378ms (cache miss)
4780 silly packumentCache full:https://registry.npmjs.org/xmlchars set size:undefined disposed:false
4781 http fetch GET 200 https://registry.npmjs.org/psl 1757ms (cache miss)
4782 silly packumentCache full:https://registry.npmjs.org/psl set size:undefined disposed:false
4783 http fetch GET 200 https://registry.npmjs.org/url-parse 2416ms (cache miss)
4784 silly packumentCache full:https://registry.npmjs.org/url-parse set size:undefined disposed:false
4785 silly placeDep node_modules/acorn-globals acorn@7.4.1 OK for: acorn-globals@6.0.0 want: ^7.1.1
4786 silly placeDep ROOT acorn-walk@7.2.0 OK for: acorn-globals@6.0.0 want: ^7.1.1
4787 silly placeDep node_modules/cssstyle cssom@0.3.8 OK for: cssstyle@2.3.0 want: ~0.3.6
4788 silly placeDep node_modules/domexception webidl-conversions@5.0.0 OK for: domexception@2.0.1 want: ^5.0.0
4789 silly placeDep node_modules/escodegen source-map@0.6.1 OK for: escodegen@2.1.0 want: ~0.6.1
4790 silly placeDep ROOT asynckit@0.4.0 OK for: form-data@3.0.4 want: ^0.4.0
4791 silly placeDep ROOT combined-stream@1.0.8 OK for: form-data@3.0.4 want: ^1.0.8
4792 silly placeDep ROOT mime-types@2.1.35 OK for: form-data@3.0.4 want: ^2.1.35
4793 silly fetch manifest delayed-stream@~1.0.0
4794 silly packumentCache full:https://registry.npmjs.org/delayed-stream cache-miss
4795 silly fetch manifest mime-db@1.52.0
4796 silly packumentCache full:https://registry.npmjs.org/mime-db cache-hit
4797 http fetch GET 200 https://registry.npmjs.org/delayed-stream 327ms (cache revalidated)
4798 silly packumentCache full:https://registry.npmjs.org/delayed-stream set size:15820 disposed:false
4799 silly placeDep ROOT delayed-stream@1.0.0 OK for: combined-stream@1.0.8 want: ~1.0.0
4800 silly placeDep ROOT @tootallnate/once@1.1.2 OK for: http-proxy-agent@4.0.1 want: 1
4801 silly placeDep ROOT agent-base@6.0.2 OK for: http-proxy-agent@4.0.1 want: 6
4802 silly placeDep node_modules/jsonpath esprima@1.2.5 OK for: jsonpath@1.3.0 want: 1.2.5
4803 silly placeDep ROOT static-eval@2.1.1 OK for: jsonpath@1.3.0 want: 2.1.1
4804 silly placeDep ROOT underscore@1.13.6 OK for: jsonpath@1.3.0 want: 1.13.6
4805 silly placeDep ROOT json-buffer@3.0.1 OK for: keyv@4.5.4 want: 3.0.1
4806 silly placeDep ROOT language-subtag-registry@0.3.23 OK for: language-tags@1.0.9 want: ^0.3.20
4807 silly placeDep ROOT prelude-ls@1.2.1 OK for: levn@0.4.1 want: ^1.2.1
4808 silly placeDep ROOT type-check@0.4.0 OK for: levn@0.4.1 want: ~0.4.0
4809 silly placeDep ROOT big.js@5.2.2 OK for: loader-utils@2.0.4 want: ^5.2.2
4810 silly placeDep ROOT emojis-list@3.0.0 OK for: loader-utils@2.0.4 want: ^3.0.0
4811 silly placeDep ROOT p-locate@4.1.0 OK for: locate-path@5.0.0 want: ^4.1.0
4812 silly fetch manifest p-limit@^2.2.0
4813 silly packumentCache full:https://registry.npmjs.org/p-limit cache-miss
4814 http fetch GET 200 https://registry.npmjs.org/p-limit 1092ms (cache miss)
4815 silly packumentCache full:https://registry.npmjs.org/p-limit set size:undefined disposed:false
4816 silly placeDep ROOT yallist@3.1.1 OK for: lru-cache@5.1.1 want: ^3.0.2
4817 silly placeDep node_modules/make-dir semver@6.3.1 OK for: make-dir@3.1.0 want: ^6.0.0
4818 silly placeDep ROOT braces@3.0.3 OK for: micromatch@4.0.8 want: ^3.0.3
4819 silly fetch manifest fill-range@^7.1.1
4820 silly packumentCache full:https://registry.npmjs.org/fill-range cache-miss
4821 http fetch GET 200 https://registry.npmjs.org/fill-range 814ms (cache miss)
4822 silly packumentCache full:https://registry.npmjs.org/fill-range set size:undefined disposed:false
4823 silly placeDep ROOT fill-range@7.1.1 OK for: braces@3.0.3 want: ^7.1.1
4824 silly fetch manifest to-regex-range@^5.0.1
4825 silly packumentCache full:https://registry.npmjs.org/to-regex-range cache-miss
4826 http fetch GET 200 https://registry.npmjs.org/to-regex-range 1864ms (cache miss)
4827 silly packumentCache full:https://registry.npmjs.org/to-regex-range set size:undefined disposed:false
4828 silly placeDep ROOT to-regex-range@5.0.1 OK for: fill-range@7.1.1 want: ^5.0.1
4829 silly fetch manifest is-number@^7.0.0
4830 silly packumentCache full:https://registry.npmjs.org/is-number cache-miss
4831 http fetch GET 200 https://registry.npmjs.org/is-number 7189ms (cache miss)
4832 silly packumentCache full:https://registry.npmjs.org/is-number set size:undefined disposed:false
4833 silly placeDep ROOT mime-db@1.52.0 OK for: mime-types@2.1.35 want: 1.52.0
4834 silly placeDep ROOT brace-expansion@1.1.14 OK for: minimatch@3.1.5 want: ^1.1.7
4835 silly fetch manifest concat-map@0.0.1
4836 silly packumentCache full:https://registry.npmjs.org/concat-map cache-miss
4837 silly fetch manifest balanced-match@^1.0.0
4838 silly packumentCache full:https://registry.npmjs.org/balanced-match cache-miss
4839 http fetch GET 200 https://registry.npmjs.org/concat-map 281ms (cache revalidated)
4840 silly packumentCache full:https://registry.npmjs.org/concat-map set size:9290 disposed:false
4841 http fetch GET 200 https://registry.npmjs.org/balanced-match 910ms (cache revalidated)
4842 silly packumentCache full:https://registry.npmjs.org/balanced-match set size:39082 disposed:false
4843 silly placeDep ROOT balanced-match@1.0.2 OK for: brace-expansion@1.1.14 want: ^1.0.0
4844 silly placeDep ROOT concat-map@0.0.1 OK for: brace-expansion@1.1.14 want: 0.0.1
4845 silly placeDep ROOT mimic-fn@2.1.0 OK for: onetime@5.1.2 want: ^2.1.0
4846 silly placeDep ROOT deep-is@0.1.4 OK for: optionator@0.9.4 want: ^0.1.3
4847 silly placeDep ROOT fast-levenshtein@2.0.6 OK for: optionator@0.9.4 want: ^2.0.6
4848 silly placeDep ROOT word-wrap@1.2.5 OK for: optionator@0.9.4 want: ^1.2.5
4849 silly placeDep ROOT p-limit@2.3.0 OK for: p-locate@4.1.0 want: ^2.2.0
4850 silly fetch manifest p-try@^2.0.0
4851 silly packumentCache full:https://registry.npmjs.org/p-try cache-miss
4852 http fetch GET 200 https://registry.npmjs.org/p-try 4483ms (cache miss)
4853 silly packumentCache full:https://registry.npmjs.org/p-try set size:undefined disposed:false
4854 silly placeDep ROOT p-try@2.2.0 OK for: p-limit@2.3.0 want: ^2.0.0
4855 silly placeDep ROOT dot-case@3.0.4 OK for: param-case@3.0.4 want: ^3.0.4
4856 silly placeDep ROOT no-case@3.0.4 OK for: dot-case@3.0.4 want: ^3.0.4
4857 silly fetch manifest lower-case@^2.0.2
4858 silly packumentCache full:https://registry.npmjs.org/lower-case cache-miss
4859 http fetch GET 200 https://registry.npmjs.org/lower-case 1205ms (cache miss)
4860 silly packumentCache full:https://registry.npmjs.org/lower-case set size:undefined disposed:false
4861 silly placeDep ROOT lower-case@2.0.2 OK for: no-case@3.0.4 want: ^2.0.2
4862 silly placeDep ROOT error-ex@1.3.4 OK for: parse-json@5.2.0 want: ^1.3.1
4863 silly placeDep ROOT json-parse-even-better-errors@2.3.1 OK for: parse-json@5.2.0 want: ^2.3.0
4864 silly placeDep ROOT lines-and-columns@1.2.4 OK for: parse-json@5.2.0 want: ^1.1.6
4865 silly fetch manifest is-arrayish@^0.2.1
4866 silly packumentCache full:https://registry.npmjs.org/is-arrayish cache-miss
4867 http fetch GET 200 https://registry.npmjs.org/is-arrayish 378ms (cache miss)
4868 silly packumentCache full:https://registry.npmjs.org/is-arrayish set size:undefined disposed:false
4869 silly placeDep ROOT is-arrayish@0.2.1 OK for: error-ex@1.3.4 want: ^0.2.1
4870 silly placeDep ROOT nanoid@3.3.12 OK for: postcss@8.5.14 want: ^3.3.11
4871 silly placeDep ROOT source-map-js@1.2.1 OK for: postcss@8.5.14 want: ^1.2.1
4872 silly placeDep ROOT postcss-selector-parser@6.1.2 OK for: postcss-calc@8.2.4 want: ^6.0.9
4873 silly fetch manifest cssesc@^3.0.0
4874 silly packumentCache full:https://registry.npmjs.org/cssesc cache-miss
4875 silly fetch manifest util-deprecate@^1.0.2
4876 silly packumentCache full:https://registry.npmjs.org/util-deprecate cache-miss
4877 http fetch GET 200 https://registry.npmjs.org/util-deprecate 760ms (cache miss)
4878 silly packumentCache full:https://registry.npmjs.org/util-deprecate set size:undefined disposed:false
4879 http fetch GET 200 https://registry.npmjs.org/cssesc 1899ms (cache miss)
4880 silly packumentCache full:https://registry.npmjs.org/cssesc set size:undefined disposed:false
4881 silly placeDep ROOT caniuse-api@3.0.0 OK for: postcss-colormin@5.3.1 want: ^3.0.0
4882 silly placeDep ROOT colord@2.9.3 OK for: postcss-colormin@5.3.1 want: ^2.9.1
4883 silly fetch manifest lodash.uniq@^4.5.0
4884 silly packumentCache full:https://registry.npmjs.org/lodash.uniq cache-miss
4885 silly fetch manifest lodash.memoize@^4.1.2
4886 silly packumentCache full:https://registry.npmjs.org/lodash.memoize cache-miss
4887 http fetch GET 200 https://registry.npmjs.org/lodash.memoize 414ms (cache miss)
4888 silly packumentCache full:https://registry.npmjs.org/lodash.memoize set size:undefined disposed:false
4889 http fetch GET 200 https://registry.npmjs.org/lodash.uniq 662ms (cache miss)
4890 silly packumentCache full:https://registry.npmjs.org/lodash.uniq set size:undefined disposed:false
4891 silly placeDep ROOT lodash.memoize@4.1.2 OK for: caniuse-api@3.0.0 want: ^4.1.2
4892 silly placeDep ROOT lodash.uniq@4.5.0 OK for: caniuse-api@3.0.0 want: ^4.5.0
4893 silly placeDep ROOT klona@2.0.6 OK for: postcss-loader@6.2.1 want: ^2.0.5
4894 silly placeDep ROOT stylehacks@5.1.1 OK for: postcss-merge-longhand@5.1.7 want: ^5.1.1
4895 silly placeDep node_modules/postcss-modules-local-by-default postcss-selector-parser@7.1.1 OK for: postcss-modules-local-by-default@4.2.0 want: ^7.0.0
4896 silly placeDep node_modules/postcss-modules-scope postcss-selector-parser@7.1.1 OK for: postcss-modules-scope@3.2.1 want: ^7.0.0
4897 silly placeDep ROOT @csstools/normalize.css@12.1.1 OK for: postcss-normalize@10.0.1 want: *
4898 silly placeDep ROOT postcss-browser-comments@4.0.0 OK for: postcss-normalize@10.0.1 want: ^4
4899 silly placeDep ROOT sanitize.css@13.0.0 OK for: postcss-normalize@10.0.1 want: *
4900 silly placeDep ROOT normalize-url@6.1.0 OK for: postcss-normalize-url@5.1.0 want: ^6.0.1
4901 silly placeDep ROOT @csstools/postcss-cascade-layers@1.1.1 OK for: postcss-preset-env@7.8.3 want: ^1.1.1
4902 silly placeDep ROOT @csstools/postcss-color-function@1.1.1 OK for: postcss-preset-env@7.8.3 want: ^1.1.1
4903 silly placeDep ROOT @csstools/postcss-font-format-keywords@1.0.1 OK for: postcss-preset-env@7.8.3 want: ^1.0.1
4904 silly placeDep ROOT @csstools/postcss-hwb-function@1.0.2 OK for: postcss-preset-env@7.8.3 want: ^1.0.2
4905 silly placeDep ROOT @csstools/postcss-ic-unit@1.0.1 OK for: postcss-preset-env@7.8.3 want: ^1.0.1
4906 silly placeDep ROOT @csstools/postcss-is-pseudo-class@2.0.7 OK for: postcss-preset-env@7.8.3 want: ^2.0.7
4907 silly placeDep ROOT @csstools/postcss-nested-calc@1.0.0 OK for: postcss-preset-env@7.8.3 want: ^1.0.0
4908 silly placeDep ROOT @csstools/postcss-normalize-display-values@1.0.1 OK for: postcss-preset-env@7.8.3 want: ^1.0.1
4909 silly placeDep ROOT @csstools/postcss-oklab-function@1.1.1 OK for: postcss-preset-env@7.8.3 want: ^1.1.1
4910 silly placeDep ROOT @csstools/postcss-progressive-custom-properties@1.3.0 OK for: postcss-preset-env@7.8.3 want: ^1.3.0
4911 silly placeDep ROOT @csstools/postcss-stepped-value-functions@1.0.1 OK for: postcss-preset-env@7.8.3 want: ^1.0.1
4912 silly placeDep ROOT @csstools/postcss-text-decoration-shorthand@1.0.0 OK for: postcss-preset-env@7.8.3 want: ^1.0.0
4913 silly placeDep ROOT @csstools/postcss-trigonometric-functions@1.0.2 OK for: postcss-preset-env@7.8.3 want: ^1.0.2
4914 silly placeDep ROOT @csstools/postcss-unset-value@1.0.2 OK for: postcss-preset-env@7.8.3 want: ^1.0.2
4915 silly placeDep ROOT autoprefixer@10.5.0 OK for: postcss-preset-env@7.8.3 want: ^10.4.13
4916 silly placeDep ROOT css-blank-pseudo@3.0.3 OK for: postcss-preset-env@7.8.3 want: ^3.0.3
4917 silly placeDep ROOT css-has-pseudo@3.0.4 OK for: postcss-preset-env@7.8.3 want: ^3.0.4
4918 silly placeDep ROOT css-prefers-color-scheme@6.0.3 OK for: postcss-preset-env@7.8.3 want: ^6.0.3
4919 silly placeDep ROOT cssdb@7.11.2 OK for: postcss-preset-env@7.8.3 want: ^7.1.0
4920 silly placeDep ROOT postcss-attribute-case-insensitive@5.0.2 OK for: postcss-preset-env@7.8.3 want: ^5.0.2
4921 silly placeDep ROOT postcss-clamp@4.1.0 OK for: postcss-preset-env@7.8.3 want: ^4.1.0
4922 silly placeDep ROOT postcss-color-functional-notation@4.2.4 OK for: postcss-preset-env@7.8.3 want: ^4.2.4
4923 silly placeDep ROOT postcss-color-hex-alpha@8.0.4 OK for: postcss-preset-env@7.8.3 want: ^8.0.4
4924 silly placeDep ROOT postcss-color-rebeccapurple@7.1.1 OK for: postcss-preset-env@7.8.3 want: ^7.1.1
4925 silly placeDep ROOT postcss-custom-media@8.0.2 OK for: postcss-preset-env@7.8.3 want: ^8.0.2
4926 silly placeDep ROOT postcss-custom-properties@12.1.11 OK for: postcss-preset-env@7.8.3 want: ^12.1.10
4927 silly placeDep ROOT postcss-custom-selectors@6.0.3 OK for: postcss-preset-env@7.8.3 want: ^6.0.3
4928 silly placeDep ROOT postcss-dir-pseudo-class@6.0.5 OK for: postcss-preset-env@7.8.3 want: ^6.0.5
4929 silly placeDep ROOT postcss-double-position-gradients@3.1.2 OK for: postcss-preset-env@7.8.3 want: ^3.1.2
4930 silly placeDep ROOT postcss-env-function@4.0.6 OK for: postcss-preset-env@7.8.3 want: ^4.0.6
4931 silly placeDep ROOT postcss-focus-visible@6.0.4 OK for: postcss-preset-env@7.8.3 want: ^6.0.4
4932 silly placeDep ROOT postcss-focus-within@5.0.4 OK for: postcss-preset-env@7.8.3 want: ^5.0.4
4933 silly placeDep ROOT postcss-font-variant@5.0.0 OK for: postcss-preset-env@7.8.3 want: ^5.0.0
4934 silly placeDep ROOT postcss-gap-properties@3.0.5 OK for: postcss-preset-env@7.8.3 want: ^3.0.5
4935 silly placeDep ROOT postcss-image-set-function@4.0.7 OK for: postcss-preset-env@7.8.3 want: ^4.0.7
4936 silly placeDep ROOT postcss-initial@4.0.1 OK for: postcss-preset-env@7.8.3 want: ^4.0.1
4937 silly placeDep ROOT postcss-lab-function@4.2.1 OK for: postcss-preset-env@7.8.3 want: ^4.2.1
4938 silly placeDep ROOT postcss-logical@5.0.4 OK for: postcss-preset-env@7.8.3 want: ^5.0.4
4939 silly placeDep ROOT postcss-media-minmax@5.0.0 OK for: postcss-preset-env@7.8.3 want: ^5.0.0
4940 silly placeDep ROOT postcss-nesting@10.2.0 OK for: postcss-preset-env@7.8.3 want: ^10.2.0
4941 silly placeDep ROOT postcss-opacity-percentage@1.1.3 OK for: postcss-preset-env@7.8.3 want: ^1.1.2
4942 silly placeDep ROOT postcss-overflow-shorthand@3.0.4 OK for: postcss-preset-env@7.8.3 want: ^3.0.4
4943 silly placeDep ROOT postcss-page-break@3.0.4 OK for: postcss-preset-env@7.8.3 want: ^3.0.4
4944 silly placeDep ROOT postcss-place@7.0.5 OK for: postcss-preset-env@7.8.3 want: ^7.0.5
4945 silly placeDep ROOT postcss-pseudo-class-any-link@7.1.6 OK for: postcss-preset-env@7.8.3 want: ^7.1.6
4946 silly placeDep ROOT postcss-replace-overflow-wrap@4.0.0 OK for: postcss-preset-env@7.8.3 want: ^4.0.0
4947 silly placeDep ROOT postcss-selector-not@6.0.1 OK for: postcss-preset-env@7.8.3 want: ^6.0.1
4948 silly fetch manifest @csstools/selector-specificity@^2.0.2
4949 silly packumentCache full:https://registry.npmjs.org/@csstools%2fselector-specificity cache-miss
4950 silly fetch manifest @csstools/postcss-progressive-custom-properties@^1.1.0
4951 silly packumentCache full:https://registry.npmjs.org/@csstools%2fpostcss-progressive-custom-properties cache-hit
4952 silly fetch manifest @csstools/postcss-progressive-custom-properties@^1.1.0
4953 silly packumentCache full:https://registry.npmjs.org/@csstools%2fpostcss-progressive-custom-properties cache-hit
4954 silly fetch manifest @csstools/selector-specificity@^2.0.0
4955 silly packumentCache full:https://registry.npmjs.org/@csstools%2fselector-specificity cache-miss
4956 silly fetch manifest @csstools/postcss-progressive-custom-properties@^1.1.0
4957 silly packumentCache full:https://registry.npmjs.org/@csstools%2fpostcss-progressive-custom-properties cache-hit
4958 silly fetch manifest fraction.js@^5.3.4
4959 silly packumentCache full:https://registry.npmjs.org/fraction.js cache-miss
4960 silly fetch manifest @csstools/selector-specificity@^2.0.0
4961 silly packumentCache full:https://registry.npmjs.org/@csstools%2fselector-specificity cache-miss
4962 http fetch GET 200 https://registry.npmjs.org/@csstools%2fselector-specificity 647ms (cache miss)
4963 silly packumentCache full:https://registry.npmjs.org/@csstools%2fselector-specificity set size:undefined disposed:false
4964 http fetch GET 200 https://registry.npmjs.org/@csstools%2fselector-specificity 962ms (cache miss)
4965 silly packumentCache full:https://registry.npmjs.org/@csstools%2fselector-specificity set size:undefined disposed:false
4966 http fetch GET 200 https://registry.npmjs.org/@csstools%2fselector-specificity 971ms (cache miss)
4967 silly packumentCache full:https://registry.npmjs.org/@csstools%2fselector-specificity set size:undefined disposed:false
4968 http fetch GET 200 https://registry.npmjs.org/fraction.js 2937ms (cache miss)
4969 silly packumentCache full:https://registry.npmjs.org/fraction.js set size:undefined disposed:false
4970 silly placeDep ROOT @csstools/selector-specificity@2.2.0 OK for: @csstools/postcss-cascade-layers@1.1.1 want: ^2.0.2
4971 silly placeDep ROOT fraction.js@5.3.4 OK for: autoprefixer@10.5.0 want: ^5.3.4
4972 silly placeDep ROOT cssesc@3.0.0 OK for: postcss-selector-parser@6.1.2 want: ^3.0.0
4973 silly placeDep ROOT util-deprecate@1.0.2 OK for: postcss-selector-parser@6.1.2 want: ^1.0.2
4974 silly placeDep node_modules/postcss-svgo svgo@2.8.2 OK for: postcss-svgo@5.1.0 want: ^2.7.0
4975 silly fetch manifest sax@^1.5.0
4976 silly packumentCache full:https://registry.npmjs.org/sax cache-hit
4977 silly fetch manifest csso@^4.2.0
4978 silly packumentCache full:https://registry.npmjs.org/csso cache-hit
4979 silly fetch manifest css-tree@^1.1.3
4980 silly packumentCache full:https://registry.npmjs.org/css-tree cache-hit
4981 silly fetch manifest commander@^7.2.0
4982 silly packumentCache full:https://registry.npmjs.org/commander cache-hit
4983 silly fetch manifest css-select@^4.1.3
4984 silly packumentCache full:https://registry.npmjs.org/css-select cache-hit
4985 silly placeDep ROOT renderkid@3.0.0 OK for: pretty-error@4.0.0 want: ^3.0.0
4986 silly fetch manifest dom-converter@^0.2.0
4987 silly packumentCache full:https://registry.npmjs.org/dom-converter cache-miss
4988 silly fetch manifest htmlparser2@^6.1.0
4989 silly packumentCache full:https://registry.npmjs.org/htmlparser2 cache-miss
4990 http fetch GET 200 https://registry.npmjs.org/dom-converter 448ms (cache miss)
4991 silly packumentCache full:https://registry.npmjs.org/dom-converter set size:undefined disposed:false
4992 http fetch GET 200 https://registry.npmjs.org/htmlparser2 1261ms (cache miss)
4993 silly packumentCache full:https://registry.npmjs.org/htmlparser2 set size:undefined disposed:false
4994 silly placeDep ROOT ansi-regex@5.0.1 OK for: pretty-format@27.5.1 want: ^5.0.1
4995 silly placeDep node_modules/pretty-format ansi-styles@5.2.0 OK for: pretty-format@27.5.1 want: ^5.0.0
4996 silly placeDep ROOT react-is@17.0.2 OK for: pretty-format@27.5.1 want: ^17.0.1
4997 silly placeDep ROOT kleur@3.0.3 OK for: prompts@2.4.2 want: ^3.0.3
4998 silly placeDep ROOT sisteransi@1.0.5 OK for: prompts@2.4.2 want: ^1.0.5
4999 silly placeDep ROOT object-assign@4.1.1 OK for: prop-types@15.8.1 want: ^4.1.1
5000 silly placeDep node_modules/prop-types react-is@16.13.1 OK for: prop-types@15.8.1 want: ^16.13.1
5001 silly placeDep ROOT core-js@3.49.0 OK for: react-app-polyfill@3.0.0 want: ^3.19.2
5002 silly placeDep ROOT promise@8.3.0 OK for: react-app-polyfill@3.0.0 want: ^8.1.0
5003 silly placeDep ROOT raf@3.4.1 OK for: react-app-polyfill@3.0.0 want: ^3.4.1
5004 silly placeDep ROOT regenerator-runtime@0.13.11 OK for: react-app-polyfill@3.0.0 want: ^0.13.9
5005 silly placeDep ROOT whatwg-fetch@3.6.20 OK for: react-app-polyfill@3.0.0 want: ^3.6.2
5006 silly fetch manifest asap@~2.0.6
5007 silly packumentCache full:https://registry.npmjs.org/asap cache-miss
5008 silly fetch manifest performance-now@^2.1.0
5009 silly packumentCache full:https://registry.npmjs.org/performance-now cache-miss
5010 http fetch GET 200 https://registry.npmjs.org/performance-now 594ms (cache miss)
5011 silly packumentCache full:https://registry.npmjs.org/performance-now set size:undefined disposed:false
5012 http fetch GET 200 https://registry.npmjs.org/asap 606ms (cache miss)
5013 silly packumentCache full:https://registry.npmjs.org/asap set size:undefined disposed:false
5014 silly placeDep ROOT asap@2.0.6 OK for: promise@8.3.0 want: ~2.0.6
5015 silly placeDep ROOT performance-now@2.1.0 OK for: raf@3.4.1 want: ^2.1.0
5016 silly placeDep ROOT address@1.2.2 OK for: react-dev-utils@12.0.1 want: ^1.1.2
5017 silly placeDep ROOT detect-port-alt@1.1.6 OK for: react-dev-utils@12.0.1 want: ^1.1.6
5018 silly placeDep ROOT filesize@8.0.7 OK for: react-dev-utils@12.0.1 want: ^8.0.6
5019 silly placeDep node_modules/react-dev-utils find-up@5.0.0 OK for: react-dev-utils@12.0.1 want: ^5.0.0
5020 silly placeDep ROOT fork-ts-checker-webpack-plugin@6.5.3 OK for: react-dev-utils@12.0.1 want: ^6.5.0
5021 silly placeDep ROOT global-modules@2.0.0 OK for: react-dev-utils@12.0.1 want: ^2.0.0
5022 silly placeDep ROOT gzip-size@6.0.0 OK for: react-dev-utils@12.0.1 want: ^6.0.0
5023 silly placeDep ROOT immer@9.0.21 OK for: react-dev-utils@12.0.1 want: ^9.0.7
5024 silly placeDep ROOT is-root@2.1.0 OK for: react-dev-utils@12.0.1 want: ^2.1.0
5025 silly placeDep node_modules/react-dev-utils loader-utils@3.3.1 OK for: react-dev-utils@12.0.1 want: ^3.2.0
5026 silly placeDep ROOT open@8.4.2 OK for: react-dev-utils@12.0.1 want: ^8.4.0
5027 silly placeDep ROOT pkg-up@3.1.0 OK for: react-dev-utils@12.0.1 want: ^3.1.0
5028 silly placeDep ROOT react-error-overlay@6.1.0 OK for: react-dev-utils@12.0.1 want: ^6.0.11
5029 silly placeDep ROOT recursive-readdir@2.2.3 OK for: react-dev-utils@12.0.1 want: ^2.2.2
5030 silly placeDep ROOT shell-quote@1.8.3 OK for: react-dev-utils@12.0.1 want: ^1.7.3
5031 silly fetch manifest debug@^2.6.0
5032 silly packumentCache full:https://registry.npmjs.org/debug cache-hit
5033 silly fetch manifest memfs@^3.1.2
5034 silly packumentCache full:https://registry.npmjs.org/memfs cache-miss
5035 silly fetch manifest tapable@^1.0.0
5036 silly packumentCache full:https://registry.npmjs.org/tapable cache-hit
5037 silly fetch manifest chokidar@^3.4.2
5038 silly packumentCache full:https://registry.npmjs.org/chokidar cache-hit
5039 silly fetch manifest fs-extra@^9.0.0
5040 silly packumentCache full:https://registry.npmjs.org/fs-extra cache-hit
5041 silly fetch manifest cosmiconfig@^6.0.0
5042 silly packumentCache full:https://registry.npmjs.org/cosmiconfig cache-hit
5043 silly fetch manifest schema-utils@2.7.0
5044 silly packumentCache full:https://registry.npmjs.org/schema-utils cache-hit
5045 silly fetch manifest global-prefix@^3.0.0
5046 silly packumentCache full:https://registry.npmjs.org/global-prefix cache-miss
5047 silly fetch manifest duplexer@^0.1.2
5048 silly packumentCache full:https://registry.npmjs.org/duplexer cache-miss
5049 silly fetch manifest is-wsl@^2.2.0
5050 silly packumentCache full:https://registry.npmjs.org/is-wsl cache-miss
5051 silly fetch manifest is-docker@^2.1.1
5052 silly packumentCache full:https://registry.npmjs.org/is-docker cache-miss
5053 silly fetch manifest define-lazy-prop@^2.0.0
5054 silly packumentCache full:https://registry.npmjs.org/define-lazy-prop cache-miss
5055 silly fetch manifest find-up@^3.0.0
5056 silly packumentCache full:https://registry.npmjs.org/find-up cache-hit
5057 http fetch GET 200 https://registry.npmjs.org/is-wsl 383ms (cache revalidated)
5058 silly packumentCache full:https://registry.npmjs.org/is-wsl set size:20683 disposed:false
5059 http fetch GET 200 https://registry.npmjs.org/is-docker 399ms (cache revalidated)
5060 silly packumentCache full:https://registry.npmjs.org/is-docker set size:23690 disposed:false
5061 http fetch GET 200 https://registry.npmjs.org/duplexer 602ms (cache miss)
5062 silly packumentCache full:https://registry.npmjs.org/duplexer set size:undefined disposed:false
5063 http fetch GET 200 https://registry.npmjs.org/global-prefix 804ms (cache miss)
5064 silly packumentCache full:https://registry.npmjs.org/global-prefix set size:undefined disposed:false
5065 http fetch GET 200 https://registry.npmjs.org/define-lazy-prop 1127ms (cache miss)
5066 silly packumentCache full:https://registry.npmjs.org/define-lazy-prop set size:undefined disposed:false
5067 http fetch GET 200 https://registry.npmjs.org/memfs 4486ms (cache miss)
5068 silly packumentCache full:https://registry.npmjs.org/memfs set size:undefined disposed:false
5069 silly placeDep node_modules/detect-port-alt debug@2.6.9 OK for: detect-port-alt@1.1.6 want: ^2.6.0
5070 silly fetch manifest ms@2.0.0
5071 silly packumentCache full:https://registry.npmjs.org/ms cache-hit
5072 silly placeDep ROOT chokidar@3.6.0 OK for: fork-ts-checker-webpack-plugin@6.5.3 want: ^3.4.2
5073 silly placeDep node_modules/fork-ts-checker-webpack-plugin cosmiconfig@6.0.0 OK for: fork-ts-checker-webpack-plugin@6.5.3 want: ^6.0.0
5074 silly placeDep node_modules/fork-ts-checker-webpack-plugin fs-extra@9.1.0 OK for: fork-ts-checker-webpack-plugin@6.5.3 want: ^9.0.0
5075 silly placeDep ROOT memfs@3.5.3 OK for: fork-ts-checker-webpack-plugin@6.5.3 want: ^3.1.2
5076 silly placeDep node_modules/fork-ts-checker-webpack-plugin schema-utils@2.7.0 OK for: fork-ts-checker-webpack-plugin@6.5.3 want: 2.7.0
5077 silly placeDep node_modules/fork-ts-checker-webpack-plugin tapable@1.1.3 OK for: fork-ts-checker-webpack-plugin@6.5.3 want: ^1.0.0
5078 silly fetch manifest readdirp@~3.6.0
5079 silly packumentCache full:https://registry.npmjs.org/readdirp cache-miss
5080 silly fetch manifest glob-parent@~5.1.2
5081 silly packumentCache full:https://registry.npmjs.org/glob-parent cache-hit
5082 silly fetch manifest is-binary-path@~2.1.0
5083 silly packumentCache full:https://registry.npmjs.org/is-binary-path cache-miss
5084 silly fetch manifest at-least-node@^1.0.0
5085 silly packumentCache full:https://registry.npmjs.org/at-least-node cache-miss
5086 silly fetch manifest fs-monkey@^1.0.4
5087 silly packumentCache full:https://registry.npmjs.org/fs-monkey cache-miss
5088 silly fetch manifest ajv-keywords@^3.4.1
5089 silly packumentCache full:https://registry.npmjs.org/ajv-keywords cache-hit
5090 http fetch GET 200 https://registry.npmjs.org/at-least-node 325ms (cache miss)
5091 silly packumentCache full:https://registry.npmjs.org/at-least-node set size:undefined disposed:false
5092 http fetch GET 200 https://registry.npmjs.org/is-binary-path 1274ms (cache miss)
5093 silly packumentCache full:https://registry.npmjs.org/is-binary-path set size:undefined disposed:false
5094 http fetch GET 200 https://registry.npmjs.org/readdirp 1295ms (cache miss)
5095 silly packumentCache full:https://registry.npmjs.org/readdirp set size:undefined disposed:false
5096 http fetch GET 200 https://registry.npmjs.org/fs-monkey 1906ms (cache miss)
5097 silly packumentCache full:https://registry.npmjs.org/fs-monkey set size:undefined disposed:false
5098 silly placeDep node_modules/chokidar glob-parent@5.1.2 OK for: chokidar@3.6.0 want: ~5.1.2
5099 silly placeDep ROOT is-binary-path@2.1.0 OK for: chokidar@3.6.0 want: ~2.1.0
5100 silly placeDep ROOT readdirp@3.6.0 OK for: chokidar@3.6.0 want: ~3.6.0
5101 silly fetch manifest binary-extensions@^2.0.0
5102 silly packumentCache full:https://registry.npmjs.org/binary-extensions cache-miss
5103 http fetch GET 200 https://registry.npmjs.org/binary-extensions 1493ms (cache miss)
5104 silly packumentCache full:https://registry.npmjs.org/binary-extensions set size:undefined disposed:false
5105 silly placeDep ROOT global-prefix@3.0.0 OK for: global-modules@2.0.0 want: ^3.0.0
5106 silly fetch manifest ini@^1.3.5
5107 silly packumentCache full:https://registry.npmjs.org/ini cache-miss
5108 silly fetch manifest which@^1.3.1
5109 silly packumentCache full:https://registry.npmjs.org/which cache-hit
5110 silly fetch manifest kind-of@^6.0.2
5111 silly packumentCache full:https://registry.npmjs.org/kind-of cache-miss
5112 http fetch GET 200 https://registry.npmjs.org/ini 280ms (cache revalidated)
5113 silly packumentCache full:https://registry.npmjs.org/ini set size:56912 disposed:false
5114 http fetch GET 200 https://registry.npmjs.org/kind-of 1693ms (cache miss)
5115 silly packumentCache full:https://registry.npmjs.org/kind-of set size:undefined disposed:false
5116 silly placeDep ROOT ini@1.3.8 OK for: global-prefix@3.0.0 want: ^1.3.5
5117 silly placeDep ROOT kind-of@6.0.3 OK for: global-prefix@3.0.0 want: ^6.0.2
5118 silly placeDep node_modules/global-prefix which@1.3.1 OK for: global-prefix@3.0.0 want: ^1.3.1
5119 silly placeDep ROOT duplexer@0.1.2 OK for: gzip-size@6.0.0 want: ^0.1.2
5120 silly placeDep ROOT binary-extensions@2.3.0 OK for: is-binary-path@2.1.0 want: ^2.0.0
5121 silly placeDep ROOT fs-monkey@1.1.0 OK for: memfs@3.5.3 want: ^1.0.4
5122 silly placeDep ROOT define-lazy-prop@2.0.0 OK for: open@8.4.2 want: ^2.0.0
5123 silly placeDep ROOT is-docker@2.2.1 OK for: open@8.4.2 want: ^2.1.1
5124 silly placeDep ROOT is-wsl@2.2.0 OK for: open@8.4.2 want: ^2.2.0
5125 silly placeDep node_modules/pkg-up find-up@3.0.0 OK for: pkg-up@3.1.0 want: ^3.0.0
5126 silly fetch manifest locate-path@^3.0.0
5127 silly packumentCache full:https://registry.npmjs.org/locate-path cache-hit
5128 silly placeDep ROOT regenerate@1.4.2 OK for: regexpu-core@6.4.0 want: ^1.4.2
5129 silly placeDep ROOT regenerate-unicode-properties@10.2.2 OK for: regexpu-core@6.4.0 want: ^10.2.2
5130 silly placeDep ROOT regjsgen@0.8.0 OK for: regexpu-core@6.4.0 want: ^0.8.0
5131 silly placeDep ROOT regjsparser@0.13.1 OK for: regexpu-core@6.4.0 want: ^0.13.0
5132 silly placeDep ROOT unicode-match-property-ecmascript@2.0.0 OK for: regexpu-core@6.4.0 want: ^2.0.0
5133 silly placeDep ROOT unicode-match-property-value-ecmascript@2.2.1 OK for: regexpu-core@6.4.0 want: ^2.2.1
5134 silly fetch manifest unicode-canonical-property-names-ecmascript@^2.0.0
5135 silly packumentCache full:https://registry.npmjs.org/unicode-canonical-property-names-ecmascript cache-miss
5136 silly fetch manifest unicode-property-aliases-ecmascript@^2.0.0
5137 silly packumentCache full:https://registry.npmjs.org/unicode-property-aliases-ecmascript cache-miss
5138 http fetch GET 200 https://registry.npmjs.org/unicode-property-aliases-ecmascript 406ms (cache miss)
5139 silly packumentCache full:https://registry.npmjs.org/unicode-property-aliases-ecmascript set size:undefined disposed:false
5140 http fetch GET 200 https://registry.npmjs.org/unicode-canonical-property-names-ecmascript 526ms (cache miss)
5141 silly packumentCache full:https://registry.npmjs.org/unicode-canonical-property-names-ecmascript set size:undefined disposed:false
5142 silly placeDep ROOT css-select@4.3.0 OK for: renderkid@3.0.0 want: ^4.1.3
5143 silly placeDep ROOT dom-converter@0.2.0 OK for: renderkid@3.0.0 want: ^0.2.0
5144 silly placeDep ROOT htmlparser2@6.1.0 OK for: renderkid@3.0.0 want: ^6.1.0
5145 silly fetch manifest boolbase@^1.0.0
5146 silly packumentCache full:https://registry.npmjs.org/boolbase cache-miss
5147 silly fetch manifest css-what@^6.0.1
5148 silly packumentCache full:https://registry.npmjs.org/css-what cache-miss
5149 silly fetch manifest domutils@^2.8.0
5150 silly packumentCache full:https://registry.npmjs.org/domutils cache-miss
5151 silly fetch manifest nth-check@^2.0.1
5152 silly packumentCache full:https://registry.npmjs.org/nth-check cache-miss
5153 silly fetch manifest domhandler@^4.3.1
5154 silly packumentCache full:https://registry.npmjs.org/domhandler cache-miss
5155 silly fetch manifest utila@~0.4
5156 silly packumentCache full:https://registry.npmjs.org/utila cache-miss
5157 silly fetch manifest domutils@^2.5.2
5158 silly packumentCache full:https://registry.npmjs.org/domutils cache-miss
5159 http fetch GET 200 https://registry.npmjs.org/utila 376ms (cache miss)
5160 silly packumentCache full:https://registry.npmjs.org/utila set size:undefined disposed:false
5161 silly fetch manifest entities@^2.0.0
5162 silly packumentCache full:https://registry.npmjs.org/entities cache-miss
5163 http fetch GET 200 https://registry.npmjs.org/nth-check 561ms (cache miss)
5164 silly packumentCache full:https://registry.npmjs.org/nth-check set size:undefined disposed:false
5165 silly fetch manifest domhandler@^4.0.0
5166 silly packumentCache full:https://registry.npmjs.org/domhandler cache-miss
5167 http fetch GET 200 https://registry.npmjs.org/css-what 935ms (cache miss)
5168 silly packumentCache full:https://registry.npmjs.org/css-what set size:undefined disposed:false
5169 silly fetch manifest domelementtype@^2.0.1
5170 silly packumentCache full:https://registry.npmjs.org/domelementtype cache-miss
5171 http fetch GET 200 https://registry.npmjs.org/boolbase 1364ms (cache miss)
5172 silly packumentCache full:https://registry.npmjs.org/boolbase set size:undefined disposed:false
5173 http fetch GET 200 https://registry.npmjs.org/domhandler 808ms (cache miss)
5174 silly packumentCache full:https://registry.npmjs.org/domhandler set size:undefined disposed:false
5175 http fetch GET 200 https://registry.npmjs.org/domelementtype 635ms (cache miss)
5176 silly packumentCache full:https://registry.npmjs.org/domelementtype set size:undefined disposed:false
5177 http fetch GET 200 https://registry.npmjs.org/domutils 1967ms (cache miss)
5178 silly packumentCache full:https://registry.npmjs.org/domutils set size:undefined disposed:false
5179 http fetch GET 200 https://registry.npmjs.org/domhandler 2166ms (cache miss)
5180 silly packumentCache full:https://registry.npmjs.org/domhandler set size:undefined disposed:false
5181 http fetch GET 200 https://registry.npmjs.org/domutils 2198ms (cache miss)
5182 silly packumentCache full:https://registry.npmjs.org/domutils set size:undefined disposed:false
5183 http fetch GET 200 https://registry.npmjs.org/entities 1919ms (cache miss)
5184 silly packumentCache full:https://registry.npmjs.org/entities set size:undefined disposed:false
5185 silly placeDep ROOT boolbase@1.0.0 OK for: css-select@4.3.0 want: ^1.0.0
5186 silly placeDep ROOT css-what@6.2.2 OK for: css-select@4.3.0 want: ^6.0.1
5187 silly placeDep ROOT domhandler@4.3.1 OK for: css-select@4.3.0 want: ^4.3.1
5188 silly placeDep ROOT domutils@2.8.0 OK for: css-select@4.3.0 want: ^2.8.0
5189 silly placeDep ROOT nth-check@2.1.1 OK for: css-select@4.3.0 want: ^2.0.1
5190 silly fetch manifest domelementtype@^2.2.0
5191 silly packumentCache full:https://registry.npmjs.org/domelementtype cache-miss
5192 silly fetch manifest dom-serializer@^1.0.1
5193 silly packumentCache full:https://registry.npmjs.org/dom-serializer cache-miss
5194 silly fetch manifest domelementtype@^2.2.0
5195 silly packumentCache full:https://registry.npmjs.org/domelementtype cache-miss
5196 http cache https://registry.npmjs.org/domelementtype 60ms (cache hit)
5197 silly packumentCache full:https://registry.npmjs.org/domelementtype set size:33363 disposed:false
5198 http cache https://registry.npmjs.org/domelementtype 66ms (cache hit)
5199 silly packumentCache full:https://registry.npmjs.org/domelementtype set size:33363 disposed:false
5200 silly packumentCache full:https://registry.npmjs.org/domelementtype dispose
5201 http fetch GET 200 https://registry.npmjs.org/dom-serializer 2787ms (cache miss)
5202 silly packumentCache full:https://registry.npmjs.org/dom-serializer set size:undefined disposed:false
5203 silly placeDep ROOT utila@0.4.0 OK for: dom-converter@0.2.0 want: ~0.4
5204 silly placeDep ROOT domelementtype@2.3.0 OK for: domhandler@4.3.1 want: ^2.2.0
5205 silly placeDep ROOT dom-serializer@1.4.1 OK for: domutils@2.8.0 want: ^1.0.1
5206 silly placeDep ROOT entities@2.2.0 OK for: dom-serializer@1.4.1 want: ^2.0.0
5207 silly placeDep ROOT path-parse@1.0.7 OK for: resolve@1.22.12 want: ^1.0.7
5208 silly placeDep ROOT supports-preserve-symlinks-flag@1.0.0 OK for: resolve@1.22.12 want: ^1.0.0
5209 silly placeDep ROOT adjust-sourcemap-loader@4.0.0 OK for: resolve-url-loader@4.0.0 want: ^4.0.0
5210 silly placeDep node_modules/resolve-url-loader convert-source-map@1.9.0 OK for: resolve-url-loader@4.0.0 want: ^1.7.0
5211 silly placeDep node_modules/resolve-url-loader postcss@7.0.39 OK for: resolve-url-loader@4.0.0 want: ^7.0.35
5212 silly placeDep node_modules/resolve-url-loader source-map@0.6.1 OK for: resolve-url-loader@4.0.0 want: 0.6.1
5213 silly fetch manifest regex-parser@^2.2.11
5214 silly packumentCache full:https://registry.npmjs.org/regex-parser cache-miss
5215 silly fetch manifest picocolors@^0.2.1
5216 silly packumentCache full:https://registry.npmjs.org/picocolors cache-hit
5217 http fetch GET 200 https://registry.npmjs.org/regex-parser 1048ms (cache miss)
5218 silly packumentCache full:https://registry.npmjs.org/regex-parser set size:undefined disposed:false
5219 silly placeDep ROOT regex-parser@2.3.1 OK for: adjust-sourcemap-loader@4.0.0 want: ^2.2.11
5220 silly placeDep ROOT queue-microtask@1.2.3 OK for: run-parallel@1.2.0 want: ^1.2.2
5221 silly placeDep ROOT isarray@2.0.5 OK for: safe-array-concat@1.1.4 want: ^2.0.5
5222 silly placeDep ROOT neo-async@2.6.2 OK for: sass-loader@12.6.0 want: ^2.6.2
5223 silly placeDep ROOT xmlchars@2.2.0 OK for: saxes@5.0.1 want: ^2.2.0
5224 silly placeDep node_modules/schema-utils ajv@8.20.0 OK for: schema-utils@4.3.3 want: ^8.9.0
5225 silly placeDep ROOT ajv-formats@2.1.1 OK for: schema-utils@4.3.3 want: ^2.1.1
5226 silly placeDep ROOT ajv-keywords@5.1.0 OK for: schema-utils@4.3.3 want: ^5.1.0
5227 silly fetch manifest fast-uri@^3.0.1
5228 silly packumentCache full:https://registry.npmjs.org/fast-uri cache-miss
5229 silly fetch manifest json-schema-traverse@^1.0.0
5230 silly packumentCache full:https://registry.npmjs.org/json-schema-traverse cache-hit
5231 silly fetch manifest require-from-string@^2.0.2
5232 silly packumentCache full:https://registry.npmjs.org/require-from-string cache-miss
5233 silly fetch manifest ajv@^8.0.0
5234 silly packumentCache full:https://registry.npmjs.org/ajv cache-miss
5235 http fetch GET 200 https://registry.npmjs.org/require-from-string 309ms (cache revalidated)
5236 silly packumentCache full:https://registry.npmjs.org/require-from-string set size:15128 disposed:false
5237 http fetch GET 200 https://registry.npmjs.org/fast-uri 575ms (cache updated)
5238 silly packumentCache full:https://registry.npmjs.org/fast-uri set size:undefined disposed:false
5239 http fetch GET 200 https://registry.npmjs.org/ajv 738ms (cache revalidated)
5240 silly packumentCache full:https://registry.npmjs.org/ajv set size:1142658 disposed:false
5241 silly placeDep node_modules/ajv-formats ajv@8.20.0 OK for: ajv-formats@2.1.1 want: ^8.0.0
5242 silly placeDep ROOT randombytes@2.1.0 OK for: serialize-javascript@6.0.2 want: ^2.1.0
5243 silly fetch manifest safe-buffer@^5.1.0
5244 silly packumentCache full:https://registry.npmjs.org/safe-buffer cache-miss
5245 http fetch GET 200 https://registry.npmjs.org/safe-buffer 287ms (cache revalidated)
5246 silly packumentCache full:https://registry.npmjs.org/safe-buffer set size:41183 disposed:false
5247 silly placeDep ROOT safe-buffer@5.2.1 OK for: randombytes@2.1.0 want: ^5.1.0
5248 silly placeDep ROOT shebang-regex@3.0.0 OK for: shebang-command@2.0.0 want: ^3.0.0
5249 silly placeDep ROOT side-channel-list@1.0.1 OK for: side-channel@1.1.0 want: ^1.0.0
5250 silly placeDep ROOT side-channel-map@1.0.1 OK for: side-channel@1.1.0 want: ^1.0.1
5251 silly placeDep ROOT side-channel-weakmap@1.0.2 OK for: side-channel@1.1.0 want: ^1.0.2
5252 silly placeDep ROOT iconv-lite@0.6.3 OK for: source-map-loader@3.0.2 want: ^0.6.3
5253 silly fetch manifest safer-buffer@>= 2.1.2 < 3.0.0
5254 silly packumentCache full:https://registry.npmjs.org/safer-buffer cache-miss
5255 http fetch GET 200 https://registry.npmjs.org/safer-buffer 313ms (cache revalidated)
5256 silly packumentCache full:https://registry.npmjs.org/safer-buffer set size:18521 disposed:false
5257 silly placeDep ROOT safer-buffer@2.1.2 OK for: iconv-lite@0.6.3 want: >= 2.1.2 < 3.0.0
5258 silly placeDep ROOT buffer-from@1.1.2 OK for: source-map-support@0.5.21 want: ^1.0.0
5259 silly placeDep node_modules/source-map-support source-map@0.6.1 OK for: source-map-support@0.5.21 want: ^0.6.0
5260 silly placeDep node_modules/stack-utils escape-string-regexp@2.0.0 OK for: stack-utils@2.0.6 want: ^2.0.0
5261 silly placeDep ROOT char-regex@1.0.2 OK for: string-length@4.0.2 want: ^1.0.2
5262 silly placeDep ROOT has-flag@4.0.0 OK for: supports-color@7.2.0 want: ^4.0.0
5263 silly placeDep node_modules/svgo chalk@2.4.2 OK for: svgo@1.3.2 want: ^2.4.1
5264 silly placeDep ROOT coa@2.0.2 OK for: svgo@1.3.2 want: ^2.0.2
5265 silly placeDep node_modules/svgo css-select@2.1.0 OK for: svgo@1.3.2 want: ^2.0.0
5266 silly placeDep ROOT css-select-base-adapter@0.1.1 OK for: svgo@1.3.2 want: ^0.1.1
5267 silly placeDep ROOT css-tree@1.0.0-alpha.37 OK for: svgo@1.3.2 want: 1.0.0-alpha.37
5268 silly placeDep ROOT csso@4.2.0 OK for: svgo@1.3.2 want: ^4.0.2
5269 silly placeDep ROOT mkdirp@0.5.6 OK for: svgo@1.3.2 want: ~0.5.1
5270 silly placeDep ROOT sax@1.2.4 OK for: svgo@1.3.2 want: ~1.2.4
5271 silly placeDep ROOT stable@0.1.8 OK for: svgo@1.3.2 want: ^0.1.8
5272 silly placeDep ROOT unquote@1.1.1 OK for: svgo@1.3.2 want: ~1.1.1
5273 silly placeDep ROOT util.promisify@1.0.1 OK for: svgo@1.3.2 want: ~1.0.0
5274 silly fetch manifest ansi-styles@^3.2.1
5275 silly packumentCache full:https://registry.npmjs.org/ansi-styles cache-hit
5276 silly fetch manifest supports-color@^5.3.0
5277 silly packumentCache full:https://registry.npmjs.org/supports-color cache-hit
5278 silly fetch manifest escape-string-regexp@^1.0.5
5279 silly packumentCache full:https://registry.npmjs.org/escape-string-regexp cache-hit
5280 silly fetch manifest @types/q@^1.5.1
5281 silly packumentCache full:https://registry.npmjs.org/@types%2fq cache-miss
5282 silly fetch manifest q@^1.1.2
5283 silly packumentCache full:https://registry.npmjs.org/q cache-miss
5284 silly fetch manifest css-what@^3.2.1
5285 silly packumentCache full:https://registry.npmjs.org/css-what cache-miss
5286 silly fetch manifest domutils@^1.7.0
5287 silly packumentCache full:https://registry.npmjs.org/domutils cache-miss
5288 silly fetch manifest nth-check@^1.0.2
5289 silly packumentCache full:https://registry.npmjs.org/nth-check cache-miss
5290 silly fetch manifest mdn-data@2.0.4
5291 silly packumentCache full:https://registry.npmjs.org/mdn-data cache-miss
5292 silly fetch manifest css-tree@^1.1.2
5293 silly packumentCache full:https://registry.npmjs.org/css-tree cache-hit
5294 silly fetch manifest object.getownpropertydescriptors@^2.1.0
5295 silly packumentCache full:https://registry.npmjs.org/object.getownpropertydescriptors cache-miss
5296 http cache https://registry.npmjs.org/nth-check 52ms (cache hit)
5297 silly packumentCache full:https://registry.npmjs.org/nth-check set size:27445 disposed:false
5298 http cache https://registry.npmjs.org/css-what 81ms (cache hit)
5299 silly packumentCache full:https://registry.npmjs.org/css-what set size:81721 disposed:false
5300 http cache https://registry.npmjs.org/domutils 111ms (cache hit)
5301 silly packumentCache full:https://registry.npmjs.org/domutils set size:110068 disposed:false
5302 http fetch GET 200 https://registry.npmjs.org/object.getownpropertydescriptors 915ms (cache miss)
5303 silly packumentCache full:https://registry.npmjs.org/object.getownpropertydescriptors set size:undefined disposed:false
5304 http fetch GET 200 https://registry.npmjs.org/@types%2fq 1530ms (cache miss)
5305 silly packumentCache full:https://registry.npmjs.org/@types%2fq set size:undefined disposed:false
5306 http fetch GET 200 https://registry.npmjs.org/mdn-data 2225ms (cache miss)
5307 silly packumentCache full:https://registry.npmjs.org/mdn-data set size:undefined disposed:false
5308 http fetch GET 200 https://registry.npmjs.org/q 3499ms (cache miss)
5309 silly packumentCache full:https://registry.npmjs.org/q set size:undefined disposed:false
5310 silly placeDep ROOT @types/q@1.5.8 OK for: coa@2.0.2 want: ^1.5.1
5311 silly placeDep node_modules/coa chalk@2.4.2 OK for: coa@2.0.2 want: ^2.4.1
5312 silly placeDep ROOT q@1.5.1 OK for: coa@2.0.2 want: ^1.1.2
5313 silly placeDep ROOT mdn-data@2.0.4 OK for: css-tree@1.0.0-alpha.37 want: 2.0.4
5314 silly placeDep node_modules/css-tree source-map@0.6.1 OK for: css-tree@1.0.0-alpha.37 want: ^0.6.1
5315 silly placeDep node_modules/csso css-tree@1.1.3 OK for: csso@4.2.0 want: ^1.1.2
5316 silly fetch manifest mdn-data@2.0.14
5317 silly packumentCache full:https://registry.npmjs.org/mdn-data cache-miss
5318 http cache https://registry.npmjs.org/mdn-data 15ms (cache hit)
5319 silly packumentCache full:https://registry.npmjs.org/mdn-data set size:174141 disposed:false
5320 silly placeDep ROOT minimist@1.2.8 OK for: mkdirp@0.5.6 want: ^1.2.6
5321 silly placeDep ROOT @alloc/quick-lru@5.2.0 OK for: tailwindcss@3.4.19 want: ^5.2.0
5322 silly placeDep ROOT arg@5.0.2 OK for: tailwindcss@3.4.19 want: ^5.0.2
5323 silly placeDep ROOT didyoumean@1.2.2 OK for: tailwindcss@3.4.19 want: ^1.2.2
5324 silly placeDep ROOT dlv@1.1.3 OK for: tailwindcss@3.4.19 want: ^1.1.3
5325 silly placeDep ROOT jiti@1.21.7 OK for: tailwindcss@3.4.19 want: ^1.21.7
5326 silly placeDep node_modules/tailwindcss lilconfig@3.1.3 OK for: tailwindcss@3.4.19 want: ^3.1.3
5327 silly placeDep ROOT object-hash@3.0.0 OK for: tailwindcss@3.4.19 want: ^3.0.0
5328 silly placeDep ROOT postcss-import@15.1.0 OK for: tailwindcss@3.4.19 want: ^15.1.0
5329 silly placeDep ROOT postcss-js@4.1.0 OK for: tailwindcss@3.4.19 want: ^4.0.1
5330 silly placeDep ROOT postcss-load-config@6.0.1 OK for: tailwindcss@3.4.19 want: ^4.0.2 || ^5.0 || ^6.0
5331 silly placeDep ROOT postcss-nested@6.2.0 OK for: tailwindcss@3.4.19 want: ^6.2.0
5332 silly placeDep ROOT sucrase@3.35.1 OK for: tailwindcss@3.4.19 want: ^3.35.0
5333 silly fetch manifest read-cache@^1.0.0
5334 silly packumentCache full:https://registry.npmjs.org/read-cache cache-miss
5335 silly fetch manifest camelcase-css@^2.0.1
5336 silly packumentCache full:https://registry.npmjs.org/camelcase-css cache-miss
5337 silly fetch manifest lilconfig@^3.1.1
5338 silly packumentCache full:https://registry.npmjs.org/lilconfig cache-hit
5339 silly fetch manifest commander@^4.0.0
5340 silly packumentCache full:https://registry.npmjs.org/commander cache-hit
5341 silly fetch manifest mz@^2.7.0
5342 silly packumentCache full:https://registry.npmjs.org/mz cache-miss
5343 silly fetch manifest tinyglobby@^0.2.11
5344 silly packumentCache full:https://registry.npmjs.org/tinyglobby cache-miss
5345 silly fetch manifest ts-interface-checker@^0.1.9
5346 silly packumentCache full:https://registry.npmjs.org/ts-interface-checker cache-miss
5347 http fetch GET 200 https://registry.npmjs.org/read-cache 364ms (cache miss)
5348 silly packumentCache full:https://registry.npmjs.org/read-cache set size:undefined disposed:false
5349 http fetch GET 200 https://registry.npmjs.org/camelcase-css 613ms (cache miss)
5350 silly packumentCache full:https://registry.npmjs.org/camelcase-css set size:undefined disposed:false
5351 http fetch GET 200 https://registry.npmjs.org/tinyglobby 621ms (cache miss)
5352 silly packumentCache full:https://registry.npmjs.org/tinyglobby set size:undefined disposed:false
5353 http fetch GET 200 https://registry.npmjs.org/ts-interface-checker 726ms (cache miss)
5354 silly packumentCache full:https://registry.npmjs.org/ts-interface-checker set size:undefined disposed:false
5355 http fetch GET 200 https://registry.npmjs.org/mz 1088ms (cache miss)
5356 silly packumentCache full:https://registry.npmjs.org/mz set size:undefined disposed:false
5357 silly placeDep ROOT read-cache@1.0.0 OK for: postcss-import@15.1.0 want: ^1.0.0
5358 silly fetch manifest pify@^2.3.0
5359 silly packumentCache full:https://registry.npmjs.org/pify cache-miss
5360 http fetch GET 200 https://registry.npmjs.org/pify 633ms (cache miss)
5361 silly packumentCache full:https://registry.npmjs.org/pify set size:undefined disposed:false
5362 silly placeDep ROOT camelcase-css@2.0.1 OK for: postcss-js@4.1.0 want: ^2.0.1
5363 silly placeDep node_modules/postcss-load-config lilconfig@3.1.3 OK for: postcss-load-config@6.0.1 want: ^3.1.1
5364 silly placeDep ROOT pify@2.3.0 OK for: read-cache@1.0.0 want: ^2.3.0
5365 silly placeDep node_modules/sucrase commander@4.1.1 OK for: sucrase@3.35.1 want: ^4.0.0
5366 silly placeDep ROOT mz@2.7.0 OK for: sucrase@3.35.1 want: ^2.7.0
5367 silly placeDep ROOT tinyglobby@0.2.16 OK for: sucrase@3.35.1 want: ^0.2.11
5368 silly placeDep ROOT ts-interface-checker@0.1.13 OK for: sucrase@3.35.1 want: ^0.1.9
5369 silly fetch manifest any-promise@^1.0.0
5370 silly packumentCache full:https://registry.npmjs.org/any-promise cache-miss
5371 silly fetch manifest thenify-all@^1.0.0
5372 silly packumentCache full:https://registry.npmjs.org/thenify-all cache-miss
5373 silly fetch manifest fdir@^6.5.0
5374 silly packumentCache full:https://registry.npmjs.org/fdir cache-miss
5375 silly fetch manifest picomatch@^4.0.4
5376 silly packumentCache full:https://registry.npmjs.org/picomatch cache-hit
5377 http fetch GET 200 https://registry.npmjs.org/thenify-all 321ms (cache miss)
5378 silly packumentCache full:https://registry.npmjs.org/thenify-all set size:undefined disposed:false
5379 http fetch GET 200 https://registry.npmjs.org/any-promise 1422ms (cache miss)
5380 silly packumentCache full:https://registry.npmjs.org/any-promise set size:undefined disposed:false
5381 http fetch GET 200 https://registry.npmjs.org/fdir 1612ms (cache miss)
5382 silly packumentCache full:https://registry.npmjs.org/fdir set size:undefined disposed:false
5383 silly placeDep ROOT any-promise@1.3.0 OK for: mz@2.7.0 want: ^1.0.0
5384 silly placeDep ROOT thenify-all@1.6.0 OK for: mz@2.7.0 want: ^1.0.0
5385 silly fetch manifest thenify@>= 3.1.0 < 4
5386 silly packumentCache full:https://registry.npmjs.org/thenify cache-miss
5387 http fetch GET 200 https://registry.npmjs.org/thenify 438ms (cache miss)
5388 silly packumentCache full:https://registry.npmjs.org/thenify set size:undefined disposed:false
5389 silly placeDep ROOT supports-hyperlinks@2.3.0 OK for: terminal-link@2.1.1 want: ^2.0.0
5390 silly placeDep ROOT @jridgewell/source-map@0.3.11 OK for: terser@5.46.2 want: ^0.3.3
5391 silly placeDep node_modules/terser commander@2.20.3 OK for: terser@5.46.2 want: ^2.20.0
5392 silly placeDep ROOT thenify@3.3.1 OK for: thenify-all@1.6.0 want: >= 3.1.0 < 4
5393 silly placeDep ROOT fdir@6.5.0 OK for: tinyglobby@0.2.16 want: ^6.5.0
5394 silly placeDep node_modules/tinyglobby picomatch@4.0.4 OK for: tinyglobby@0.2.16 want: ^4.0.4
5395 silly placeDep ROOT is-number@7.0.0 OK for: to-regex-range@5.0.1 want: ^7.0.0
5396 silly placeDep ROOT psl@1.15.0 OK for: tough-cookie@4.1.4 want: ^1.1.33
5397 silly placeDep ROOT punycode@2.3.1 OK for: tough-cookie@4.1.4 want: ^2.1.1
5398 silly placeDep node_modules/tough-cookie universalify@0.2.0 OK for: tough-cookie@4.1.4 want: ^0.2.0
5399 silly placeDep ROOT url-parse@1.5.10 OK for: tough-cookie@4.1.4 want: ^1.5.3
5400 silly fetch manifest punycode@^2.3.1
5401 silly packumentCache full:https://registry.npmjs.org/punycode cache-hit
5402 silly fetch manifest querystringify@^2.1.1
5403 silly packumentCache full:https://registry.npmjs.org/querystringify cache-miss
5404 silly fetch manifest requires-port@^1.0.0
5405 silly packumentCache full:https://registry.npmjs.org/requires-port cache-miss
5406 http fetch GET 200 https://registry.npmjs.org/requires-port 342ms (cache miss)
5407 silly packumentCache full:https://registry.npmjs.org/requires-port set size:undefined disposed:false
5408 http fetch GET 200 https://registry.npmjs.org/querystringify 1360ms (cache miss)
5409 silly packumentCache full:https://registry.npmjs.org/querystringify set size:undefined disposed:false
5410 silly placeDep ROOT @types/json5@0.0.29 OK for: tsconfig-paths@3.15.0 want: ^0.0.29
5411 silly placeDep node_modules/tsconfig-paths json5@1.0.2 OK for: tsconfig-paths@3.15.0 want: ^1.0.2
5412 silly placeDep node_modules/tsconfig-paths strip-bom@3.0.0 OK for: tsconfig-paths@3.15.0 want: ^3.0.0
5413 silly placeDep node_modules/tsutils tslib@1.14.1 OK for: tsutils@3.21.0 want: ^1.8.1
5414 silly placeDep ROOT for-each@0.3.5 OK for: typed-array-byte-length@1.0.3 want: ^0.3.3
5415 silly placeDep ROOT reflect.getprototypeof@1.0.10 OK for: typed-array-byte-offset@1.0.4 want: ^1.0.9
5416 silly fetch manifest which-builtin-type@^1.2.1
5417 silly packumentCache full:https://registry.npmjs.org/which-builtin-type cache-miss
5418 http fetch GET 200 https://registry.npmjs.org/which-builtin-type 509ms (cache miss)
5419 silly packumentCache full:https://registry.npmjs.org/which-builtin-type set size:undefined disposed:false
5420 silly placeDep ROOT which-builtin-type@1.2.1 OK for: reflect.getprototypeof@1.0.10 want: ^1.2.1
5421 silly fetch manifest is-async-function@^2.0.0
5422 silly packumentCache full:https://registry.npmjs.org/is-async-function cache-miss
5423 silly fetch manifest is-finalizationregistry@^1.1.0
5424 silly packumentCache full:https://registry.npmjs.org/is-finalizationregistry cache-miss
5425 silly fetch manifest is-generator-function@^1.0.10
5426 silly packumentCache full:https://registry.npmjs.org/is-generator-function cache-miss
5427 silly fetch manifest which-boxed-primitive@^1.1.0
5428 silly packumentCache full:https://registry.npmjs.org/which-boxed-primitive cache-miss
5429 silly fetch manifest which-collection@^1.0.2
5430 silly packumentCache full:https://registry.npmjs.org/which-collection cache-miss
5431 http cache https://registry.npmjs.org/which-boxed-primitive 50ms (cache hit)
5432 silly packumentCache full:https://registry.npmjs.org/which-boxed-primitive set size:19407 disposed:false
5433 http fetch GET 200 https://registry.npmjs.org/is-async-function 456ms (cache miss)
5434 silly packumentCache full:https://registry.npmjs.org/is-async-function set size:undefined disposed:false
5435 http fetch GET 200 https://registry.npmjs.org/is-generator-function 699ms (cache miss)
5436 silly packumentCache full:https://registry.npmjs.org/is-generator-function set size:undefined disposed:false
5437 http fetch GET 200 https://registry.npmjs.org/is-finalizationregistry 938ms (cache miss)
5438 silly packumentCache full:https://registry.npmjs.org/is-finalizationregistry set size:undefined disposed:false
5439 http fetch GET 200 https://registry.npmjs.org/which-collection 1886ms (cache miss)
5440 silly packumentCache full:https://registry.npmjs.org/which-collection set size:undefined disposed:false
5441 silly placeDep ROOT has-bigints@1.1.0 OK for: unbox-primitive@1.1.0 want: ^1.0.2
5442 silly placeDep ROOT which-boxed-primitive@1.1.1 OK for: unbox-primitive@1.1.0 want: ^1.1.1
5443 silly fetch manifest is-bigint@^1.1.0
5444 silly packumentCache full:https://registry.npmjs.org/is-bigint cache-miss
5445 silly fetch manifest is-boolean-object@^1.2.1
5446 silly packumentCache full:https://registry.npmjs.org/is-boolean-object cache-miss
5447 silly fetch manifest is-number-object@^1.1.1
5448 silly packumentCache full:https://registry.npmjs.org/is-number-object cache-miss
5449 http fetch GET 200 https://registry.npmjs.org/is-bigint 394ms (cache miss)
5450 silly packumentCache full:https://registry.npmjs.org/is-bigint set size:undefined disposed:false
5451 http fetch GET 200 https://registry.npmjs.org/is-boolean-object 951ms (cache miss)
5452 silly packumentCache full:https://registry.npmjs.org/is-boolean-object set size:undefined disposed:false
5453 http fetch GET 200 https://registry.npmjs.org/is-number-object 1329ms (cache miss)
5454 silly packumentCache full:https://registry.npmjs.org/is-number-object set size:undefined disposed:false
5455 silly placeDep ROOT unicode-canonical-property-names-ecmascript@2.0.1 OK for: unicode-match-property-ecmascript@2.0.0 want: ^2.0.0
5456 silly placeDep ROOT unicode-property-aliases-ecmascript@2.2.0 OK for: unicode-match-property-ecmascript@2.0.0 want: ^2.0.0
5457 silly placeDep ROOT escalade@3.2.0 OK for: update-browserslist-db@1.2.3 want: ^3.2.0
5458 silly placeDep ROOT querystringify@2.2.0 OK for: url-parse@1.5.10 want: ^2.1.1
5459 silly placeDep ROOT requires-port@1.0.0 OK for: url-parse@1.5.10 want: ^1.0.0
5460 silly placeDep ROOT object.getownpropertydescriptors@2.1.9 OK for: util.promisify@1.0.1 want: ^2.1.0
5461 silly fetch manifest array.prototype.reduce@^1.0.8
5462 silly packumentCache full:https://registry.npmjs.org/array.prototype.reduce cache-miss
5463 http fetch GET 200 https://registry.npmjs.org/array.prototype.reduce 1001ms (cache miss)
5464 silly packumentCache full:https://registry.npmjs.org/array.prototype.reduce set size:undefined disposed:false
5465 silly placeDep ROOT array.prototype.reduce@1.0.8 OK for: object.getownpropertydescriptors@2.1.9 want: ^1.0.8
5466 silly fetch manifest es-array-method-boxes-properly@^1.0.0
5467 silly packumentCache full:https://registry.npmjs.org/es-array-method-boxes-properly cache-miss
5468 http fetch GET 200 https://registry.npmjs.org/es-array-method-boxes-properly 515ms (cache miss)
5469 silly packumentCache full:https://registry.npmjs.org/es-array-method-boxes-properly set size:undefined disposed:false
5470 silly placeDep ROOT es-array-method-boxes-properly@1.0.0 OK for: array.prototype.reduce@1.0.8 want: ^1.0.0
5471 silly placeDep node_modules/v8-to-istanbul convert-source-map@1.9.0 OK for: v8-to-istanbul@8.1.1 want: ^1.6.0
5472 silly placeDep ROOT browser-process-hrtime@1.0.0 OK for: w3c-hr-time@1.0.2 want: ^1.0.0
5473 silly placeDep ROOT makeerror@1.0.12 OK for: walker@1.0.8 want: 1.0.12
5474 silly fetch manifest tmpl@1.0.5
5475 silly packumentCache full:https://registry.npmjs.org/tmpl cache-miss
5476 http fetch GET 200 https://registry.npmjs.org/tmpl 1031ms (cache miss)
5477 silly packumentCache full:https://registry.npmjs.org/tmpl set size:undefined disposed:false
5478 silly placeDep ROOT tmpl@1.0.5 OK for: makeerror@1.0.12 want: 1.0.5
5479 silly placeDep ROOT @types/eslint-scope@3.7.7 OK for: webpack@5.106.2 want: ^3.7.7
5480 silly placeDep ROOT @webassemblyjs/ast@1.14.1 OK for: webpack@5.106.2 want: ^1.14.1
5481 silly placeDep ROOT @webassemblyjs/wasm-edit@1.14.1 OK for: webpack@5.106.2 want: ^1.14.1
5482 silly placeDep ROOT @webassemblyjs/wasm-parser@1.14.1 OK for: webpack@5.106.2 want: ^1.14.1
5483 silly placeDep ROOT acorn-import-phases@1.0.4 OK for: webpack@5.106.2 want: ^1.0.3
5484 silly placeDep ROOT chrome-trace-event@1.0.4 OK for: webpack@5.106.2 want: ^1.0.2
5485 silly placeDep ROOT enhanced-resolve@5.21.0 OK for: webpack@5.106.2 want: ^5.20.0
5486 silly placeDep ROOT es-module-lexer@2.1.0 OK for: webpack@5.106.2 want: ^2.0.0
5487 silly placeDep node_modules/webpack eslint-scope@5.1.1 OK for: webpack@5.106.2 want: 5.1.1
5488 silly placeDep ROOT events@3.3.0 OK for: webpack@5.106.2 want: ^3.2.0
5489 silly placeDep ROOT glob-to-regexp@0.4.1 OK for: webpack@5.106.2 want: ^0.4.1
5490 silly placeDep ROOT loader-runner@4.3.2 OK for: webpack@5.106.2 want: ^4.3.1
5491 silly placeDep node_modules/webpack mime-db@1.54.0 OK for: webpack@5.106.2 want: ^1.54.0
5492 silly placeDep ROOT watchpack@2.5.1 OK for: webpack@5.106.2 want: ^2.5.1
5493 silly placeDep ROOT webpack-sources@3.4.1 OK for: webpack@5.106.2 want: ^3.3.4
5494 silly fetch manifest @webassemblyjs/helper-numbers@1.13.2
5495 silly packumentCache full:https://registry.npmjs.org/@webassemblyjs%2fhelper-numbers cache-miss
5496 silly fetch manifest @webassemblyjs/helper-wasm-bytecode@1.13.2
5497 silly packumentCache full:https://registry.npmjs.org/@webassemblyjs%2fhelper-wasm-bytecode cache-miss
5498 silly fetch manifest @webassemblyjs/helper-buffer@1.14.1
5499 silly packumentCache full:https://registry.npmjs.org/@webassemblyjs%2fhelper-buffer cache-miss
5500 silly fetch manifest @webassemblyjs/helper-wasm-bytecode@1.13.2
5501 silly packumentCache full:https://registry.npmjs.org/@webassemblyjs%2fhelper-wasm-bytecode cache-miss
5502 silly fetch manifest @webassemblyjs/helper-wasm-section@1.14.1
5503 silly packumentCache full:https://registry.npmjs.org/@webassemblyjs%2fhelper-wasm-section cache-miss
5504 silly fetch manifest @webassemblyjs/wasm-gen@1.14.1
5505 silly packumentCache full:https://registry.npmjs.org/@webassemblyjs%2fwasm-gen cache-miss
5506 silly fetch manifest @webassemblyjs/wasm-opt@1.14.1
5507 silly packumentCache full:https://registry.npmjs.org/@webassemblyjs%2fwasm-opt cache-miss
5508 http fetch GET 200 https://registry.npmjs.org/@webassemblyjs%2fhelper-numbers 454ms (cache miss)
5509 silly packumentCache full:https://registry.npmjs.org/@webassemblyjs%2fhelper-numbers set size:undefined disposed:false
5510 silly fetch manifest @webassemblyjs/wasm-parser@1.14.1
5511 silly packumentCache full:https://registry.npmjs.org/@webassemblyjs%2fwasm-parser cache-hit
5512 silly fetch manifest @webassemblyjs/wast-printer@1.14.1
5513 silly packumentCache full:https://registry.npmjs.org/@webassemblyjs%2fwast-printer cache-miss
5514 http fetch GET 200 https://registry.npmjs.org/@webassemblyjs%2fwasm-opt 1739ms (cache miss)
5515 silly packumentCache full:https://registry.npmjs.org/@webassemblyjs%2fwasm-opt set size:undefined disposed:false
5516 silly fetch manifest @webassemblyjs/helper-api-error@1.13.2
5517 silly packumentCache full:https://registry.npmjs.org/@webassemblyjs%2fhelper-api-error cache-miss
5518 http fetch GET 200 https://registry.npmjs.org/@webassemblyjs%2fhelper-wasm-bytecode 2104ms (cache miss)
5519 silly packumentCache full:https://registry.npmjs.org/@webassemblyjs%2fhelper-wasm-bytecode set size:undefined disposed:false
5520 silly fetch manifest @webassemblyjs/ieee754@1.13.2
5521 silly packumentCache full:https://registry.npmjs.org/@webassemblyjs%2fieee754 cache-miss
5522 http fetch GET 200 https://registry.npmjs.org/@webassemblyjs%2fhelper-wasm-bytecode 2150ms (cache miss)
5523 silly packumentCache full:https://registry.npmjs.org/@webassemblyjs%2fhelper-wasm-bytecode set size:undefined disposed:false
5524 silly fetch manifest @webassemblyjs/leb128@1.13.2
5525 silly packumentCache full:https://registry.npmjs.org/@webassemblyjs%2fleb128 cache-miss
5526 http fetch GET 200 https://registry.npmjs.org/@webassemblyjs%2fwast-printer 1768ms (cache miss)
5527 silly packumentCache full:https://registry.npmjs.org/@webassemblyjs%2fwast-printer set size:undefined disposed:false
5528 silly fetch manifest @webassemblyjs/utf8@1.13.2
5529 silly packumentCache full:https://registry.npmjs.org/@webassemblyjs%2futf8 cache-miss
5530 http fetch GET 200 https://registry.npmjs.org/@webassemblyjs%2fhelper-buffer 2990ms (cache miss)
5531 silly packumentCache full:https://registry.npmjs.org/@webassemblyjs%2fhelper-buffer set size:undefined disposed:false
5532 http fetch GET 200 https://registry.npmjs.org/@webassemblyjs%2fieee754 1064ms (cache miss)
5533 silly packumentCache full:https://registry.npmjs.org/@webassemblyjs%2fieee754 set size:undefined disposed:false
5534 http fetch GET 200 https://registry.npmjs.org/@webassemblyjs%2futf8 1334ms (cache miss)
5535 silly packumentCache full:https://registry.npmjs.org/@webassemblyjs%2futf8 set size:undefined disposed:false
5536 http fetch GET 200 https://registry.npmjs.org/@webassemblyjs%2fhelper-api-error 1984ms (cache miss)
5537 silly packumentCache full:https://registry.npmjs.org/@webassemblyjs%2fhelper-api-error set size:undefined disposed:false
5538 http fetch GET 200 https://registry.npmjs.org/@webassemblyjs%2fleb128 2464ms (cache miss)
5539 silly packumentCache full:https://registry.npmjs.org/@webassemblyjs%2fleb128 set size:undefined disposed:false
5540 http fetch GET 200 https://registry.npmjs.org/@webassemblyjs%2fhelper-wasm-section 5510ms (cache miss)
5541 silly packumentCache full:https://registry.npmjs.org/@webassemblyjs%2fhelper-wasm-section set size:undefined disposed:false
5542 http fetch GET 200 https://registry.npmjs.org/@webassemblyjs%2fwasm-gen 6057ms (cache miss)
5543 silly packumentCache full:https://registry.npmjs.org/@webassemblyjs%2fwasm-gen set size:undefined disposed:false
5544 silly placeDep ROOT @webassemblyjs/helper-numbers@1.13.2 OK for: @webassemblyjs/ast@1.14.1 want: 1.13.2
5545 silly placeDep ROOT @webassemblyjs/helper-wasm-bytecode@1.13.2 OK for: @webassemblyjs/ast@1.14.1 want: 1.13.2
5546 silly fetch manifest @xtuc/long@4.2.2
5547 silly packumentCache full:https://registry.npmjs.org/@xtuc%2flong cache-miss
5548 silly fetch manifest @webassemblyjs/floating-point-hex-parser@1.13.2
5549 silly packumentCache full:https://registry.npmjs.org/@webassemblyjs%2ffloating-point-hex-parser cache-miss
5550 http fetch GET 200 https://registry.npmjs.org/@xtuc%2flong 1177ms (cache miss)
5551 silly packumentCache full:https://registry.npmjs.org/@xtuc%2flong set size:undefined disposed:false
5552 http fetch GET 200 https://registry.npmjs.org/@webassemblyjs%2ffloating-point-hex-parser 2634ms (cache miss)
5553 silly packumentCache full:https://registry.npmjs.org/@webassemblyjs%2ffloating-point-hex-parser set size:undefined disposed:false
5554 silly placeDep ROOT @webassemblyjs/floating-point-hex-parser@1.13.2 OK for: @webassemblyjs/helper-numbers@1.13.2 want: 1.13.2
5555 silly placeDep ROOT @webassemblyjs/helper-api-error@1.13.2 OK for: @webassemblyjs/helper-numbers@1.13.2 want: 1.13.2
5556 silly placeDep ROOT @xtuc/long@4.2.2 OK for: @webassemblyjs/helper-numbers@1.13.2 want: 4.2.2
5557 silly placeDep ROOT @webassemblyjs/helper-buffer@1.14.1 OK for: @webassemblyjs/wasm-edit@1.14.1 want: 1.14.1
5558 silly placeDep ROOT @webassemblyjs/helper-wasm-section@1.14.1 OK for: @webassemblyjs/wasm-edit@1.14.1 want: 1.14.1
5559 silly placeDep ROOT @webassemblyjs/wasm-gen@1.14.1 OK for: @webassemblyjs/wasm-edit@1.14.1 want: 1.14.1
5560 silly placeDep ROOT @webassemblyjs/wasm-opt@1.14.1 OK for: @webassemblyjs/wasm-edit@1.14.1 want: 1.14.1
5561 silly placeDep ROOT @webassemblyjs/wast-printer@1.14.1 OK for: @webassemblyjs/wasm-edit@1.14.1 want: 1.14.1
5562 silly placeDep ROOT @webassemblyjs/ieee754@1.13.2 OK for: @webassemblyjs/wasm-gen@1.14.1 want: 1.13.2
5563 silly placeDep ROOT @webassemblyjs/leb128@1.13.2 OK for: @webassemblyjs/wasm-gen@1.14.1 want: 1.13.2
5564 silly placeDep ROOT @webassemblyjs/utf8@1.13.2 OK for: @webassemblyjs/wasm-gen@1.14.1 want: 1.13.2
5565 silly fetch manifest @xtuc/ieee754@^1.2.0
5566 silly packumentCache full:https://registry.npmjs.org/@xtuc%2fieee754 cache-miss
5567 http fetch GET 200 https://registry.npmjs.org/@xtuc%2fieee754 330ms (cache miss)
5568 silly packumentCache full:https://registry.npmjs.org/@xtuc%2fieee754 set size:undefined disposed:false
5569 silly placeDep ROOT @xtuc/ieee754@1.2.0 OK for: @webassemblyjs/ieee754@1.13.2 want: ^1.2.0
5570 silly placeDep ROOT @types/bonjour@3.5.13 OK for: webpack-dev-server@4.15.2 want: ^3.5.9
5571 silly placeDep ROOT @types/connect-history-api-fallback@1.5.4 OK for: webpack-dev-server@4.15.2 want: ^1.3.5
5572 silly placeDep ROOT @types/express@4.17.25 OK for: webpack-dev-server@4.15.2 want: ^4.17.13
5573 silly placeDep ROOT @types/serve-index@1.9.4 OK for: webpack-dev-server@4.15.2 want: ^1.9.1
5574 silly placeDep ROOT @types/serve-static@1.15.10 OK for: webpack-dev-server@4.15.2 want: ^1.13.10
5575 silly placeDep ROOT @types/sockjs@0.3.36 OK for: webpack-dev-server@4.15.2 want: ^0.3.33
5576 silly placeDep ROOT @types/ws@8.18.1 OK for: webpack-dev-server@4.15.2 want: ^8.5.5
5577 silly placeDep ROOT ansi-html-community@0.0.8 OK for: webpack-dev-server@4.15.2 want: ^0.0.8
5578 silly placeDep ROOT bonjour-service@1.3.0 OK for: webpack-dev-server@4.15.2 want: ^1.0.11
5579 silly placeDep ROOT colorette@2.0.20 OK for: webpack-dev-server@4.15.2 want: ^2.0.10
5580 silly placeDep ROOT compression@1.8.1 OK for: webpack-dev-server@4.15.2 want: ^1.7.4
5581 silly placeDep ROOT connect-history-api-fallback@2.0.0 OK for: webpack-dev-server@4.15.2 want: ^2.0.0
5582 silly placeDep ROOT default-gateway@6.0.3 OK for: webpack-dev-server@4.15.2 want: ^6.0.3
5583 silly placeDep ROOT express@4.22.1 OK for: webpack-dev-server@4.15.2 want: ^4.17.3
5584 silly placeDep ROOT http-proxy-middleware@2.0.9 OK for: webpack-dev-server@4.15.2 want: ^2.0.3
5585 silly placeDep ROOT ipaddr.js@2.4.0 OK for: webpack-dev-server@4.15.2 want: ^2.0.1
5586 silly placeDep ROOT launch-editor@2.13.2 OK for: webpack-dev-server@4.15.2 want: ^2.6.0
5587 silly placeDep ROOT p-retry@4.6.2 OK for: webpack-dev-server@4.15.2 want: ^4.5.0
5588 silly placeDep ROOT selfsigned@2.4.1 OK for: webpack-dev-server@4.15.2 want: ^2.1.1
5589 silly placeDep ROOT serve-index@1.9.2 OK for: webpack-dev-server@4.15.2 want: ^1.9.1
5590 silly placeDep ROOT sockjs@0.3.24 OK for: webpack-dev-server@4.15.2 want: ^0.3.24
5591 silly placeDep ROOT spdy@4.0.2 OK for: webpack-dev-server@4.15.2 want: ^4.0.2
5592 silly placeDep ROOT webpack-dev-middleware@5.3.4 OK for: webpack-dev-server@4.15.2 want: ^5.3.4
5593 silly placeDep node_modules/webpack-dev-server ws@8.20.0 OK for: webpack-dev-server@4.15.2 want: ^8.13.0
5594 silly fetch manifest @types/express-serve-static-core@*
5595 silly packumentCache full:https://registry.npmjs.org/@types%2fexpress-serve-static-core cache-miss
5596 silly fetch manifest @types/qs@*
5597 silly packumentCache full:https://registry.npmjs.org/@types%2fqs cache-miss
5598 silly fetch manifest @types/body-parser@*
5599 silly packumentCache full:https://registry.npmjs.org/@types%2fbody-parser cache-miss
5600 silly fetch manifest @types/serve-static@^1
5601 silly packumentCache full:https://registry.npmjs.org/@types%2fserve-static cache-hit
5602 silly fetch manifest @types/express-serve-static-core@^4.17.33
5603 silly packumentCache full:https://registry.npmjs.org/@types%2fexpress-serve-static-core cache-miss
5604 silly fetch manifest @types/send@<1
5605 silly packumentCache full:https://registry.npmjs.org/@types%2fsend cache-miss
5606 silly fetch manifest @types/http-errors@*
5607 silly packumentCache full:https://registry.npmjs.org/@types%2fhttp-errors cache-miss
5608 silly fetch manifest multicast-dns@^7.2.5
5609 silly packumentCache full:https://registry.npmjs.org/multicast-dns cache-miss
5610 http fetch GET 200 https://registry.npmjs.org/@types%2fhttp-errors 412ms (cache miss)
5611 silly packumentCache full:https://registry.npmjs.org/@types%2fhttp-errors set size:undefined disposed:false
5612 silly fetch manifest vary@~1.1.2
5613 silly packumentCache full:https://registry.npmjs.org/vary cache-miss
5614 http fetch GET 200 https://registry.npmjs.org/multicast-dns 762ms (cache miss)
5615 silly packumentCache full:https://registry.npmjs.org/multicast-dns set size:undefined disposed:false
5616 silly fetch manifest bytes@3.1.2
5617 silly packumentCache full:https://registry.npmjs.org/bytes cache-miss
5618 http fetch GET 200 https://registry.npmjs.org/@types%2fsend 838ms (cache miss)
5619 silly packumentCache full:https://registry.npmjs.org/@types%2fsend set size:undefined disposed:false
5620 silly fetch manifest debug@2.6.9
5621 silly packumentCache full:https://registry.npmjs.org/debug cache-hit
5622 silly fetch manifest negotiator@~0.6.4
5623 silly packumentCache full:https://registry.npmjs.org/negotiator cache-miss
5624 http fetch GET 200 https://registry.npmjs.org/@types%2fqs 866ms (cache miss)
5625 silly packumentCache full:https://registry.npmjs.org/@types%2fqs set size:undefined disposed:false
5626 silly fetch manifest on-headers@~1.1.0
5627 silly packumentCache full:https://registry.npmjs.org/on-headers cache-miss
5628 http fetch GET 200 https://registry.npmjs.org/bytes 246ms (cache revalidated)
5629 silly packumentCache full:https://registry.npmjs.org/bytes set size:37018 disposed:false
5630 silly fetch manifest compressible@~2.0.18
5631 silly packumentCache full:https://registry.npmjs.org/compressible cache-miss
5632 http fetch GET 200 https://registry.npmjs.org/negotiator 240ms (cache revalidated)
5633 silly packumentCache full:https://registry.npmjs.org/negotiator set size:48046 disposed:false
5634 silly fetch manifest qs@~6.14.0
5635 silly packumentCache full:https://registry.npmjs.org/qs cache-miss
5636 http fetch GET 200 https://registry.npmjs.org/on-headers 250ms (cache revalidated)
5637 silly packumentCache full:https://registry.npmjs.org/on-headers set size:13226 disposed:false
5638 silly fetch manifest depd@2.0.0
5639 silly packumentCache full:https://registry.npmjs.org/depd cache-miss
5640 http fetch GET 200 https://registry.npmjs.org/vary 732ms (cache revalidated)
5641 silly packumentCache full:https://registry.npmjs.org/vary set size:15994 disposed:false
5642 silly fetch manifest etag@~1.8.1
5643 silly packumentCache full:https://registry.npmjs.org/etag cache-miss
5644 http fetch GET 200 https://registry.npmjs.org/compressible 244ms (cache revalidated)
5645 silly packumentCache full:https://registry.npmjs.org/compressible set size:61733 disposed:false
5646 silly fetch manifest send@~0.19.0
5647 silly packumentCache full:https://registry.npmjs.org/send cache-miss
5648 http fetch GET 200 https://registry.npmjs.org/qs 249ms (cache revalidated)
5649 silly packumentCache full:https://registry.npmjs.org/qs set size:353582 disposed:false
5650 silly fetch manifest fresh@~0.5.2
5651 silly packumentCache full:https://registry.npmjs.org/fresh cache-miss
5652 http fetch GET 200 https://registry.npmjs.org/depd 253ms (cache revalidated)
5653 silly packumentCache full:https://registry.npmjs.org/depd set size:40182 disposed:false
5654 silly fetch manifest cookie@~0.7.1
5655 silly packumentCache full:https://registry.npmjs.org/cookie cache-miss
5656 http fetch GET 200 https://registry.npmjs.org/etag 252ms (cache revalidated)
5657 silly packumentCache full:https://registry.npmjs.org/etag set size:30032 disposed:false
5658 silly fetch manifest accepts@~1.3.8
5659 silly packumentCache full:https://registry.npmjs.org/accepts cache-miss
5660 http fetch GET 200 https://registry.npmjs.org/send 231ms (cache revalidated)
5661 silly packumentCache full:https://registry.npmjs.org/send set size:152810 disposed:false
5662 silly fetch manifest methods@~1.1.2
5663 silly packumentCache full:https://registry.npmjs.org/methods cache-miss
5664 http fetch GET 200 https://registry.npmjs.org/fresh 240ms (cache revalidated)
5665 silly packumentCache full:https://registry.npmjs.org/fresh set size:25427 disposed:false
5666 silly fetch manifest type-is@~1.6.18
5667 silly packumentCache full:https://registry.npmjs.org/type-is cache-miss
5668 http fetch GET 200 https://registry.npmjs.org/cookie 238ms (cache revalidated)
5669 silly packumentCache full:https://registry.npmjs.org/cookie set size:72891 disposed:false
5670 silly fetch manifest parseurl@~1.3.3
5671 silly packumentCache full:https://registry.npmjs.org/parseurl cache-miss
5672 http fetch GET 200 https://registry.npmjs.org/@types%2fbody-parser 1740ms (cache miss)
5673 silly packumentCache full:https://registry.npmjs.org/@types%2fbody-parser set size:undefined disposed:false
5674 silly fetch manifest statuses@~2.0.1
5675 silly packumentCache full:https://registry.npmjs.org/statuses cache-miss
5676 http fetch GET 200 https://registry.npmjs.org/type-is 265ms (cache revalidated)
5677 silly packumentCache full:https://registry.npmjs.org/type-is set size:86196 disposed:false
5678 silly fetch manifest encodeurl@~2.0.0
5679 silly packumentCache full:https://registry.npmjs.org/encodeurl cache-miss
5680 http fetch GET 200 https://registry.npmjs.org/parseurl 260ms (cache revalidated)
5681 silly packumentCache full:https://registry.npmjs.org/parseurl set size:24148 disposed:false
5682 silly fetch manifest proxy-addr@~2.0.7
5683 silly packumentCache full:https://registry.npmjs.org/proxy-addr cache-miss
5684 http fetch GET 200 https://registry.npmjs.org/methods 348ms (cache miss)
5685 silly packumentCache full:https://registry.npmjs.org/methods set size:undefined disposed:false
5686 silly fetch manifest body-parser@~1.20.3
5687 silly packumentCache full:https://registry.npmjs.org/body-parser cache-miss
5688 http fetch GET 200 https://registry.npmjs.org/statuses 232ms (cache revalidated)
5689 silly packumentCache full:https://registry.npmjs.org/statuses set size:37117 disposed:false
5690 silly fetch manifest escape-html@~1.0.3
5691 silly packumentCache full:https://registry.npmjs.org/escape-html cache-miss
5692 http fetch GET 200 https://registry.npmjs.org/@types%2fexpress-serve-static-core 2055ms (cache miss)
5693 silly packumentCache full:https://registry.npmjs.org/@types%2fexpress-serve-static-core set size:undefined disposed:false
5694 silly fetch manifest http-errors@~2.0.0
5695 silly packumentCache full:https://registry.npmjs.org/http-errors cache-miss
5696 http fetch GET 200 https://registry.npmjs.org/encodeurl 293ms (cache revalidated)
5697 silly packumentCache full:https://registry.npmjs.org/encodeurl set size:12296 disposed:false
5698 silly fetch manifest on-finished@~2.4.1
5699 silly packumentCache full:https://registry.npmjs.org/on-finished cache-miss
5700 http fetch GET 200 https://registry.npmjs.org/proxy-addr 293ms (cache revalidated)
5701 silly packumentCache full:https://registry.npmjs.org/proxy-addr set size:61619 disposed:false
5702 silly fetch manifest utils-merge@1.0.1
5703 silly packumentCache full:https://registry.npmjs.org/utils-merge cache-miss
5704 http fetch GET 200 https://registry.npmjs.org/body-parser 296ms (cache revalidated)
5705 silly packumentCache full:https://registry.npmjs.org/body-parser set size:199299 disposed:false
5706 silly fetch manifest content-type@~1.0.4
5707 silly packumentCache full:https://registry.npmjs.org/content-type cache-miss
5708 http fetch GET 200 https://registry.npmjs.org/escape-html 254ms (cache revalidated)
5709 silly packumentCache full:https://registry.npmjs.org/escape-html set size:7345 disposed:false
5710 silly fetch manifest finalhandler@~1.3.1
5711 silly packumentCache full:https://registry.npmjs.org/finalhandler cache-miss
5712 http fetch GET 200 https://registry.npmjs.org/accepts 873ms (cache revalidated)
5713 silly packumentCache full:https://registry.npmjs.org/accepts set size:77054 disposed:false
5714 silly fetch manifest range-parser@~1.2.1
5715 silly packumentCache full:https://registry.npmjs.org/range-parser cache-miss
5716 http fetch GET 200 https://registry.npmjs.org/http-errors 257ms (cache revalidated)
5717 silly packumentCache full:https://registry.npmjs.org/http-errors set size:71987 disposed:false
5718 silly fetch manifest serve-static@~1.16.2
5719 silly packumentCache full:https://registry.npmjs.org/serve-static cache-miss
5720 http fetch GET 200 https://registry.npmjs.org/content-type 282ms (cache revalidated)
5721 silly packumentCache full:https://registry.npmjs.org/content-type set size:17311 disposed:false
5722 silly fetch manifest array-flatten@1.1.1
5723 silly packumentCache full:https://registry.npmjs.org/array-flatten cache-miss
5724 http fetch GET 200 https://registry.npmjs.org/finalhandler 274ms (cache revalidated)
5725 silly packumentCache full:https://registry.npmjs.org/finalhandler set size:79291 disposed:false
5726 silly fetch manifest path-to-regexp@~0.1.12
5727 silly packumentCache full:https://registry.npmjs.org/path-to-regexp cache-miss
5728 http fetch GET 200 https://registry.npmjs.org/@types%2fexpress-serve-static-core 2578ms (cache miss)
5729 silly packumentCache full:https://registry.npmjs.org/@types%2fexpress-serve-static-core set size:undefined disposed:false
5730 silly fetch manifest setprototypeof@1.2.0
5731 silly packumentCache full:https://registry.npmjs.org/setprototypeof cache-miss
5732 http fetch GET 200 https://registry.npmjs.org/serve-static 297ms (cache revalidated)
5733 silly packumentCache full:https://registry.npmjs.org/serve-static set size:150391 disposed:false
5734 silly fetch manifest cookie-signature@~1.0.6
5735 silly packumentCache full:https://registry.npmjs.org/cookie-signature cache-miss
5736 http fetch GET 200 https://registry.npmjs.org/range-parser 333ms (cache revalidated)
5737 silly packumentCache full:https://registry.npmjs.org/range-parser set size:22228 disposed:false
5738 silly fetch manifest merge-descriptors@1.0.3
5739 silly packumentCache full:https://registry.npmjs.org/merge-descriptors cache-miss
5740 http fetch GET 200 https://registry.npmjs.org/utils-merge 534ms (cache miss)
5741 silly packumentCache full:https://registry.npmjs.org/utils-merge set size:undefined disposed:false
5742 silly fetch manifest content-disposition@~0.5.4
5743 silly packumentCache full:https://registry.npmjs.org/content-disposition cache-miss
5744 http fetch GET 200 https://registry.npmjs.org/path-to-regexp 260ms (cache revalidated)
5745 silly packumentCache full:https://registry.npmjs.org/path-to-regexp set size:216334 disposed:false
5746 silly fetch manifest http-proxy@^1.18.1
5747 silly packumentCache full:https://registry.npmjs.org/http-proxy cache-miss
5748 http fetch GET 200 https://registry.npmjs.org/cookie-signature 261ms (cache revalidated)
5749 silly packumentCache full:https://registry.npmjs.org/cookie-signature set size:21777 disposed:false
5750 silly fetch manifest is-plain-obj@^3.0.0
5751 silly packumentCache full:https://registry.npmjs.org/is-plain-obj cache-miss
5752 http fetch GET 200 https://registry.npmjs.org/on-finished 737ms (cache revalidated)
5753 silly packumentCache full:https://registry.npmjs.org/on-finished set size:23212 disposed:false
5754 silly fetch manifest @types/http-proxy@^1.17.8
5755 silly packumentCache full:https://registry.npmjs.org/@types%2fhttp-proxy cache-miss
5756 http fetch GET 200 https://registry.npmjs.org/merge-descriptors 322ms (cache revalidated)
5757 silly packumentCache full:https://registry.npmjs.org/merge-descriptors set size:16527 disposed:false
5758 silly fetch manifest retry@^0.13.1
5759 silly packumentCache full:https://registry.npmjs.org/retry cache-miss
5760 http fetch GET 200 https://registry.npmjs.org/content-disposition 250ms (cache revalidated)
5761 silly packumentCache full:https://registry.npmjs.org/content-disposition set size:36665 disposed:false
5762 silly fetch manifest @types/retry@0.12.0
5763 silly packumentCache full:https://registry.npmjs.org/@types%2fretry cache-miss
5764 http fetch GET 200 https://registry.npmjs.org/array-flatten 497ms (cache miss)
5765 silly packumentCache full:https://registry.npmjs.org/array-flatten set size:undefined disposed:false
5766 silly fetch manifest node-forge@^1
5767 silly packumentCache full:https://registry.npmjs.org/node-forge cache-miss
5768 http fetch GET 200 https://registry.npmjs.org/@types%2fretry 290ms (cache revalidated)
5769 silly packumentCache full:https://registry.npmjs.org/@types%2fretry set size:17008 disposed:false
5770 silly fetch manifest @types/node-forge@^1.3.0
5771 silly packumentCache full:https://registry.npmjs.org/@types%2fnode-forge cache-miss
5772 http fetch GET 200 https://registry.npmjs.org/setprototypeof 778ms (cache revalidated)
5773 silly packumentCache full:https://registry.npmjs.org/setprototypeof set size:14532 disposed:false
5774 silly fetch manifest batch@0.6.1
5775 silly packumentCache full:https://registry.npmjs.org/batch cache-miss
5776 http fetch GET 200 https://registry.npmjs.org/retry 762ms (cache revalidated)
5777 silly packumentCache full:https://registry.npmjs.org/retry set size:31161 disposed:false
5778 silly fetch manifest http-errors@~1.8.0
5779 silly packumentCache full:https://registry.npmjs.org/http-errors cache-hit
5780 silly fetch manifest faye-websocket@^0.11.3
5781 silly packumentCache full:https://registry.npmjs.org/faye-websocket cache-miss
5782 http fetch GET 200 https://registry.npmjs.org/is-plain-obj 1089ms (cache miss)
5783 silly packumentCache full:https://registry.npmjs.org/is-plain-obj set size:undefined disposed:false
5784 silly fetch manifest uuid@^8.3.2
5785 silly packumentCache full:https://registry.npmjs.org/uuid cache-miss
5786 http fetch GET 200 https://registry.npmjs.org/@types%2fhttp-proxy 1203ms (cache miss)
5787 silly packumentCache full:https://registry.npmjs.org/@types%2fhttp-proxy set size:undefined disposed:false
5788 silly fetch manifest websocket-driver@^0.7.4
5789 silly packumentCache full:https://registry.npmjs.org/websocket-driver cache-miss
5790 http fetch GET 200 https://registry.npmjs.org/http-proxy 1687ms (cache miss)
5791 silly packumentCache full:https://registry.npmjs.org/http-proxy set size:undefined disposed:false
5792 silly fetch manifest handle-thing@^2.0.0
5793 silly packumentCache full:https://registry.npmjs.org/handle-thing cache-miss
5794 http fetch GET 200 https://registry.npmjs.org/faye-websocket 949ms (cache miss)
5795 silly packumentCache full:https://registry.npmjs.org/faye-websocket set size:undefined disposed:false
5796 silly fetch manifest http-deceiver@^1.2.7
5797 silly packumentCache full:https://registry.npmjs.org/http-deceiver cache-miss
5798 http fetch GET 200 https://registry.npmjs.org/node-forge 1734ms (cache miss)
5799 silly packumentCache full:https://registry.npmjs.org/node-forge set size:undefined disposed:false
5800 silly fetch manifest select-hose@^2.0.0
5801 silly packumentCache full:https://registry.npmjs.org/select-hose cache-miss
5802 http fetch GET 200 https://registry.npmjs.org/batch 1494ms (cache miss)
5803 silly packumentCache full:https://registry.npmjs.org/batch set size:undefined disposed:false
5804 silly fetch manifest spdy-transport@^3.0.0
5805 silly packumentCache full:https://registry.npmjs.org/spdy-transport cache-miss
5806 http fetch GET 200 https://registry.npmjs.org/http-deceiver 280ms (cache miss)
5807 silly packumentCache full:https://registry.npmjs.org/http-deceiver set size:undefined disposed:false
5808 silly fetch manifest range-parser@^1.2.1
5809 silly packumentCache full:https://registry.npmjs.org/range-parser cache-hit
5810 http fetch GET 200 https://registry.npmjs.org/select-hose 286ms (cache miss)
5811 silly packumentCache full:https://registry.npmjs.org/select-hose set size:undefined disposed:false
5812 http fetch GET 200 https://registry.npmjs.org/handle-thing 623ms (cache miss)
5813 silly packumentCache full:https://registry.npmjs.org/handle-thing set size:undefined disposed:false
5814 http fetch GET 200 https://registry.npmjs.org/uuid 1371ms (cache miss)
5815 silly packumentCache full:https://registry.npmjs.org/uuid set size:undefined disposed:false
5816 http fetch GET 200 https://registry.npmjs.org/@types%2fnode-forge 2444ms (cache miss)
5817 silly packumentCache full:https://registry.npmjs.org/@types%2fnode-forge set size:undefined disposed:false
5818 http fetch GET 200 https://registry.npmjs.org/spdy-transport 1112ms (cache miss)
5819 silly packumentCache full:https://registry.npmjs.org/spdy-transport set size:undefined disposed:false
5820 http fetch GET 200 https://registry.npmjs.org/websocket-driver 15144ms (cache miss)
5821 silly packumentCache full:https://registry.npmjs.org/websocket-driver set size:undefined disposed:false
5822 silly placeDep ROOT @types/express-serve-static-core@5.1.1 OK for: @types/connect-history-api-fallback@1.5.4 want: *
5823 silly fetch manifest @types/send@*
5824 silly packumentCache full:https://registry.npmjs.org/@types%2fsend cache-miss
5825 silly fetch manifest @types/range-parser@*
5826 silly packumentCache full:https://registry.npmjs.org/@types%2frange-parser cache-miss
5827 http cache https://registry.npmjs.org/@types%2fsend 28ms (cache hit)
5828 silly packumentCache full:https://registry.npmjs.org/@types%2fsend set size:29985 disposed:false
5829 http fetch GET 200 https://registry.npmjs.org/@types%2frange-parser 366ms (cache miss)
5830 silly packumentCache full:https://registry.npmjs.org/@types%2frange-parser set size:undefined disposed:false
5831 silly placeDep ROOT @types/body-parser@1.19.6 OK for: @types/express@4.17.25 want: *
5832 silly placeDep node_modules/@types/express @types/express-serve-static-core@4.19.8 OK for: @types/express@4.17.25 want: ^4.17.33
5833 silly placeDep ROOT @types/qs@6.15.0 OK for: @types/express@4.17.25 want: *
5834 silly fetch manifest @types/connect@*
5835 silly packumentCache full:https://registry.npmjs.org/@types%2fconnect cache-miss
5836 http fetch GET 200 https://registry.npmjs.org/@types%2fconnect 686ms (cache miss)
5837 silly packumentCache full:https://registry.npmjs.org/@types%2fconnect set size:undefined disposed:false
5838 silly placeDep ROOT @types/connect@3.4.38 OK for: @types/body-parser@1.19.6 want: *
5839 silly placeDep ROOT @types/range-parser@1.2.7 OK for: @types/express-serve-static-core@5.1.1 want: *
5840 silly placeDep ROOT @types/send@1.2.1 OK for: @types/express-serve-static-core@5.1.1 want: *
5841 silly placeDep ROOT @types/http-errors@2.0.5 OK for: @types/serve-static@1.15.10 want: *
5842 silly placeDep node_modules/@types/serve-static @types/send@0.17.6 OK for: @types/serve-static@1.15.10 want: <1
5843 silly fetch manifest @types/mime@^1
5844 silly packumentCache full:https://registry.npmjs.org/@types%2fmime cache-miss
5845 http fetch GET 200 https://registry.npmjs.org/@types%2fmime 719ms (cache miss)
5846 silly packumentCache full:https://registry.npmjs.org/@types%2fmime set size:undefined disposed:false
5847 silly placeDep ROOT multicast-dns@7.2.5 OK for: bonjour-service@1.3.0 want: ^7.2.5
5848 silly fetch manifest thunky@^1.0.2
5849 silly packumentCache full:https://registry.npmjs.org/thunky cache-miss
5850 silly fetch manifest dns-packet@^5.2.2
5851 silly packumentCache full:https://registry.npmjs.org/dns-packet cache-miss
5852 http fetch GET 200 https://registry.npmjs.org/thunky 560ms (cache miss)
5853 silly packumentCache full:https://registry.npmjs.org/thunky set size:undefined disposed:false
5854 http fetch GET 200 https://registry.npmjs.org/dns-packet 1312ms (cache miss)
5855 silly packumentCache full:https://registry.npmjs.org/dns-packet set size:undefined disposed:false
5856 silly placeDep ROOT bytes@3.1.2 OK for: compression@1.8.1 want: 3.1.2
5857 silly placeDep ROOT compressible@2.0.18 OK for: compression@1.8.1 want: ~2.0.18
5858 silly placeDep node_modules/compression debug@2.6.9 OK for: compression@1.8.1 want: 2.6.9
5859 silly placeDep ROOT negotiator@0.6.4 OK for: compression@1.8.1 want: ~0.6.4
5860 silly placeDep ROOT on-headers@1.1.0 OK for: compression@1.8.1 want: ~1.1.0
5861 silly placeDep ROOT vary@1.1.2 OK for: compression@1.8.1 want: ~1.1.2
5862 silly placeDep ROOT accepts@1.3.8 OK for: express@4.22.1 want: ~1.3.8
5863 silly placeDep ROOT array-flatten@1.1.1 OK for: express@4.22.1 want: 1.1.1
5864 silly placeDep ROOT body-parser@1.20.5 OK for: express@4.22.1 want: ~1.20.3
5865 silly placeDep ROOT content-disposition@0.5.4 OK for: express@4.22.1 want: ~0.5.4
5866 silly placeDep ROOT content-type@1.0.5 OK for: express@4.22.1 want: ~1.0.4
5867 silly placeDep ROOT cookie@0.7.2 OK for: express@4.22.1 want: ~0.7.1
5868 silly placeDep ROOT cookie-signature@1.0.7 OK for: express@4.22.1 want: ~1.0.6
5869 silly placeDep node_modules/express debug@2.6.9 OK for: express@4.22.1 want: 2.6.9
5870 silly placeDep ROOT depd@2.0.0 OK for: express@4.22.1 want: 2.0.0
5871 silly placeDep ROOT encodeurl@2.0.0 OK for: express@4.22.1 want: ~2.0.0
5872 silly placeDep ROOT escape-html@1.0.3 OK for: express@4.22.1 want: ~1.0.3
5873 silly placeDep ROOT etag@1.8.1 OK for: express@4.22.1 want: ~1.8.1
5874 silly placeDep ROOT finalhandler@1.3.2 OK for: express@4.22.1 want: ~1.3.1
5875 silly placeDep ROOT fresh@0.5.2 OK for: express@4.22.1 want: ~0.5.2
5876 silly placeDep ROOT http-errors@2.0.1 OK for: express@4.22.1 want: ~2.0.0
5877 silly placeDep ROOT merge-descriptors@1.0.3 OK for: express@4.22.1 want: 1.0.3
5878 silly placeDep ROOT methods@1.1.2 OK for: express@4.22.1 want: ~1.1.2
5879 silly placeDep ROOT on-finished@2.4.1 OK for: express@4.22.1 want: ~2.4.1
5880 silly placeDep ROOT parseurl@1.3.3 OK for: express@4.22.1 want: ~1.3.3
5881 silly placeDep ROOT path-to-regexp@0.1.13 OK for: express@4.22.1 want: ~0.1.12
5882 silly placeDep ROOT proxy-addr@2.0.7 OK for: express@4.22.1 want: ~2.0.7
5883 silly placeDep ROOT qs@6.14.2 OK for: express@4.22.1 want: ~6.14.0
5884 silly placeDep ROOT range-parser@1.2.1 OK for: express@4.22.1 want: ~1.2.1
5885 silly placeDep ROOT send@0.19.2 OK for: express@4.22.1 want: ~0.19.0
5886 silly placeDep ROOT serve-static@1.16.3 OK for: express@4.22.1 want: ~1.16.2
5887 silly placeDep ROOT setprototypeof@1.2.0 OK for: express@4.22.1 want: 1.2.0
5888 silly placeDep ROOT statuses@2.0.2 OK for: express@4.22.1 want: ~2.0.1
5889 silly placeDep ROOT type-is@1.6.18 OK for: express@4.22.1 want: ~1.6.18
5890 silly placeDep ROOT utils-merge@1.0.1 OK for: express@4.22.1 want: 1.0.1
5891 silly fetch manifest negotiator@0.6.3
5892 silly packumentCache full:https://registry.npmjs.org/negotiator cache-hit
5893 silly fetch manifest content-type@~1.0.5
5894 silly packumentCache full:https://registry.npmjs.org/content-type cache-hit
5895 silly fetch manifest destroy@~1.2.0
5896 silly packumentCache full:https://registry.npmjs.org/destroy cache-miss
5897 silly fetch manifest http-errors@~2.0.1
5898 silly packumentCache full:https://registry.npmjs.org/http-errors cache-hit
5899 silly fetch manifest iconv-lite@~0.4.24
5900 silly packumentCache full:https://registry.npmjs.org/iconv-lite cache-hit
5901 silly fetch manifest qs@~6.15.1
5902 silly packumentCache full:https://registry.npmjs.org/qs cache-hit
5903 silly fetch manifest raw-body@~2.5.3
5904 silly packumentCache full:https://registry.npmjs.org/raw-body cache-miss
5905 silly fetch manifest unpipe@~1.0.0
5906 silly packumentCache full:https://registry.npmjs.org/unpipe cache-miss
5907 silly fetch manifest unpipe@~1.0.0
5908 silly packumentCache full:https://registry.npmjs.org/unpipe cache-miss
5909 silly fetch manifest statuses@~2.0.2
5910 silly packumentCache full:https://registry.npmjs.org/statuses cache-hit
5911 silly fetch manifest setprototypeof@~1.2.0
5912 silly packumentCache full:https://registry.npmjs.org/setprototypeof cache-hit
5913 silly fetch manifest statuses@~2.0.2
5914 silly packumentCache full:https://registry.npmjs.org/statuses cache-hit
5915 silly fetch manifest toidentifier@~1.0.1
5916 silly packumentCache full:https://registry.npmjs.org/toidentifier cache-miss
5917 silly fetch manifest ee-first@1.1.1
5918 silly packumentCache full:https://registry.npmjs.org/ee-first cache-miss
5919 silly fetch manifest forwarded@0.2.0
5920 silly packumentCache full:https://registry.npmjs.org/forwarded cache-miss
5921 http fetch GET 200 https://registry.npmjs.org/toidentifier 297ms (cache revalidated)
5922 silly packumentCache full:https://registry.npmjs.org/toidentifier set size:12006 disposed:false
5923 silly fetch manifest ipaddr.js@1.9.1
5924 silly packumentCache full:https://registry.npmjs.org/ipaddr.js cache-hit
5925 silly fetch manifest mime@1.6.0
5926 silly packumentCache full:https://registry.npmjs.org/mime cache-miss
5927 http fetch GET 200 https://registry.npmjs.org/raw-body 322ms (cache revalidated)
5928 silly packumentCache full:https://registry.npmjs.org/raw-body set size:117822 disposed:false
5929 silly fetch manifest destroy@1.2.0
5930 silly packumentCache full:https://registry.npmjs.org/destroy cache-miss
5931 http fetch GET 200 https://registry.npmjs.org/unpipe 338ms (cache revalidated)
5932 silly packumentCache full:https://registry.npmjs.org/unpipe set size:3609 disposed:false
5933 silly fetch manifest media-typer@0.3.0
5934 silly packumentCache full:https://registry.npmjs.org/media-typer cache-miss
5935 http fetch GET 200 https://registry.npmjs.org/forwarded 331ms (cache revalidated)
5936 silly packumentCache full:https://registry.npmjs.org/forwarded set size:11229 disposed:false
5937 http fetch GET 200 https://registry.npmjs.org/destroy 431ms (cache miss)
5938 silly packumentCache full:https://registry.npmjs.org/destroy set size:undefined disposed:false
5939 http fetch GET 200 https://registry.npmjs.org/media-typer 274ms (cache revalidated)
5940 silly packumentCache full:https://registry.npmjs.org/media-typer set size:20873 disposed:false
5941 http fetch GET 200 https://registry.npmjs.org/destroy 382ms (cache miss)
5942 silly packumentCache full:https://registry.npmjs.org/destroy set size:undefined disposed:false
5943 http fetch GET 200 https://registry.npmjs.org/ee-first 714ms (cache revalidated)
5944 silly packumentCache full:https://registry.npmjs.org/ee-first set size:15327 disposed:false
5945 http fetch GET 200 https://registry.npmjs.org/unpipe 740ms (cache revalidated)
5946 silly packumentCache full:https://registry.npmjs.org/unpipe set size:3609 disposed:false
5947 silly packumentCache full:https://registry.npmjs.org/unpipe dispose
5948 http fetch GET 200 https://registry.npmjs.org/mime 2527ms (cache miss)
5949 silly packumentCache full:https://registry.npmjs.org/mime set size:undefined disposed:false
5950 silly placeDep node_modules/accepts negotiator@0.6.3 OK for: accepts@1.3.8 want: 0.6.3
5951 silly placeDep node_modules/body-parser debug@2.6.9 OK for: body-parser@1.20.5 want: 2.6.9
5952 silly placeDep ROOT destroy@1.2.0 OK for: body-parser@1.20.5 want: ~1.2.0
5953 silly placeDep node_modules/body-parser iconv-lite@0.4.24 OK for: body-parser@1.20.5 want: ~0.4.24
5954 silly placeDep node_modules/body-parser qs@6.15.1 OK for: body-parser@1.20.5 want: ~6.15.1
5955 silly placeDep ROOT raw-body@2.5.3 OK for: body-parser@1.20.5 want: ~2.5.3
5956 silly placeDep ROOT unpipe@1.0.0 OK for: body-parser@1.20.5 want: ~1.0.0
5957 silly placeDep node_modules/finalhandler debug@2.6.9 OK for: finalhandler@1.3.2 want: 2.6.9
5958 silly placeDep ROOT toidentifier@1.0.1 OK for: http-errors@2.0.1 want: ~1.0.1
5959 silly placeDep ROOT @types/http-proxy@1.17.17 OK for: http-proxy-middleware@2.0.9 want: ^1.17.8
5960 silly placeDep ROOT http-proxy@1.18.1 OK for: http-proxy-middleware@2.0.9 want: ^1.18.1
5961 silly placeDep ROOT is-plain-obj@3.0.0 OK for: http-proxy-middleware@2.0.9 want: ^3.0.0
5962 silly fetch manifest eventemitter3@^4.0.0
5963 silly packumentCache full:https://registry.npmjs.org/eventemitter3 cache-miss
5964 silly fetch manifest follow-redirects@^1.0.0
5965 silly packumentCache full:https://registry.npmjs.org/follow-redirects cache-miss
5966 http fetch GET 200 https://registry.npmjs.org/follow-redirects 389ms (cache revalidated)
5967 silly packumentCache full:https://registry.npmjs.org/follow-redirects set size:188945 disposed:false
5968 http fetch GET 200 https://registry.npmjs.org/eventemitter3 800ms (cache miss)
5969 silly packumentCache full:https://registry.npmjs.org/eventemitter3 set size:undefined disposed:false
5970 silly placeDep ROOT eventemitter3@4.0.7 OK for: http-proxy@1.18.1 want: ^4.0.0
5971 silly placeDep ROOT follow-redirects@1.16.0 OK for: http-proxy@1.18.1 want: ^1.0.0
5972 silly placeDep ROOT dns-packet@5.6.1 OK for: multicast-dns@7.2.5 want: ^5.2.2
5973 silly placeDep ROOT thunky@1.1.0 OK for: multicast-dns@7.2.5 want: ^1.0.2
5974 silly fetch manifest @leichtgewicht/ip-codec@^2.0.1
5975 silly packumentCache full:https://registry.npmjs.org/@leichtgewicht%2fip-codec cache-miss
5976 http fetch GET 200 https://registry.npmjs.org/@leichtgewicht%2fip-codec 1572ms (cache miss)
5977 silly packumentCache full:https://registry.npmjs.org/@leichtgewicht%2fip-codec set size:undefined disposed:false
5978 silly placeDep ROOT @leichtgewicht/ip-codec@2.0.5 OK for: dns-packet@5.6.1 want: ^2.0.1
5979 silly placeDep ROOT ee-first@1.1.1 OK for: on-finished@2.4.1 want: 1.1.1
5980 silly placeDep ROOT @types/retry@0.12.0 OK for: p-retry@4.6.2 want: 0.12.0
5981 silly placeDep ROOT retry@0.13.1 OK for: p-retry@4.6.2 want: ^0.13.1
5982 silly placeDep ROOT forwarded@0.2.0 OK for: proxy-addr@2.0.7 want: 0.2.0
5983 silly placeDep node_modules/proxy-addr ipaddr.js@1.9.1 OK for: proxy-addr@2.0.7 want: 1.9.1
5984 silly placeDep node_modules/raw-body iconv-lite@0.4.24 OK for: raw-body@2.5.3 want: ~0.4.24
5985 silly placeDep ROOT @types/node-forge@1.3.14 OK for: selfsigned@2.4.1 want: ^1.3.0
5986 silly placeDep ROOT node-forge@1.4.0 OK for: selfsigned@2.4.1 want: ^1
5987 silly placeDep node_modules/send debug@2.6.9 OK for: send@0.19.2 want: 2.6.9
5988 silly placeDep ROOT mime@1.6.0 OK for: send@0.19.2 want: 1.6.0
5989 silly placeDep ROOT batch@0.6.1 OK for: serve-index@1.9.2 want: 0.6.1
5990 silly placeDep node_modules/serve-index debug@2.6.9 OK for: serve-index@1.9.2 want: 2.6.9
5991 silly placeDep node_modules/serve-index http-errors@1.8.1 OK for: serve-index@1.9.2 want: ~1.8.0
5992 silly fetch manifest depd@~1.1.2
5993 silly packumentCache full:https://registry.npmjs.org/depd cache-hit
5994 silly fetch manifest statuses@>= 1.5.0 < 2
5995 silly packumentCache full:https://registry.npmjs.org/statuses cache-hit
5996 silly placeDep ROOT faye-websocket@0.11.4 OK for: sockjs@0.3.24 want: ^0.11.3
5997 silly placeDep ROOT uuid@8.3.2 OK for: sockjs@0.3.24 want: ^8.3.2
5998 silly placeDep ROOT websocket-driver@0.7.4 OK for: sockjs@0.3.24 want: ^0.7.4
5999 silly fetch manifest websocket-driver@>=0.5.1
6000 silly packumentCache full:https://registry.npmjs.org/websocket-driver cache-miss
6001 silly fetch manifest http-parser-js@>=0.5.1
6002 silly packumentCache full:https://registry.npmjs.org/http-parser-js cache-miss
6003 silly fetch manifest websocket-extensions@>=0.1.1
6004 silly packumentCache full:https://registry.npmjs.org/websocket-extensions cache-miss
6005 http cache https://registry.npmjs.org/websocket-driver 22ms (cache hit)
6006 silly packumentCache full:https://registry.npmjs.org/websocket-driver set size:55869 disposed:false
6007 http fetch GET 200 https://registry.npmjs.org/websocket-extensions 916ms (cache miss)
6008 silly packumentCache full:https://registry.npmjs.org/websocket-extensions set size:undefined disposed:false
6009 http fetch GET 200 https://registry.npmjs.org/http-parser-js 2607ms (cache miss)
6010 silly packumentCache full:https://registry.npmjs.org/http-parser-js set size:undefined disposed:false
6011 silly placeDep ROOT handle-thing@2.0.1 OK for: spdy@4.0.2 want: ^2.0.0
6012 silly placeDep ROOT http-deceiver@1.2.7 OK for: spdy@4.0.2 want: ^1.2.7
6013 silly placeDep ROOT select-hose@2.0.0 OK for: spdy@4.0.2 want: ^2.0.0
6014 silly placeDep ROOT spdy-transport@3.0.0 OK for: spdy@4.0.2 want: ^3.0.0
6015 silly fetch manifest detect-node@^2.0.4
6016 silly packumentCache full:https://registry.npmjs.org/detect-node cache-miss
6017 silly fetch manifest hpack.js@^2.1.6
6018 silly packumentCache full:https://registry.npmjs.org/hpack.js cache-miss
6019 silly fetch manifest obuf@^1.1.2
6020 silly packumentCache full:https://registry.npmjs.org/obuf cache-miss
6021 silly fetch manifest readable-stream@^3.0.6
6022 silly packumentCache full:https://registry.npmjs.org/readable-stream cache-miss
6023 silly fetch manifest wbuf@^1.7.3
6024 silly packumentCache full:https://registry.npmjs.org/wbuf cache-miss
6025 http fetch GET 200 https://registry.npmjs.org/wbuf 398ms (cache miss)
6026 silly packumentCache full:https://registry.npmjs.org/wbuf set size:undefined disposed:false
6027 http fetch GET 200 https://registry.npmjs.org/obuf 708ms (cache miss)
6028 silly packumentCache full:https://registry.npmjs.org/obuf set size:undefined disposed:false
6029 http fetch GET 200 https://registry.npmjs.org/hpack.js 714ms (cache miss)
6030 silly packumentCache full:https://registry.npmjs.org/hpack.js set size:undefined disposed:false
6031 http fetch GET 200 https://registry.npmjs.org/detect-node 1088ms (cache miss)
6032 silly packumentCache full:https://registry.npmjs.org/detect-node set size:undefined disposed:false
6033 http fetch GET 200 https://registry.npmjs.org/readable-stream 1815ms (cache miss)
6034 silly packumentCache full:https://registry.npmjs.org/readable-stream set size:undefined disposed:false
6035 silly placeDep ROOT detect-node@2.1.0 OK for: spdy-transport@3.0.0 want: ^2.0.4
6036 silly placeDep ROOT hpack.js@2.1.6 OK for: spdy-transport@3.0.0 want: ^2.1.6
6037 silly placeDep ROOT obuf@1.1.2 OK for: spdy-transport@3.0.0 want: ^1.1.2
6038 silly placeDep ROOT readable-stream@3.6.2 OK for: spdy-transport@3.0.0 want: ^3.0.6
6039 silly placeDep ROOT wbuf@1.7.3 OK for: spdy-transport@3.0.0 want: ^1.7.3
6040 silly fetch manifest obuf@^1.0.0
6041 silly packumentCache full:https://registry.npmjs.org/obuf cache-miss
6042 silly fetch manifest readable-stream@^2.0.1
6043 silly packumentCache full:https://registry.npmjs.org/readable-stream cache-miss
6044 silly fetch manifest wbuf@^1.1.0
6045 silly packumentCache full:https://registry.npmjs.org/wbuf cache-miss
6046 silly fetch manifest string_decoder@^1.1.1
6047 silly packumentCache full:https://registry.npmjs.org/string_decoder cache-miss
6048 silly fetch manifest minimalistic-assert@^1.0.0
6049 silly packumentCache full:https://registry.npmjs.org/minimalistic-assert cache-miss
6050 http cache https://registry.npmjs.org/obuf 27ms (cache hit)
6051 silly packumentCache full:https://registry.npmjs.org/obuf set size:14024 disposed:false
6052 http cache https://registry.npmjs.org/wbuf 29ms (cache hit)
6053 silly packumentCache full:https://registry.npmjs.org/wbuf set size:20540 disposed:false
6054 http cache https://registry.npmjs.org/readable-stream 35ms (cache hit)
6055 silly packumentCache full:https://registry.npmjs.org/readable-stream set size:261096 disposed:false
6056 http fetch GET 200 https://registry.npmjs.org/minimalistic-assert 403ms (cache miss)
6057 silly packumentCache full:https://registry.npmjs.org/minimalistic-assert set size:undefined disposed:false
6058 http fetch GET 200 https://registry.npmjs.org/string_decoder 3989ms (cache miss)
6059 silly packumentCache full:https://registry.npmjs.org/string_decoder set size:undefined disposed:false
6060 silly placeDep node_modules/hpack.js readable-stream@2.3.8 OK for: hpack.js@2.1.6 want: ^2.0.1
6061 silly fetch manifest isarray@~1.0.0
6062 silly packumentCache full:https://registry.npmjs.org/isarray cache-miss
6063 silly fetch manifest safe-buffer@~5.1.1
6064 silly packumentCache full:https://registry.npmjs.org/safe-buffer cache-hit
6065 silly fetch manifest core-util-is@~1.0.0
6066 silly packumentCache full:https://registry.npmjs.org/core-util-is cache-miss
6067 silly fetch manifest string_decoder@~1.1.1
6068 silly packumentCache full:https://registry.npmjs.org/string_decoder cache-miss
6069 silly fetch manifest process-nextick-args@~2.0.0
6070 silly packumentCache full:https://registry.npmjs.org/process-nextick-args cache-miss
6071 http cache https://registry.npmjs.org/string_decoder 34ms (cache hit)
6072 silly packumentCache full:https://registry.npmjs.org/string_decoder set size:28441 disposed:false
6073 http cache https://registry.npmjs.org/isarray 46ms (cache hit)
6074 silly packumentCache full:https://registry.npmjs.org/isarray set size:17392 disposed:false
6075 http fetch GET 200 https://registry.npmjs.org/process-nextick-args 975ms (cache miss)
6076 silly packumentCache full:https://registry.npmjs.org/process-nextick-args set size:undefined disposed:false
6077 http fetch GET 200 https://registry.npmjs.org/core-util-is 1911ms (cache miss)
6078 silly packumentCache full:https://registry.npmjs.org/core-util-is set size:undefined disposed:false
6079 silly placeDep ROOT string_decoder@1.3.0 OK for: readable-stream@3.6.2 want: ^1.1.1
6080 silly placeDep ROOT media-typer@0.3.0 OK for: type-is@1.6.18 want: 0.3.0
6081 silly placeDep ROOT minimalistic-assert@1.0.1 OK for: wbuf@1.7.3 want: ^1.0.0
6082 silly placeDep node_modules/webpack-manifest-plugin webpack-sources@2.3.1 OK for: webpack-manifest-plugin@4.1.1 want: ^2.2.0
6083 silly fetch manifest source-list-map@^2.0.1
6084 silly packumentCache full:https://registry.npmjs.org/source-list-map cache-miss
6085 http fetch GET 200 https://registry.npmjs.org/source-list-map 7578ms (cache miss)
6086 silly packumentCache full:https://registry.npmjs.org/source-list-map set size:undefined disposed:false
6087 silly placeDep ROOT http-parser-js@0.5.10 OK for: websocket-driver@0.7.4 want: >=0.5.1
6088 silly placeDep ROOT websocket-extensions@0.1.4 OK for: websocket-driver@0.7.4 want: >=0.1.1
6089 silly placeDep node_modules/whatwg-encoding iconv-lite@0.4.24 OK for: whatwg-encoding@1.0.5 want: 0.4.24
6090 silly placeDep ROOT tr46@2.1.0 OK for: whatwg-url@8.7.0 want: ^2.1.0
6091 silly placeDep ROOT isexe@2.0.0 OK for: which@2.0.2 want: ^2.0.0
6092 silly placeDep ROOT is-bigint@1.1.0 OK for: which-boxed-primitive@1.1.1 want: ^1.1.0
6093 silly placeDep ROOT is-boolean-object@1.2.2 OK for: which-boxed-primitive@1.1.1 want: ^1.2.1
6094 silly placeDep ROOT is-number-object@1.1.1 OK for: which-boxed-primitive@1.1.1 want: ^1.1.1
6095 silly placeDep ROOT is-async-function@2.1.1 OK for: which-builtin-type@1.2.1 want: ^2.0.0
6096 silly placeDep ROOT is-finalizationregistry@1.1.1 OK for: which-builtin-type@1.2.1 want: ^1.1.0
6097 silly placeDep ROOT is-generator-function@1.1.2 OK for: which-builtin-type@1.2.1 want: ^1.0.10
6098 silly placeDep ROOT which-collection@1.0.2 OK for: which-builtin-type@1.2.1 want: ^1.0.2
6099 silly fetch manifest async-function@^1.0.0
6100 silly packumentCache full:https://registry.npmjs.org/async-function cache-miss
6101 silly fetch manifest generator-function@^2.0.0
6102 silly packumentCache full:https://registry.npmjs.org/generator-function cache-miss
6103 silly fetch manifest is-map@^2.0.3
6104 silly packumentCache full:https://registry.npmjs.org/is-map cache-miss
6105 silly fetch manifest is-weakmap@^2.0.2
6106 silly packumentCache full:https://registry.npmjs.org/is-weakmap cache-miss
6107 silly fetch manifest is-weakset@^2.0.3
6108 silly packumentCache full:https://registry.npmjs.org/is-weakset cache-miss
6109 http fetch GET 200 https://registry.npmjs.org/async-function 649ms (cache miss)
6110 silly packumentCache full:https://registry.npmjs.org/async-function set size:undefined disposed:false
6111 http fetch GET 200 https://registry.npmjs.org/is-weakmap 2109ms (cache miss)
6112 silly packumentCache full:https://registry.npmjs.org/is-weakmap set size:undefined disposed:false
6113 http fetch GET 200 https://registry.npmjs.org/generator-function 3683ms (cache miss)
6114 silly packumentCache full:https://registry.npmjs.org/generator-function set size:undefined disposed:false
6115 http fetch GET 200 https://registry.npmjs.org/is-map 7979ms (cache miss)
6116 silly packumentCache full:https://registry.npmjs.org/is-map set size:undefined disposed:false
6117 http fetch GET 200 https://registry.npmjs.org/is-weakset 32742ms (cache miss)
6118 silly packumentCache full:https://registry.npmjs.org/is-weakset set size:undefined disposed:false
6119 silly placeDep ROOT async-function@1.0.0 OK for: is-async-function@2.1.1 want: ^1.0.0
6120 silly placeDep ROOT generator-function@2.0.1 OK for: is-generator-function@1.1.2 want: ^2.0.0
6121 silly placeDep ROOT is-map@2.0.3 OK for: which-collection@1.0.2 want: ^2.0.3
6122 silly placeDep ROOT is-weakmap@2.0.2 OK for: which-collection@1.0.2 want: ^2.0.2
6123 silly placeDep ROOT is-weakset@2.0.4 OK for: which-collection@1.0.2 want: ^2.0.3
6124 silly placeDep ROOT pretty-bytes@5.6.0 OK for: workbox-webpack-plugin@6.6.0 want: ^5.4.1
6125 silly placeDep ROOT upath@1.2.0 OK for: workbox-webpack-plugin@6.6.0 want: ^1.2.0
6126 silly placeDep node_modules/workbox-webpack-plugin webpack-sources@1.4.3 OK for: workbox-webpack-plugin@6.6.0 want: ^1.4.3
6127 silly placeDep ROOT workbox-build@6.6.0 OK for: workbox-webpack-plugin@6.6.0 want: 6.6.0
6128 silly fetch manifest source-list-map@^2.0.0
6129 silly packumentCache full:https://registry.npmjs.org/source-list-map cache-miss
6130 silly fetch manifest ajv@^8.6.0
6131 silly packumentCache full:https://registry.npmjs.org/ajv cache-miss
6132 silly fetch manifest tempy@^0.6.0
6133 silly packumentCache full:https://registry.npmjs.org/tempy cache-miss
6134 silly fetch manifest rollup@^2.43.1
6135 silly packumentCache full:https://registry.npmjs.org/rollup cache-miss
6136 silly fetch manifest fs-extra@^9.0.1
6137 silly packumentCache full:https://registry.npmjs.org/fs-extra cache-hit
6138 silly fetch manifest source-map@^0.8.0-beta.0
6139 silly packumentCache full:https://registry.npmjs.org/source-map cache-hit
6140 silly fetch manifest workbox-sw@6.6.0
6141 silly packumentCache full:https://registry.npmjs.org/workbox-sw cache-miss
6142 silly fetch manifest common-tags@^1.8.0
6143 silly packumentCache full:https://registry.npmjs.org/common-tags cache-miss
6144 silly fetch manifest workbox-core@6.6.0
6145 silly packumentCache full:https://registry.npmjs.org/workbox-core cache-miss
6146 http cache https://registry.npmjs.org/source-list-map 54ms (cache hit)
6147 silly packumentCache full:https://registry.npmjs.org/source-list-map set size:26925 disposed:false
6148 silly fetch manifest strip-comments@^2.0.1
6149 silly packumentCache full:https://registry.npmjs.org/strip-comments cache-miss
6150 http cache https://registry.npmjs.org/ajv 69ms (cache hit)
6151 silly packumentCache full:https://registry.npmjs.org/ajv set size:1142658 disposed:false
6152 silly fetch manifest workbox-window@6.6.0
6153 silly packumentCache full:https://registry.npmjs.org/workbox-window cache-miss
6154 http fetch GET 200 https://registry.npmjs.org/workbox-sw 6504ms (cache miss)
6155 silly packumentCache full:https://registry.npmjs.org/workbox-sw set size:undefined disposed:false
6156 silly fetch manifest workbox-recipes@6.6.0
6157 silly packumentCache full:https://registry.npmjs.org/workbox-recipes cache-miss
6158 http fetch GET 200 https://registry.npmjs.org/strip-comments 12603ms (cache miss)
6159 silly packumentCache full:https://registry.npmjs.org/strip-comments set size:undefined disposed:false
6160 silly fetch manifest workbox-routing@6.6.0
6161 silly packumentCache full:https://registry.npmjs.org/workbox-routing cache-miss
6162 http fetch GET 200 https://registry.npmjs.org/common-tags 22475ms (cache miss)
6163 silly packumentCache full:https://registry.npmjs.org/common-tags set size:undefined disposed:false
6164 silly fetch manifest workbox-streams@6.6.0
6165 silly packumentCache full:https://registry.npmjs.org/workbox-streams cache-miss
6166 http fetch GET 200 https://registry.npmjs.org/tempy 44288ms (cache miss)
6167 silly packumentCache full:https://registry.npmjs.org/tempy set size:undefined disposed:false
6168 silly fetch manifest stringify-object@^3.3.0
6169 silly packumentCache full:https://registry.npmjs.org/stringify-object cache-miss
6170 http fetch GET 200 https://registry.npmjs.org/stringify-object 8249ms (cache miss)
6171 silly packumentCache full:https://registry.npmjs.org/stringify-object set size:undefined disposed:false
6172 silly fetch manifest workbox-expiration@6.6.0
6173 silly packumentCache full:https://registry.npmjs.org/workbox-expiration cache-miss
6174 http fetch GET 200 https://registry.npmjs.org/workbox-recipes 62148ms (cache miss)
6175 silly packumentCache full:https://registry.npmjs.org/workbox-recipes set size:undefined disposed:false
6176 silly fetch manifest workbox-precaching@6.6.0
6177 silly packumentCache full:https://registry.npmjs.org/workbox-precaching cache-miss
6178 http fetch GET 200 https://registry.npmjs.org/workbox-routing 81554ms (cache miss)
6179 silly packumentCache full:https://registry.npmjs.org/workbox-routing set size:undefined disposed:false
6180 silly fetch manifest workbox-strategies@6.6.0
6181 silly packumentCache full:https://registry.npmjs.org/workbox-strategies cache-miss
6182 http fetch GET 200 https://registry.npmjs.org/workbox-strategies 20153ms (cache miss)
6183 silly packumentCache full:https://registry.npmjs.org/workbox-strategies set size:undefined disposed:false
6184 silly fetch manifest @rollup/plugin-babel@^5.2.0
6185 silly packumentCache full:https://registry.npmjs.org/@rollup%2fplugin-babel cache-miss
6186 http fetch GET https://registry.npmjs.org/workbox-precaching attempt 1 failed with ETIMEDOUT
6187 silly fetch manifest rollup-plugin-terser@^7.0.0
6188 silly packumentCache full:https://registry.npmjs.org/rollup-plugin-terser cache-miss
6189 silly fetch manifest @rollup/plugin-replace@^2.4.1
6190 silly packumentCache full:https://registry.npmjs.org/@rollup%2fplugin-replace cache-miss
6191 http fetch GET https://registry.npmjs.org/rollup-plugin-terser attempt 1 failed with ECONNRESET
6192 http fetch GET https://registry.npmjs.org/workbox-precaching attempt 2 failed with ECONNRESET
6193 http fetch GET https://registry.npmjs.org/@rollup%2fplugin-replace attempt 1 failed with ECONNRESET
6194 http fetch GET https://registry.npmjs.org/@rollup%2fplugin-replace attempt 2 failed with ECONNRESET
6195 http fetch GET https://registry.npmjs.org/workbox-precaching attempt 3 failed with ECONNRESET
6196 silly fetch manifest workbox-range-requests@6.6.0
6197 silly packumentCache full:https://registry.npmjs.org/workbox-range-requests cache-miss
6198 http fetch GET https://registry.npmjs.org/rollup-plugin-terser attempt 2 failed with ETIMEDOUT
6199 http fetch GET https://registry.npmjs.org/workbox-range-requests attempt 1 failed with ECONNRESET
6200 http fetch GET https://registry.npmjs.org/workbox-core attempt 1 failed with FETCH_ERROR
6201 http fetch GET https://registry.npmjs.org/@rollup%2fplugin-replace attempt 3 failed with ECONNRESET
6202 silly fetch manifest workbox-background-sync@6.6.0
6203 silly packumentCache full:https://registry.npmjs.org/workbox-background-sync cache-miss
6204 http fetch GET https://registry.npmjs.org/workbox-range-requests attempt 2 failed with ECONNRESET
6205 silly fetch manifest workbox-broadcast-update@6.6.0
6206 silly packumentCache full:https://registry.npmjs.org/workbox-broadcast-update cache-miss
6207 http fetch GET 200 https://registry.npmjs.org/workbox-background-sync 34229ms (cache miss)
6208 silly packumentCache full:https://registry.npmjs.org/workbox-background-sync set size:undefined disposed:false
6209 silly fetch manifest workbox-google-analytics@6.6.0
6210 silly packumentCache full:https://registry.npmjs.org/workbox-google-analytics cache-miss
6211 http fetch GET https://registry.npmjs.org/workbox-broadcast-update attempt 1 failed with ECONNRESET
6212 http fetch GET 200 https://registry.npmjs.org/workbox-broadcast-update 47398ms attempt #2 (cache miss)
6213 silly packumentCache full:https://registry.npmjs.org/workbox-broadcast-update set size:undefined disposed:false
6214 silly fetch manifest @apideck/better-ajv-errors@^0.3.1
6215 silly packumentCache full:https://registry.npmjs.org/@apideck%2fbetter-ajv-errors cache-miss
6216 http fetch GET 200 https://registry.npmjs.org/@apideck%2fbetter-ajv-errors 13790ms (cache miss)
6217 silly packumentCache full:https://registry.npmjs.org/@apideck%2fbetter-ajv-errors set size:undefined disposed:false
6218 silly fetch manifest workbox-cacheable-response@6.6.0
6219 silly packumentCache full:https://registry.npmjs.org/workbox-cacheable-response cache-miss
6220 http fetch GET https://registry.npmjs.org/@rollup%2fplugin-babel attempt 1 failed with FETCH_ERROR
6221 silly fetch manifest workbox-navigation-preload@6.6.0
6222 silly packumentCache full:https://registry.npmjs.org/workbox-navigation-preload cache-miss
6223 http fetch GET https://registry.npmjs.org/workbox-navigation-preload attempt 1 failed with ECONNRESET
6224 http fetch GET 200 https://registry.npmjs.org/@rollup%2fplugin-babel 338558ms attempt #2 (cache miss)
6225 silly packumentCache full:https://registry.npmjs.org/@rollup%2fplugin-babel set size:undefined disposed:false
6226 silly fetch manifest @rollup/plugin-node-resolve@^11.2.1
6227 silly packumentCache full:https://registry.npmjs.org/@rollup%2fplugin-node-resolve cache-miss
6228 silly fetch manifest @surma/rollup-plugin-off-main-thread@^2.2.3
6229 silly packumentCache full:https://registry.npmjs.org/@surma%2frollup-plugin-off-main-thread cache-miss
6230 http fetch GET https://registry.npmjs.org/@surma%2frollup-plugin-off-main-thread attempt 1 failed with ECONNRESET
6231 http fetch GET 200 https://registry.npmjs.org/workbox-cacheable-response 78805ms (cache miss)
6232 silly packumentCache full:https://registry.npmjs.org/workbox-cacheable-response set size:undefined disposed:false
6233 http fetch GET 200 https://registry.npmjs.org/@surma%2frollup-plugin-off-main-thread 25272ms attempt #2 (cache miss)
6234 silly packumentCache full:https://registry.npmjs.org/@surma%2frollup-plugin-off-main-thread set size:undefined disposed:false
6235 http fetch GET https://registry.npmjs.org/workbox-range-requests attempt 3 failed with ECONNRESET
6236 http fetch GET 200 https://registry.npmjs.org/workbox-navigation-preload 263550ms attempt #2 (cache miss)
6237 silly packumentCache full:https://registry.npmjs.org/workbox-navigation-preload set size:undefined disposed:false
6238 silly fetch manifest rollup@^2.43.1
6239 silly packumentCache full:https://registry.npmjs.org/rollup cache-miss
6240 silly fetch manifest workbox-core@6.6.0
6241 silly packumentCache full:https://registry.npmjs.org/workbox-core cache-miss
6242 http fetch GET 200 https://registry.npmjs.org/workbox-core 10440ms (cache miss)
6243 silly packumentCache full:https://registry.npmjs.org/workbox-core set size:undefined disposed:false
6244 silly fetch manifest workbox-window@6.6.0
6245 silly packumentCache full:https://registry.npmjs.org/workbox-window cache-miss
6246 http fetch GET 200 https://registry.npmjs.org/workbox-window 524ms (cache miss)
6247 silly packumentCache full:https://registry.npmjs.org/workbox-window set size:undefined disposed:false
6248 silly fetch manifest workbox-streams@6.6.0
6249 silly packumentCache full:https://registry.npmjs.org/workbox-streams cache-miss
6250 http fetch GET 200 https://registry.npmjs.org/workbox-streams 490ms (cache miss)
6251 silly packumentCache full:https://registry.npmjs.org/workbox-streams set size:undefined disposed:false
6252 silly fetch manifest workbox-expiration@6.6.0
6253 silly packumentCache full:https://registry.npmjs.org/workbox-expiration cache-miss
6254 http fetch GET 200 https://registry.npmjs.org/workbox-expiration 488ms (cache miss)
6255 silly packumentCache full:https://registry.npmjs.org/workbox-expiration set size:undefined disposed:false
6256 silly fetch manifest workbox-precaching@6.6.0
6257 silly packumentCache full:https://registry.npmjs.org/workbox-precaching cache-miss
6258 http fetch GET 200 https://registry.npmjs.org/workbox-precaching 839ms (cache miss)
6259 silly packumentCache full:https://registry.npmjs.org/workbox-precaching set size:undefined disposed:false
6260 silly fetch manifest rollup-plugin-terser@^7.0.0
6261 silly packumentCache full:https://registry.npmjs.org/rollup-plugin-terser cache-miss
6262 http fetch GET 200 https://registry.npmjs.org/rollup-plugin-terser 505ms (cache miss)
6263 silly packumentCache full:https://registry.npmjs.org/rollup-plugin-terser set size:undefined disposed:false
6264 silly fetch manifest @rollup/plugin-replace@^2.4.1
6265 silly packumentCache full:https://registry.npmjs.org/@rollup%2fplugin-replace cache-miss
6266 http fetch GET 200 https://registry.npmjs.org/@rollup%2fplugin-replace 336ms (cache miss)
6267 silly packumentCache full:https://registry.npmjs.org/@rollup%2fplugin-replace set size:undefined disposed:false
6268 silly fetch manifest workbox-range-requests@6.6.0
6269 silly packumentCache full:https://registry.npmjs.org/workbox-range-requests cache-miss
6270 http fetch GET 200 https://registry.npmjs.org/workbox-range-requests 815ms (cache miss)
6271 silly packumentCache full:https://registry.npmjs.org/workbox-range-requests set size:undefined disposed:false
6272 silly fetch manifest workbox-google-analytics@6.6.0
6273 silly packumentCache full:https://registry.npmjs.org/workbox-google-analytics cache-miss
6274 http fetch GET 200 https://registry.npmjs.org/workbox-google-analytics 872ms (cache miss)
6275 silly packumentCache full:https://registry.npmjs.org/workbox-google-analytics set size:undefined disposed:false
6276 silly fetch manifest @rollup/plugin-node-resolve@^11.2.1
6277 silly packumentCache full:https://registry.npmjs.org/@rollup%2fplugin-node-resolve cache-miss
6278 http fetch GET 200 https://registry.npmjs.org/@rollup%2fplugin-node-resolve 709ms (cache miss)
6279 silly packumentCache full:https://registry.npmjs.org/@rollup%2fplugin-node-resolve set size:undefined disposed:false
6280 silly placeDep ROOT @apideck/better-ajv-errors@0.3.7 OK for: workbox-build@6.6.0 want: ^0.3.1
6281 silly placeDep ROOT @rollup/plugin-babel@5.3.1 OK for: workbox-build@6.6.0 want: ^5.2.0
6282 silly placeDep ROOT @rollup/plugin-node-resolve@11.2.1 OK for: workbox-build@6.6.0 want: ^11.2.1
6283 silly placeDep ROOT @rollup/plugin-replace@2.4.2 OK for: workbox-build@6.6.0 want: ^2.4.1
6284 silly placeDep ROOT @surma/rollup-plugin-off-main-thread@2.2.3 OK for: workbox-build@6.6.0 want: ^2.2.3
6285 silly placeDep node_modules/workbox-build ajv@8.20.0 OK for: workbox-build@6.6.0 want: ^8.6.0
6286 silly placeDep ROOT common-tags@1.8.2 OK for: workbox-build@6.6.0 want: ^1.8.0
6287 silly placeDep node_modules/workbox-build fs-extra@9.1.0 OK for: workbox-build@6.6.0 want: ^9.0.1
6288 silly placeDep node_modules/workbox-build rollup@ OK for: workbox-build@6.6.0 want: ^2.43.1
6289 silly placeDep ROOT rollup-plugin-terser@7.0.2 OK for: workbox-build@6.6.0 want: ^7.0.0
6290 silly placeDep node_modules/workbox-build source-map@0.8.0-beta.0 OK for: workbox-build@6.6.0 want: ^0.8.0-beta.0
6291 silly placeDep ROOT stringify-object@3.3.0 OK for: workbox-build@6.6.0 want: ^3.3.0
6292 silly placeDep ROOT strip-comments@2.0.1 OK for: workbox-build@6.6.0 want: ^2.0.1
6293 silly placeDep ROOT tempy@0.6.0 OK for: workbox-build@6.6.0 want: ^0.6.0
6294 silly placeDep ROOT workbox-background-sync@6.6.0 OK for: workbox-build@6.6.0 want: 6.6.0
6295 silly placeDep ROOT workbox-broadcast-update@6.6.0 OK for: workbox-build@6.6.0 want: 6.6.0
6296 silly placeDep ROOT workbox-cacheable-response@6.6.0 OK for: workbox-build@6.6.0 want: 6.6.0
6297 silly placeDep ROOT workbox-core@6.6.0 OK for: workbox-build@6.6.0 want: 6.6.0
6298 silly placeDep ROOT workbox-expiration@6.6.0 OK for: workbox-build@6.6.0 want: 6.6.0
6299 silly placeDep ROOT workbox-google-analytics@6.6.0 OK for: workbox-build@6.6.0 want: 6.6.0
6300 silly placeDep ROOT workbox-navigation-preload@6.6.0 OK for: workbox-build@6.6.0 want: 6.6.0
6301 silly placeDep ROOT workbox-precaching@6.6.0 OK for: workbox-build@6.6.0 want: 6.6.0
6302 silly placeDep ROOT workbox-range-requests@6.6.0 OK for: workbox-build@6.6.0 want: 6.6.0
6303 silly placeDep ROOT workbox-recipes@6.6.0 OK for: workbox-build@6.6.0 want: 6.6.0
6304 silly placeDep ROOT workbox-routing@6.6.0 OK for: workbox-build@6.6.0 want: 6.6.0
6305 silly placeDep ROOT workbox-strategies@6.6.0 OK for: workbox-build@6.6.0 want: 6.6.0
6306 silly placeDep ROOT workbox-streams@6.6.0 OK for: workbox-build@6.6.0 want: 6.6.0
6307 silly placeDep ROOT workbox-sw@6.6.0 OK for: workbox-build@6.6.0 want: 6.6.0
6308 silly placeDep ROOT workbox-window@6.6.0 OK for: workbox-build@6.6.0 want: 6.6.0
6309 silly fetch manifest jsonpointer@^5.0.1
6310 silly packumentCache full:https://registry.npmjs.org/jsonpointer cache-miss
6311 silly fetch manifest @rollup/pluginutils@^3.1.0
6312 silly packumentCache full:https://registry.npmjs.org/@rollup%2fpluginutils cache-miss
6313 silly fetch manifest is-module@^1.0.0
6314 silly packumentCache full:https://registry.npmjs.org/is-module cache-miss
6315 silly fetch manifest @types/resolve@1.17.1
6316 silly packumentCache full:https://registry.npmjs.org/@types%2fresolve cache-miss
6317 silly fetch manifest builtin-modules@^3.1.0
6318 silly packumentCache full:https://registry.npmjs.org/builtin-modules cache-miss
6319 silly fetch manifest @rollup/pluginutils@^3.1.0
6320 silly packumentCache full:https://registry.npmjs.org/@rollup%2fpluginutils cache-miss
6321 silly fetch manifest magic-string@^0.25.7
6322 silly packumentCache full:https://registry.npmjs.org/magic-string cache-miss
6323 http fetch GET 200 https://registry.npmjs.org/jsonpointer 292ms (cache miss)
6324 silly packumentCache full:https://registry.npmjs.org/jsonpointer set size:undefined disposed:false
6325 silly fetch manifest @rollup/pluginutils@^3.1.0
6326 silly packumentCache full:https://registry.npmjs.org/@rollup%2fpluginutils cache-miss
6327 http fetch GET 200 https://registry.npmjs.org/@types%2fresolve 959ms (cache miss)
6328 silly packumentCache full:https://registry.npmjs.org/@types%2fresolve set size:undefined disposed:false
6329 silly fetch manifest ejs@^3.1.6
6330 silly packumentCache full:https://registry.npmjs.org/ejs cache-miss
6331 http fetch GET 200 https://registry.npmjs.org/@rollup%2fpluginutils 995ms (cache miss)
6332 silly packumentCache full:https://registry.npmjs.org/@rollup%2fpluginutils set size:undefined disposed:false
6333 silly fetch manifest magic-string@^0.25.0
6334 silly packumentCache full:https://registry.npmjs.org/magic-string cache-miss
6335 http fetch GET 200 https://registry.npmjs.org/magic-string 1542ms (cache miss)
6336 silly packumentCache full:https://registry.npmjs.org/magic-string set size:undefined disposed:false
6337 silly fetch manifest jest-worker@^26.2.1
6338 silly packumentCache full:https://registry.npmjs.org/jest-worker cache-hit
6339 silly fetch manifest serialize-javascript@^4.0.0
6340 silly packumentCache full:https://registry.npmjs.org/serialize-javascript cache-hit
6341 silly fetch manifest whatwg-url@^7.0.0
6342 silly packumentCache full:https://registry.npmjs.org/whatwg-url cache-hit
6343 silly fetch manifest is-obj@^1.0.1
6344 silly packumentCache full:https://registry.npmjs.org/is-obj cache-miss
6345 http fetch GET 200 https://registry.npmjs.org/magic-string 674ms (cache miss)
6346 silly packumentCache full:https://registry.npmjs.org/magic-string set size:undefined disposed:false
6347 silly fetch manifest is-regexp@^1.0.0
6348 silly packumentCache full:https://registry.npmjs.org/is-regexp cache-miss
6349 http fetch GET 200 https://registry.npmjs.org/ejs 773ms (cache miss)
6350 silly packumentCache full:https://registry.npmjs.org/ejs set size:undefined disposed:false
6351 silly fetch manifest get-own-enumerable-property-symbols@^3.0.0
6352 silly packumentCache full:https://registry.npmjs.org/get-own-enumerable-property-symbols cache-miss
6353 http fetch GET 200 https://registry.npmjs.org/is-obj 262ms (cache miss)
6354 silly packumentCache full:https://registry.npmjs.org/is-obj set size:undefined disposed:false
6355 silly fetch manifest temp-dir@^2.0.0
6356 silly packumentCache full:https://registry.npmjs.org/temp-dir cache-miss
6357 http fetch GET 200 https://registry.npmjs.org/is-module 1958ms (cache miss)
6358 silly packumentCache full:https://registry.npmjs.org/is-module set size:undefined disposed:false
6359 silly fetch manifest type-fest@^0.16.0
6360 silly packumentCache full:https://registry.npmjs.org/type-fest cache-hit
6361 silly fetch manifest unique-string@^2.0.0
6362 silly packumentCache full:https://registry.npmjs.org/unique-string cache-miss
6363 http fetch GET 200 https://registry.npmjs.org/is-regexp 258ms (cache miss)
6364 silly packumentCache full:https://registry.npmjs.org/is-regexp set size:undefined disposed:false
6365 silly fetch manifest idb@^7.0.1
6366 silly packumentCache full:https://registry.npmjs.org/idb cache-miss
6367 http fetch GET 200 https://registry.npmjs.org/temp-dir 280ms (cache miss)
6368 silly packumentCache full:https://registry.npmjs.org/temp-dir set size:undefined disposed:false
6369 silly fetch manifest idb@^7.0.1
6370 silly packumentCache full:https://registry.npmjs.org/idb cache-miss
6371 http fetch GET 200 https://registry.npmjs.org/@rollup%2fpluginutils 1858ms (cache miss)
6372 silly packumentCache full:https://registry.npmjs.org/@rollup%2fpluginutils set size:undefined disposed:false
6373 silly fetch manifest @types/trusted-types@^2.0.2
6374 silly packumentCache full:https://registry.npmjs.org/@types%2ftrusted-types cache-miss
6375 http fetch GET 200 https://registry.npmjs.org/get-own-enumerable-property-symbols 503ms (cache miss)
6376 silly packumentCache full:https://registry.npmjs.org/get-own-enumerable-property-symbols set size:undefined disposed:false
6377 http fetch GET 200 https://registry.npmjs.org/@rollup%2fpluginutils 2290ms (cache miss)
6378 silly packumentCache full:https://registry.npmjs.org/@rollup%2fpluginutils set size:undefined disposed:false
6379 http fetch GET 200 https://registry.npmjs.org/idb 339ms (cache miss)
6380 silly packumentCache full:https://registry.npmjs.org/idb set size:undefined disposed:false
6381 http fetch GET 200 https://registry.npmjs.org/builtin-modules 2563ms (cache miss)
6382 silly packumentCache full:https://registry.npmjs.org/builtin-modules set size:undefined disposed:false
6383 http fetch GET 200 https://registry.npmjs.org/unique-string 965ms (cache miss)
6384 silly packumentCache full:https://registry.npmjs.org/unique-string set size:undefined disposed:false
6385 http fetch GET 200 https://registry.npmjs.org/@types%2ftrusted-types 976ms (cache miss)
6386 silly packumentCache full:https://registry.npmjs.org/@types%2ftrusted-types set size:undefined disposed:false
6387 http fetch GET 200 https://registry.npmjs.org/idb 4285ms (cache miss)
6388 silly packumentCache full:https://registry.npmjs.org/idb set size:undefined disposed:false
6389 silly placeDep ROOT jsonpointer@5.0.1 OK for: @apideck/better-ajv-errors@0.3.7 want: ^5.0.1
6390 silly placeDep ROOT @rollup/pluginutils@3.1.0 OK for: @rollup/plugin-babel@5.3.1 want: ^3.1.0
6391 silly fetch manifest @types/estree@0.0.39
6392 silly packumentCache full:https://registry.npmjs.org/@types%2festree cache-hit
6393 silly fetch manifest estree-walker@^1.0.1
6394 silly packumentCache full:https://registry.npmjs.org/estree-walker cache-miss
6395 http fetch GET 200 https://registry.npmjs.org/estree-walker 701ms (cache miss)
6396 silly packumentCache full:https://registry.npmjs.org/estree-walker set size:undefined disposed:false
6397 silly placeDep ROOT @types/resolve@1.17.1 OK for: @rollup/plugin-node-resolve@11.2.1 want: 1.17.1
6398 silly placeDep ROOT builtin-modules@3.3.0 OK for: @rollup/plugin-node-resolve@11.2.1 want: ^3.1.0
6399 silly placeDep ROOT is-module@1.0.0 OK for: @rollup/plugin-node-resolve@11.2.1 want: ^1.0.0
6400 silly placeDep ROOT magic-string@0.25.9 OK for: @rollup/plugin-replace@2.4.2 want: ^0.25.7
6401 silly fetch manifest sourcemap-codec@^1.4.8
6402 silly packumentCache full:https://registry.npmjs.org/sourcemap-codec cache-miss
6403 http fetch GET 200 https://registry.npmjs.org/sourcemap-codec 546ms (cache miss)
6404 silly packumentCache full:https://registry.npmjs.org/sourcemap-codec set size:undefined disposed:false
6405 silly placeDep node_modules/@rollup/pluginutils @types/estree@0.0.39 OK for: @rollup/pluginutils@3.1.0 want: 0.0.39
6406 silly placeDep ROOT estree-walker@1.0.1 OK for: @rollup/pluginutils@3.1.0 want: ^1.0.1
6407 silly placeDep ROOT ejs@3.1.10 OK for: @surma/rollup-plugin-off-main-thread@2.2.3 want: ^3.1.6
6408 silly fetch manifest jake@^10.8.5
6409 silly packumentCache full:https://registry.npmjs.org/jake cache-miss
6410 http fetch GET 200 https://registry.npmjs.org/jake 502ms (cache miss)
6411 silly packumentCache full:https://registry.npmjs.org/jake set size:undefined disposed:false
6412 silly placeDep ROOT jake@10.9.4 OK for: ejs@3.1.10 want: ^10.8.5
6413 silly fetch manifest async@^3.2.6
6414 silly packumentCache full:https://registry.npmjs.org/async cache-miss
6415 silly fetch manifest filelist@^1.0.4
6416 silly packumentCache full:https://registry.npmjs.org/filelist cache-miss
6417 http fetch GET 200 https://registry.npmjs.org/filelist 839ms (cache miss)
6418 silly packumentCache full:https://registry.npmjs.org/filelist set size:undefined disposed:false
6419 http fetch GET 200 https://registry.npmjs.org/async 2013ms (cache miss)
6420 silly packumentCache full:https://registry.npmjs.org/async set size:undefined disposed:false
6421 silly placeDep ROOT async@3.2.6 OK for: jake@10.9.4 want: ^3.2.6
6422 silly placeDep ROOT filelist@1.0.6 OK for: jake@10.9.4 want: ^1.0.4
6423 silly fetch manifest minimatch@^5.0.1
6424 silly packumentCache full:https://registry.npmjs.org/minimatch cache-hit
6425 silly placeDep node_modules/filelist minimatch@5.1.9 OK for: filelist@1.0.6 want: ^5.0.1
6426 silly fetch manifest brace-expansion@^2.0.1
6427 silly packumentCache full:https://registry.npmjs.org/brace-expansion cache-hit
6428 silly placeDep ROOT sourcemap-codec@1.4.8 OK for: magic-string@0.25.9 want: ^1.4.8
6429 silly placeDep node_modules/rollup-plugin-terser jest-worker@26.6.2 OK for: rollup-plugin-terser@7.0.2 want: ^26.2.1
6430 silly placeDep node_modules/rollup-plugin-terser serialize-javascript@4.0.0 OK for: rollup-plugin-terser@7.0.2 want: ^4.0.0
6431 silly placeDep ROOT get-own-enumerable-property-symbols@3.0.2 OK for: stringify-object@3.3.0 want: ^3.0.0
6432 silly placeDep ROOT is-obj@1.0.1 OK for: stringify-object@3.3.0 want: ^1.0.1
6433 silly placeDep ROOT is-regexp@1.0.0 OK for: stringify-object@3.3.0 want: ^1.0.0
6434 silly placeDep ROOT temp-dir@2.0.0 OK for: tempy@0.6.0 want: ^2.0.0
6435 silly placeDep node_modules/tempy type-fest@0.16.0 OK for: tempy@0.6.0 want: ^0.16.0
6436 silly placeDep ROOT unique-string@2.0.0 OK for: tempy@0.6.0 want: ^2.0.0
6437 silly fetch manifest crypto-random-string@^2.0.0
6438 silly packumentCache full:https://registry.npmjs.org/crypto-random-string cache-miss
6439 http fetch GET 200 https://registry.npmjs.org/crypto-random-string 293ms (cache miss)
6440 silly packumentCache full:https://registry.npmjs.org/crypto-random-string set size:undefined disposed:false
6441 silly placeDep ROOT crypto-random-string@2.0.0 OK for: unique-string@2.0.0 want: ^2.0.0
6442 silly placeDep ROOT idb@7.1.1 OK for: workbox-background-sync@6.6.0 want: ^7.0.1
6443 silly placeDep ROOT @types/trusted-types@2.0.7 OK for: workbox-window@6.6.0 want: ^2.0.2
6444 silly placeDep ROOT is-typedarray@1.0.0 OK for: write-file-atomic@3.0.3 want: ^1.0.0
6445 silly placeDep ROOT typedarray-to-buffer@3.1.5 OK for: write-file-atomic@3.0.3 want: ^3.1.5
6446 silly placeDep ROOT cliui@7.0.4 OK for: yargs@16.2.0 want: ^7.0.2
6447 silly placeDep ROOT get-caller-file@2.0.5 OK for: yargs@16.2.0 want: ^2.0.5
6448 silly placeDep ROOT require-directory@2.1.1 OK for: yargs@16.2.0 want: ^2.1.1
6449 silly placeDep ROOT string-width@4.2.3 OK for: yargs@16.2.0 want: ^4.2.0
6450 silly placeDep ROOT y18n@5.0.8 OK for: yargs@16.2.0 want: ^5.0.5
6451 silly placeDep ROOT yargs-parser@20.2.9 OK for: yargs@16.2.0 want: ^20.2.2
6452 silly fetch manifest wrap-ansi@^7.0.0
6453 silly packumentCache full:https://registry.npmjs.org/wrap-ansi cache-miss
6454 silly fetch manifest emoji-regex@^8.0.0
6455 silly packumentCache full:https://registry.npmjs.org/emoji-regex cache-hit
6456 silly fetch manifest is-fullwidth-code-point@^3.0.0
6457 silly packumentCache full:https://registry.npmjs.org/is-fullwidth-code-point cache-miss
6458 http fetch GET 200 https://registry.npmjs.org/wrap-ansi 301ms (cache revalidated)
6459 silly packumentCache full:https://registry.npmjs.org/wrap-ansi set size:55299 disposed:false
6460 http fetch GET 200 https://registry.npmjs.org/is-fullwidth-code-point 310ms (cache revalidated)
6461 silly packumentCache full:https://registry.npmjs.org/is-fullwidth-code-point set size:14578 disposed:false
6462 silly placeDep ROOT wrap-ansi@7.0.0 OK for: cliui@7.0.4 want: ^7.0.0
6463 silly placeDep node_modules/string-width emoji-regex@8.0.0 OK for: string-width@4.2.3 want: ^8.0.0
6464 silly placeDep ROOT is-fullwidth-code-point@3.0.0 OK for: string-width@4.2.3 want: ^3.0.0
6465 silly placeDep node_modules/@eslint/eslintrc argparse@2.0.1 OK for: js-yaml@4.1.1 want: ^2.0.1
6466 silly placeDep node_modules/@nicolo-ribaudo/eslint-scope-5-internals estraverse@4.3.0 OK for: eslint-scope@5.1.1 want: ^4.1.1
6467 silly placeDep ROOT @types/mime@1.3.5 OK for: @types/send@0.17.6 want: ^1
6468 silly placeDep node_modules/@typescript-eslint/utils estraverse@4.3.0 OK for: eslint-scope@5.1.1 want: ^4.1.1
6469 silly placeDep ROOT fast-uri@3.1.1 OK for: ajv@8.20.0 want: ^3.0.1
6470 silly placeDep node_modules/ajv-formats json-schema-traverse@1.0.0 OK for: ajv@8.20.0 want: ^1.0.0
6471 silly placeDep ROOT require-from-string@2.0.2 OK for: ajv@8.20.0 want: ^2.0.2
6472 silly placeDep node_modules/babel-loader ajv-keywords@3.5.2 OK for: schema-utils@2.7.1 want: ^3.5.2
6473 silly placeDep node_modules/body-parser ms@2.0.0 OK for: debug@2.6.9 want: 2.0.0
6474 silly placeDep node_modules/coa ansi-styles@3.2.1 OK for: chalk@2.4.2 want: ^3.2.1
6475 silly placeDep node_modules/coa escape-string-regexp@1.0.5 OK for: chalk@2.4.2 want: ^1.0.5
6476 silly placeDep node_modules/coa supports-color@5.5.0 OK for: chalk@2.4.2 want: ^5.3.0
6477 silly fetch manifest color-convert@^1.9.0
6478 silly packumentCache full:https://registry.npmjs.org/color-convert cache-hit
6479 silly fetch manifest has-flag@^3.0.0
6480 silly packumentCache full:https://registry.npmjs.org/has-flag cache-hit
6481 silly placeDep node_modules/coa color-convert@1.9.3 OK for: ansi-styles@3.2.1 want: ^1.9.0
6482 silly fetch manifest color-name@1.1.3
6483 silly packumentCache full:https://registry.npmjs.org/color-name cache-hit
6484 silly placeDep node_modules/coa color-name@1.1.3 OK for: color-convert@1.9.3 want: 1.1.3
6485 silly placeDep node_modules/coa has-flag@3.0.0 OK for: supports-color@5.5.0 want: ^3.0.0
6486 silly placeDep node_modules/compression ms@2.0.0 OK for: debug@2.6.9 want: 2.0.0
6487 silly placeDep node_modules/csso mdn-data@2.0.14 OK for: css-tree@1.1.3 want: 2.0.14
6488 silly placeDep node_modules/csso source-map@0.6.1 OK for: css-tree@1.1.3 want: ^0.6.1
6489 silly placeDep node_modules/detect-port-alt ms@2.0.0 OK for: debug@2.6.9 want: 2.0.0
6490 silly placeDep ROOT node-exports-info@1.6.0 OK for: resolve@2.0.0-next.6 want: ^1.6.0
6491 silly placeDep node_modules/node-exports-info semver@6.3.1 OK for: node-exports-info@1.6.0 want: ^6.3.1
6492 silly placeDep node_modules/eslint-webpack-plugin supports-color@8.1.1 OK for: jest-worker@28.1.3 want: ^8.0.0
6493 silly placeDep node_modules/eslint locate-path@6.0.0 OK for: find-up@5.0.0 want: ^6.0.0
6494 silly fetch manifest p-locate@^5.0.0
6495 silly packumentCache full:https://registry.npmjs.org/p-locate cache-miss
6496 http fetch GET 200 https://registry.npmjs.org/p-locate 285ms (cache revalidated)
6497 silly packumentCache full:https://registry.npmjs.org/p-locate set size:22488 disposed:false
6498 silly placeDep node_modules/eslint argparse@2.0.1 OK for: js-yaml@4.1.1 want: ^2.0.1
6499 silly placeDep node_modules/eslint p-locate@5.0.0 OK for: locate-path@6.0.0 want: ^5.0.0
6500 silly fetch manifest p-limit@^3.0.2
6501 silly packumentCache full:https://registry.npmjs.org/p-limit cache-miss
6502 http fetch GET 200 https://registry.npmjs.org/p-limit 251ms (cache revalidated)
6503 silly packumentCache full:https://registry.npmjs.org/p-limit set size:61867 disposed:false
6504 silly placeDep node_modules/eslint p-limit@3.1.0 OK for: p-locate@5.0.0 want: ^3.0.2
6505 silly fetch manifest yocto-queue@^0.1.0
6506 silly packumentCache full:https://registry.npmjs.org/yocto-queue cache-miss
6507 http fetch GET 200 https://registry.npmjs.org/yocto-queue 287ms (cache miss)
6508 silly packumentCache full:https://registry.npmjs.org/yocto-queue set size:undefined disposed:false
6509 silly placeDep ROOT yocto-queue@0.1.0 OK for: p-limit@3.1.0 want: ^0.1.0
6510 silly placeDep node_modules/express ms@2.0.0 OK for: debug@2.6.9 want: 2.0.0
6511 silly placeDep node_modules/file-loader ajv-keywords@3.5.2 OK for: schema-utils@3.3.0 want: ^3.5.2
6512 silly placeDep node_modules/filelist brace-expansion@2.1.0 OK for: minimatch@5.1.9 want: ^2.0.1
6513 silly placeDep node_modules/finalhandler ms@2.0.0 OK for: debug@2.6.9 want: 2.0.0
6514 silly placeDep ROOT at-least-node@1.0.0 OK for: fs-extra@9.1.0 want: ^1.0.0
6515 silly placeDep node_modules/fork-ts-checker-webpack-plugin ajv-keywords@3.5.2 OK for: schema-utils@2.7.0 want: ^3.4.1
6516 silly placeDep ROOT core-util-is@1.0.3 OK for: readable-stream@2.3.8 want: ~1.0.0
6517 silly placeDep node_modules/hpack.js isarray@1.0.0 OK for: readable-stream@2.3.8 want: ~1.0.0
6518 silly placeDep ROOT process-nextick-args@2.0.1 OK for: readable-stream@2.3.8 want: ~2.0.0
6519 silly placeDep node_modules/hpack.js safe-buffer@5.1.2 OK for: readable-stream@2.3.8 want: ~5.1.1
6520 silly placeDep node_modules/hpack.js string_decoder@1.1.1 OK for: readable-stream@2.3.8 want: ~1.1.1
6521 silly placeDep node_modules/jest-watch-typeahead @jest/test-result@28.1.3 OK for: jest-watcher@28.1.3 want: ^28.1.3
6522 silly placeDep node_modules/jest-watch-typeahead @jest/types@28.1.3 OK for: jest-watcher@28.1.3 want: ^28.1.3
6523 silly placeDep node_modules/jest-watch-typeahead emittery@0.10.2 OK for: jest-watcher@28.1.3 want: ^0.10.2
6524 silly placeDep node_modules/jest-watch-typeahead jest-util@28.1.3 OK for: jest-watcher@28.1.3 want: ^28.1.3
6525 silly placeDep node_modules/jest-watch-typeahead/node_modules/jest-watcher string-length@4.0.2 OK for: jest-watcher@28.1.3 want: ^4.0.1
6526 silly fetch manifest @jest/console@^28.1.3
6527 silly packumentCache full:https://registry.npmjs.org/@jest%2fconsole cache-miss
6528 silly fetch manifest @types/yargs@^17.0.8
6529 silly packumentCache full:https://registry.npmjs.org/@types%2fyargs cache-miss
6530 silly fetch manifest @jest/schemas@^28.1.3
6531 silly packumentCache full:https://registry.npmjs.org/@jest%2fschemas cache-miss
6532 silly fetch manifest strip-ansi@^6.0.0
6533 silly packumentCache full:https://registry.npmjs.org/strip-ansi cache-hit
6534 http fetch GET 200 https://registry.npmjs.org/@jest%2fconsole 345ms (cache revalidated)
6535 silly packumentCache full:https://registry.npmjs.org/@jest%2fconsole set size:332185 disposed:false
6536 http fetch GET 200 https://registry.npmjs.org/@jest%2fschemas 558ms (cache miss)
6537 silly packumentCache full:https://registry.npmjs.org/@jest%2fschemas set size:undefined disposed:false
6538 http fetch GET 200 https://registry.npmjs.org/@types%2fyargs 1204ms (cache revalidated)
6539 silly packumentCache full:https://registry.npmjs.org/@types%2fyargs set size:390540 disposed:false
6540 silly placeDep node_modules/jest-watch-typeahead @jest/console@28.1.3 OK for: @jest/test-result@28.1.3 want: ^28.1.3
6541 silly fetch manifest jest-message-util@^28.1.3
6542 silly packumentCache full:https://registry.npmjs.org/jest-message-util cache-miss
6543 http fetch GET 200 https://registry.npmjs.org/jest-message-util 264ms (cache revalidated)
6544 silly packumentCache full:https://registry.npmjs.org/jest-message-util set size:514568 disposed:false
6545 silly placeDep node_modules/jest-watch-typeahead jest-message-util@28.1.3 OK for: @jest/console@28.1.3 want: ^28.1.3
6546 silly placeDep node_modules/jest-watch-typeahead/node_modules/@jest/console slash@3.0.0 OK for: @jest/console@28.1.3 want: ^3.0.0
6547 silly fetch manifest pretty-format@^28.1.3
6548 silly packumentCache full:https://registry.npmjs.org/pretty-format cache-miss
6549 http fetch GET 200 https://registry.npmjs.org/pretty-format 839ms (cache revalidated)
6550 silly packumentCache full:https://registry.npmjs.org/pretty-format set size:593858 disposed:false
6551 silly placeDep ROOT @jest/schemas@28.1.3 OK for: @jest/types@28.1.3 want: ^28.1.3
6552 silly placeDep node_modules/jest-watch-typeahead @types/yargs@17.0.35 OK for: @jest/types@28.1.3 want: ^17.0.8
6553 silly fetch manifest @sinclair/typebox@^0.24.1
6554 silly packumentCache full:https://registry.npmjs.org/@sinclair%2ftypebox cache-miss
6555 http fetch GET 200 https://registry.npmjs.org/@sinclair%2ftypebox 1237ms (cache miss)
6556 silly packumentCache full:https://registry.npmjs.org/@sinclair%2ftypebox set size:undefined disposed:false
6557 silly placeDep ROOT @sinclair/typebox@0.24.51 OK for: @jest/schemas@28.1.3 want: ^0.24.1
6558 silly placeDep node_modules/jest-watch-typeahead pretty-format@28.1.3 OK for: jest-message-util@28.1.3 want: ^28.1.3
6559 silly placeDep node_modules/jest-watch-typeahead/node_modules/jest-message-util slash@3.0.0 OK for: jest-message-util@28.1.3 want: ^3.0.0
6560 silly fetch manifest react-is@^18.0.0
6561 silly packumentCache full:https://registry.npmjs.org/react-is cache-miss
6562 http fetch GET 200 https://registry.npmjs.org/react-is 376ms (cache revalidated)
6563 silly packumentCache full:https://registry.npmjs.org/react-is set size:5370826 disposed:false
6564 silly placeDep node_modules/jest-watch-typeahead ansi-styles@5.2.0 OK for: pretty-format@28.1.3 want: ^5.0.0
6565 silly placeDep node_modules/jest-watch-typeahead react-is@18.3.1 OK for: pretty-format@28.1.3 want: ^18.0.0
6566 silly placeDep node_modules/jest-watch-typeahead/node_modules/string-length char-regex@2.0.2 OK for: string-length@5.0.1 want: ^2.0.0
6567 silly placeDep node_modules/jest-watch-typeahead/node_modules/strip-ansi ansi-regex@6.2.2 OK for: strip-ansi@7.2.0 want: ^6.2.2
6568 silly placeDep node_modules/pkg-up locate-path@3.0.0 OK for: find-up@3.0.0 want: ^3.0.0
6569 silly fetch manifest p-locate@^3.0.0
6570 silly packumentCache full:https://registry.npmjs.org/p-locate cache-hit
6571 silly fetch manifest path-exists@^3.0.0
6572 silly packumentCache full:https://registry.npmjs.org/path-exists cache-miss
6573 http fetch GET 200 https://registry.npmjs.org/path-exists 247ms (cache revalidated)
6574 silly packumentCache full:https://registry.npmjs.org/path-exists set size:13704 disposed:false
6575 silly placeDep node_modules/pkg-up p-locate@3.0.0 OK for: locate-path@3.0.0 want: ^3.0.0
6576 silly placeDep node_modules/pkg-up path-exists@3.0.0 OK for: locate-path@3.0.0 want: ^3.0.0
6577 silly placeDep node_modules/postcss-svgo commander@7.2.0 OK for: svgo@2.8.2 want: ^7.2.0
6578 silly placeDep node_modules/postcss-svgo css-tree@1.1.3 OK for: svgo@2.8.2 want: ^1.1.3
6579 silly placeDep node_modules/postcss-svgo sax@1.6.0 OK for: svgo@2.8.2 want: ^1.5.0
6580 silly placeDep node_modules/postcss-svgo mdn-data@2.0.14 OK for: css-tree@1.1.3 want: 2.0.14
6581 silly placeDep node_modules/postcss-svgo source-map@0.6.1 OK for: css-tree@1.1.3 want: ^0.6.1
6582 silly placeDep node_modules/react-dev-utils locate-path@6.0.0 OK for: find-up@5.0.0 want: ^6.0.0
6583 silly placeDep node_modules/react-dev-utils p-locate@5.0.0 OK for: locate-path@6.0.0 want: ^5.0.0
6584 silly placeDep node_modules/react-dev-utils p-limit@3.1.0 OK for: p-locate@5.0.0 want: ^3.0.2
6585 silly placeDep node_modules/resolve-url-loader picocolors@0.2.1 OK for: postcss@7.0.39 want: ^0.2.1
6586 silly placeDep node_modules/schema-utils json-schema-traverse@1.0.0 OK for: ajv@8.20.0 want: ^1.0.0
6587 silly placeDep node_modules/send/node_modules/debug ms@2.0.0 OK for: debug@2.6.9 want: 2.0.0
6588 silly placeDep node_modules/serve-index ms@2.0.0 OK for: debug@2.6.9 want: 2.0.0
6589 silly placeDep node_modules/serve-index depd@1.1.2 OK for: http-errors@1.8.1 want: ~1.1.2
6590 silly placeDep node_modules/serve-index statuses@1.5.0 OK for: http-errors@1.8.1 want: >= 1.5.0 < 2
6591 silly placeDep node_modules/svgo ansi-styles@3.2.1 OK for: chalk@2.4.2 want: ^3.2.1
6592 silly placeDep node_modules/svgo escape-string-regexp@1.0.5 OK for: chalk@2.4.2 want: ^1.0.5
6593 silly placeDep node_modules/svgo supports-color@5.5.0 OK for: chalk@2.4.2 want: ^5.3.0
6594 silly placeDep node_modules/svgo color-convert@1.9.3 OK for: ansi-styles@3.2.1 want: ^1.9.0
6595 silly placeDep node_modules/svgo color-name@1.1.3 OK for: color-convert@1.9.3 want: 1.1.3
6596 silly placeDep node_modules/svgo css-what@3.4.2 OK for: css-select@2.1.0 want: ^3.2.1
6597 silly placeDep node_modules/svgo domutils@1.7.0 OK for: css-select@2.1.0 want: ^1.7.0
6598 silly placeDep node_modules/svgo nth-check@1.0.2 OK for: css-select@2.1.0 want: ^1.0.2
6599 silly fetch manifest dom-serializer@0
6600 silly packumentCache full:https://registry.npmjs.org/dom-serializer cache-miss
6601 silly fetch manifest domelementtype@1
6602 silly packumentCache full:https://registry.npmjs.org/domelementtype cache-hit
6603 http fetch GET 200 https://registry.npmjs.org/dom-serializer 247ms (cache revalidated)
6604 silly packumentCache full:https://registry.npmjs.org/dom-serializer set size:61296 disposed:false
6605 silly placeDep node_modules/svgo dom-serializer@0.2.2 OK for: domutils@1.7.0 want: 0
6606 silly placeDep node_modules/svgo/node_modules/domutils domelementtype@1.3.1 OK for: domutils@1.7.0 want: 1
6607 silly placeDep node_modules/svgo has-flag@3.0.0 OK for: supports-color@5.5.0 want: ^3.0.0
6608 silly placeDep ROOT source-list-map@2.0.1 OK for: webpack-sources@2.3.1 want: ^2.0.1
6609 silly placeDep node_modules/webpack-manifest-plugin source-map@0.6.1 OK for: webpack-sources@2.3.1 want: ^0.6.1
6610 silly placeDep node_modules/webpack estraverse@4.3.0 OK for: eslint-scope@5.1.1 want: ^4.1.1
6611 silly placeDep node_modules/workbox-build json-schema-traverse@1.0.0 OK for: ajv@8.20.0 want: ^1.0.0
6612 silly placeDep node_modules/workbox-build whatwg-url@7.1.0 OK for: source-map@0.8.0-beta.0 want: ^7.0.0
6613 silly fetch manifest tr46@^1.0.1
6614 silly packumentCache full:https://registry.npmjs.org/tr46 cache-miss
6615 silly fetch manifest lodash.sortby@^4.7.0
6616 silly packumentCache full:https://registry.npmjs.org/lodash.sortby cache-miss
6617 silly fetch manifest webidl-conversions@^4.0.2
6618 silly packumentCache full:https://registry.npmjs.org/webidl-conversions cache-hit
6619 http fetch GET 200 https://registry.npmjs.org/lodash.sortby 300ms (cache miss)
6620 silly packumentCache full:https://registry.npmjs.org/lodash.sortby set size:undefined disposed:false
6621 http fetch GET 200 https://registry.npmjs.org/tr46 744ms (cache revalidated)
6622 silly packumentCache full:https://registry.npmjs.org/tr46 set size:47377 disposed:false
6623 silly placeDep ROOT lodash.sortby@4.7.0 OK for: whatwg-url@7.1.0 want: ^4.7.0
6624 silly placeDep node_modules/workbox-build tr46@1.0.1 OK for: whatwg-url@7.1.0 want: ^1.0.1
6625 silly placeDep node_modules/workbox-build webidl-conversions@4.0.2 OK for: whatwg-url@7.1.0 want: ^4.0.2
6626 silly placeDep node_modules/workbox-webpack-plugin source-map@0.6.1 OK for: webpack-sources@1.4.3 want: ~0.6.1
6627 silly placeDep node_modules/jest-watch-typeahead/node_modules/jest-watcher strip-ansi@6.0.1 OK for: string-length@4.0.2 want: ^6.0.0
6628 verbose type system
6629 verbose stack FetchError: Invalid response body while trying to fetch https://registry.npmjs.org/rollup: read ETIMEDOUT
6629 verbose stack     at /data/data/com.termux/files/usr/lib/node_modules/npm/node_modules/minipass-fetch/lib/body.js:174:15
6629 verbose stack     at process.processTicksAndRejections (node:internal/process/task_queues:104:5)
6629 verbose stack     at async Response.json (/data/data/com.termux/files/usr/lib/node_modules/npm/node_modules/minipass-fetch/lib/body.js:75:17)
6629 verbose stack     at async RegistryFetcher.packument (/data/data/com.termux/files/usr/lib/node_modules/npm/node_modules/pacote/lib/registry.js:98:25)
6629 verbose stack     at async RegistryFetcher.manifest (/data/data/com.termux/files/usr/lib/node_modules/npm/node_modules/pacote/lib/registry.js:128:23)
6629 verbose stack     at async #fetchManifest (/data/data/com.termux/files/usr/lib/node_modules/npm/node_modules/@npmcli/arborist/lib/arborist/build-ideal-tree.js:1217:20)
6629 verbose stack     at async #nodeFromEdge (/data/data/com.termux/files/usr/lib/node_modules/npm/node_modules/@npmcli/arborist/lib/arborist/build-ideal-tree.js:1054:19)
6629 verbose stack     at async #buildDepStep (/data/data/com.termux/files/usr/lib/node_modules/npm/node_modules/@npmcli/arborist/lib/arborist/build-ideal-tree.js:917:11)
6629 verbose stack     at async Arborist.buildIdealTree (/data/data/com.termux/files/usr/lib/node_modules/npm/node_modules/@npmcli/arborist/lib/arborist/build-ideal-tree.js:170:7)
6629 verbose stack     at async Promise.all (index 1)
6630 error code ETIMEDOUT
6631 error syscall read
6632 error errno ETIMEDOUT
6633 error network Invalid response body while trying to fetch https://registry.npmjs.org/rollup: read ETIMEDOUT
6634 error network This is a problem related to network connectivity.
6634 error network In most cases you are behind a proxy or have bad network settings.
6634 error network
6634 error network If you are behind a proxy, please make sure that the 'proxy' config is set properly.  See: 'npm help config'
6635 silly unfinished npm timer reify 1777930990238
6636 silly unfinished npm timer reify:loadTrees 1777930990241
6637 verbose cwd /data/data/com.termux/files/home/nexus-ai/frontend/canvas
6638 verbose os Linux 5.4.233-android12-9-660861-g21cba50d06d5-ab550
6639 verbose node v25.8.2
6640 verbose npm  v11.13.0
6641 verbose exit 1
6642 verbose code 1
6643 error A complete log of this run can be found in: /data/data/com.termux/files/home/.npm/_logs/2026-05-04T21_43_07_108Z-debug-0.log
